vinedo_id,timestamp,temp_aire,humedad_aire,presion_atm,punto_rocio
Cuartel_Malbec_1,2026-04-20T00:00:00,9.47,79.28,912.5,6.03
Cuartel_Malbec_1,2026-04-20T01:00:00,9.04,80.68,912.0,5.85
Cuartel_Malbec_1,2026-04-20T02:00:00,8.64,81.55,911.5,5.61
Cuartel_Malbec_1,2026-04-20T03:00:00,8.56,80.54,911.4,5.34
Cuartel_Malbec_1,2026-04-20T04:00:00,8.43,79.06,911.9,4.95
Cuartel_Malbec_1,2026-04-20T05:00:00,8.26,77.78,912.7,4.55
Cuartel_Malbec_1,2026-04-20T06:00:00,8.28,75.77,913.8,4.22
Cuartel_Malbec_1,2026-04-20T07:00:00,9.38,69.79,914.8,4.11
Cuartel_Malbec_1,2026-04-20T08:00:00,10.77,64.86,915.2,4.35
Cuartel_Malbec_1,2026-04-20T09:00:00,12.08,60.69,914.8,4.62
Cuartel_Malbec_1,2026-04-20T10:00:00,13.53,56.39,914.5,4.95
Cuartel_Malbec_1,2026-04-20T11:00:00,14.67,53.56,913.8,5.27
Cuartel_Malbec_1,2026-04-20T12:00:00,15.44,51.59,913.1,5.47
Cuartel_Malbec_1,2026-04-20T13:00:00,15.59,51.22,912.5,5.5
Cuartel_Malbec_1,2026-04-20T14:00:00,15.09,52.72,912.4,5.47
Cuartel_Malbec_1,2026-04-20T15:00:00,13.94,56.72,912.8,5.44
Cuartel_Malbec_1,2026-04-20T16:00:00,12.19,63.64,913.4,5.48
Cuartel_Malbec_1,2026-04-20T17:00:00,10.28,73.12,914.2,5.65
Cuartel_Malbec_1,2026-04-20T18:00:00,9.26,78.39,915.1,5.66
Cuartel_Malbec_1,2026-04-20T19:00:00,8.63,80.81,915.8,5.5
Cuartel_Malbec_1,2026-04-20T20:00:00,8.06,83.23,916.3,5.38
Cuartel_Malbec_1,2026-04-20T21:00:00,7.41,86.47,916.7,5.29
Cuartel_Malbec_1,2026-04-20T22:00:00,6.72,90.08,916.8,5.18
Cuartel_Malbec_1,2026-04-20T23:00:00,6.23,92.25,916.7,5.04
Cuartel_Malbec_1,2026-04-21T00:00:00,5.93,93.54,916.6,4.92
Cuartel_Malbec_1,2026-04-21T01:00:00,5.96,93.15,916.2,4.89
Cuartel_Malbec_1,2026-04-21T02:00:00,6.08,92.66,915.9,4.9
Cuartel_Malbec_1,2026-04-21T03:00:00,6.18,92.17,915.9,4.92
Cuartel_Malbec_1,2026-04-21T04:00:00,6.33,91.7,916.1,4.98
Cuartel_Malbec_1,2026-04-21T05:00:00,6.62,90.97,916.5,5.11
Cuartel_Malbec_1,2026-04-21T06:00:00,6.98,89.96,916.9,5.32
Cuartel_Malbec_1,2026-04-21T07:00:00,8.16,84.38,917.3,5.59
Cuartel_Malbec_1,2026-04-21T08:00:00,9.9,75.03,917.4,5.58
Cuartel_Malbec_1,2026-04-21T09:00:00,12.63,61.87,917.0,5.38
Cuartel_Malbec_1,2026-04-21T10:00:00,15.24,51.07,916.0,5.12
Cuartel_Malbec_1,2026-04-21T11:00:00,17.12,44.65,915.0,4.95
Cuartel_Malbec_1,2026-04-21T12:00:00,18.39,40.48,914.0,4.7
Cuartel_Malbec_1,2026-04-21T13:00:00,19.14,37.87,913.1,4.43
Cuartel_Malbec_1,2026-04-21T14:00:00,19.28,36.99,912.6,4.23
Cuartel_Malbec_1,2026-04-21T15:00:00,18.67,38.29,912.5,4.19
Cuartel_Malbec_1,2026-04-21T16:00:00,16.83,43.77,912.7,4.45
Cuartel_Malbec_1,2026-04-21T17:00:00,13.6,55.03,913.3,4.75
Cuartel_Malbec_1,2026-04-21T18:00:00,12.57,58.6,913.9,4.67
Cuartel_Malbec_1,2026-04-21T19:00:00,12.07,59.85,914.2,4.5
Cuartel_Malbec_1,2026-04-21T20:00:00,11.65,61.11,914.2,4.4
Cuartel_Malbec_1,2026-04-21T21:00:00,11.04,63.62,914.0,4.39
Cuartel_Malbec_1,2026-04-21T22:00:00,10.42,66.4,913.6,4.37
Cuartel_Malbec_1,2026-04-21T23:00:00,9.78,69.39,913.2,4.36
Cuartel_Malbec_1,2026-04-22T00:00:00,9.12,72.52,912.9,4.34
Cuartel_Malbec_1,2026-04-22T01:00:00,8.58,74.92,912.5,4.24
Cuartel_Malbec_1,2026-04-22T02:00:00,8.06,76.91,912.2,4.05
Cuartel_Malbec_1,2026-04-22T03:00:00,7.65,78.13,912.3,3.84
Cuartel_Malbec_1,2026-04-22T04:00:00,7.22,79.64,912.8,3.6
Cuartel_Malbec_1,2026-04-22T05:00:00,6.93,79.7,913.5,3.23
Cuartel_Malbec_1,2026-04-22T06:00:00,7.96,73.24,914.2,2.94
Cuartel_Malbec_1,2026-04-22T07:00:00,11.82,57.95,914.9,3.48
Cuartel_Malbec_1,2026-04-22T08:00:00,15.4,45.5,915.2,2.94
Cuartel_Malbec_1,2026-04-22T09:00:00,18.41,38.0,915.3,3.27
Cuartel_Malbec_1,2026-04-22T10:00:00,20.53,33.85,915.3,3.76
Cuartel_Malbec_1,2026-04-22T11:00:00,21.85,31.94,915.0,4.23
Cuartel_Malbec_1,2026-04-22T12:00:00,22.5,30.95,914.7,4.44
Cuartel_Malbec_1,2026-04-22T13:00:00,22.6,30.44,914.6,4.35
Cuartel_Malbec_1,2026-04-22T14:00:00,22.17,30.76,914.7,4.13
Cuartel_Malbec_1,2026-04-22T15:00:00,21.18,32.28,914.9,3.98
Cuartel_Malbec_1,2026-04-22T16:00:00,18.67,40.44,915.3,4.93
Cuartel_Malbec_1,2026-04-22T17:00:00,14.94,53.52,915.9,5.58
Cuartel_Malbec_1,2026-04-22T18:00:00,13.96,57.89,916.5,5.8
Cuartel_Malbec_1,2026-04-22T19:00:00,13.24,61.18,917.0,5.91
Cuartel_Malbec_1,2026-04-22T20:00:00,12.63,63.28,917.2,5.82
Cuartel_Malbec_1,2026-04-22T21:00:00,12.12,64.61,917.1,5.59
Cuartel_Malbec_1,2026-04-22T22:00:00,11.68,65.44,916.9,5.31
Cuartel_Malbec_1,2026-04-22T23:00:00,11.24,66.25,916.5,4.99
Cuartel_Malbec_1,2026-04-23T00:00:00,10.82,66.74,916.1,4.61
Cuartel_Malbec_1,2026-04-23T01:00:00,10.42,67.11,915.5,4.17
Cuartel_Malbec_1,2026-04-23T02:00:00,9.91,68.2,915.0,3.74
Cuartel_Malbec_1,2026-04-23T03:00:00,9.48,69.56,914.6,3.49
Cuartel_Malbec_1,2026-04-23T04:00:00,9.23,70.74,914.6,3.47
Cuartel_Malbec_1,2026-04-23T05:00:00,9.16,70.83,914.7,3.36
Cuartel_Malbec_1,2026-04-23T06:00:00,9.95,67.43,915.0,3.36
Cuartel_Malbec_1,2026-04-23T07:00:00,12.83,58.39,915.3,4.26
Cuartel_Malbec_1,2026-04-23T08:00:00,16.39,49.45,915.3,5.0
Cuartel_Malbec_1,2026-04-23T09:00:00,19.78,41.77,914.8,5.76
Cuartel_Malbec_1,2026-04-23T10:00:00,21.69,37.16,914.0,5.96
Cuartel_Malbec_1,2026-04-23T11:00:00,23.05,34.43,913.1,6.23
Cuartel_Malbec_1,2026-04-23T12:00:00,23.91,32.95,912.2,6.46
Cuartel_Malbec_1,2026-04-23T13:00:00,24.26,32.43,911.4,6.59
Cuartel_Malbec_1,2026-04-23T14:00:00,24.03,33.31,911.2,6.78
Cuartel_Malbec_1,2026-04-23T15:00:00,23.07,36.07,911.3,7.13
Cuartel_Malbec_1,2026-04-23T16:00:00,20.56,44.83,911.8,8.1
Cuartel_Malbec_1,2026-04-23T17:00:00,16.86,59.2,912.5,8.83
Cuartel_Malbec_1,2026-04-23T18:00:00,16.05,63.5,913.2,9.11
Cuartel_Malbec_1,2026-04-23T19:00:00,15.1,67.52,913.6,9.07
Cuartel_Malbec_1,2026-04-23T20:00:00,14.23,70.17,913.7,8.68
Cuartel_Malbec_1,2026-04-23T21:00:00,13.66,71.24,913.7,8.1
Cuartel_Malbec_1,2026-04-23T22:00:00,13.11,72.28,913.5,7.5
Cuartel_Malbec_1,2026-04-23T23:00:00,12.52,73.1,913.2,6.78
Cuartel_Malbec_1,2026-04-24T00:00:00,12.15,72.61,912.8,5.98
Cuartel_Malbec_1,2026-04-24T01:00:00,11.84,72.39,912.4,5.42
Cuartel_Malbec_1,2026-04-24T02:00:00,11.26,74.21,911.9,5.05
Cuartel_Malbec_1,2026-04-24T03:00:00,10.62,76.52,911.8,4.71
Cuartel_Malbec_1,2026-04-24T04:00:00,10.43,77.06,912.0,4.46
Cuartel_Malbec_1,2026-04-24T05:00:00,10.47,76.54,912.5,4.33
Cuartel_Malbec_1,2026-04-24T06:00:00,10.89,74.36,913.0,4.48
Cuartel_Malbec_1,2026-04-24T07:00:00,13.95,64.22,913.4,6.15
Cuartel_Malbec_1,2026-04-24T08:00:00,17.75,51.29,913.4,5.64
Cuartel_Malbec_1,2026-04-24T09:00:00,21.12,42.61,912.9,6.55
Cuartel_Malbec_1,2026-04-24T10:00:00,23.01,37.53,912.2,7.01
Cuartel_Malbec_1,2026-04-24T11:00:00,24.28,34.31,911.5,7.18
Cuartel_Malbec_1,2026-04-24T12:00:00,25.14,31.92,910.6,7.09
Cuartel_Malbec_1,2026-04-24T13:00:00,25.39,30.99,910.0,6.96
Cuartel_Malbec_1,2026-04-24T14:00:00,24.92,31.68,910.0,6.92
Cuartel_Malbec_1,2026-04-24T15:00:00,23.71,34.43,910.5,7.09
Cuartel_Malbec_1,2026-04-24T16:00:00,21.35,41.77,911.4,7.83
Cuartel_Malbec_1,2026-04-24T17:00:00,18.2,52.31,912.5,8.28
Cuartel_Malbec_1,2026-04-24T18:00:00,16.75,55.71,913.5,7.85
Cuartel_Malbec_1,2026-04-24T19:00:00,15.7,55.38,914.3,6.73
Cuartel_Malbec_1,2026-04-24T20:00:00,14.94,52.87,915.0,5.3
Cuartel_Malbec_1,2026-04-24T21:00:00,14.01,53.15,915.3,4.58
Cuartel_Malbec_1,2026-04-24T22:00:00,13.0,55.21,915.4,4.22
Cuartel_Malbec_1,2026-04-24T23:00:00,12.25,56.56,915.3,3.89
Cuartel_Malbec_1,2026-04-25T00:00:00,11.47,57.48,915.0,3.39
Cuartel_Malbec_1,2026-04-25T01:00:00,10.6,58.6,914.8,2.81
Cuartel_Malbec_1,2026-04-25T02:00:00,9.56,61.34,914.6,2.43
Cuartel_Malbec_1,2026-04-25T03:00:00,8.78,63.11,914.7,2.01
Cuartel_Malbec_1,2026-04-25T04:00:00,8.22,64.65,915.2,1.71
Cuartel_Malbec_1,2026-04-25T05:00:00,7.73,66.74,915.7,1.59
Cuartel_Malbec_1,2026-04-25T06:00:00,8.1,65.65,916.0,1.65
Cuartel_Malbec_1,2026-04-25T07:00:00,10.75,57.43,916.3,2.43
Cuartel_Malbec_1,2026-04-25T08:00:00,14.06,45.37,916.0,2.18
Cuartel_Malbec_1,2026-04-25T09:00:00,16.84,36.7,915.3,1.7
Cuartel_Malbec_1,2026-04-25T10:00:00,18.71,32.26,914.6,1.56
Cuartel_Malbec_1,2026-04-25T11:00:00,20.08,29.4,913.5,1.45
Cuartel_Malbec_1,2026-04-25T12:00:00,21.11,27.03,912.1,1.19
Cuartel_Malbec_1,2026-04-25T13:00:00,21.55,25.77,911.0,0.95
Cuartel_Malbec_1,2026-04-25T14:00:00,21.29,25.82,910.6,0.85
Cuartel_Malbec_1,2026-04-25T15:00:00,20.35,27.18,910.7,0.77
Cuartel_Malbec_1,2026-04-25T16:00:00,17.77,33.94,910.9,1.62
Cuartel_Malbec_1,2026-04-25T17:00:00,14.31,43.87,911.3,2.11
Cuartel_Malbec_1,2026-04-25T18:00:00,13.22,46.74,911.8,1.97
Cuartel_Malbec_1,2026-04-25T19:00:00,11.99,49.85,912.0,1.66
Cuartel_Malbec_1,2026-04-25T20:00:00,11.02,52.27,912.1,1.28
Cuartel_Malbec_1,2026-04-25T21:00:00,10.11,54.6,912.1,0.85
Cuartel_Malbec_1,2026-04-25T22:00:00,9.5,55.64,912.0,0.3
Cuartel_Malbec_1,2026-04-25T23:00:00,9.36,54.18,911.8,-0.42
Cuartel_Malbec_1,2026-04-26T00:00:00,9.54,50.2,911.5,-1.42
Cuartel_Malbec_1,2026-04-26T01:00:00,9.78,46.13,911.1,-2.37
Cuartel_Malbec_1,2026-04-26T02:00:00,9.42,45.51,910.7,-2.83
Cuartel_Malbec_1,2026-04-26T03:00:00,8.59,46.96,910.7,-3.06
Cuartel_Malbec_1,2026-04-26T04:00:00,7.94,47.61,911.4,-3.42
Cuartel_Malbec_1,2026-04-26T05:00:00,7.97,43.75,912.5,-4.4
Cuartel_Malbec_1,2026-04-26T06:00:00,8.66,38.68,913.8,-4.96
Cuartel_Malbec_1,2026-04-26T07:00:00,11.33,33.71,915.3,-4.09
Cuartel_Malbec_1,2026-04-26T08:00:00,14.3,26.7,916.3,-4.67
Cuartel_Malbec_1,2026-04-26T09:00:00,16.18,25.74,916.5,-3.61
Cuartel_Malbec_1,2026-04-26T10:00:00,17.38,25.09,916.0,-2.88
Cuartel_Malbec_1,2026-04-26T11:00:00,18.17,24.2,915.3,-2.62
Cuartel_Malbec_1,2026-04-26T12:00:00,18.66,23.32,914.7,-2.64
Cuartel_Malbec_1,2026-04-26T13:00:00,18.68,23.01,914.2,-2.79
Cuartel_Malbec_1,2026-04-26T14:00:00,18.05,23.58,914.3,-3.0
Cuartel_Malbec_1,2026-04-26T15:00:00,16.49,25.58,914.9,-3.21
Cuartel_Malbec_1,2026-04-26T16:00:00,13.98,29.9,915.8,-3.26
Cuartel_Malbec_1,2026-04-26T17:00:00,10.87,37.4,916.8,-3.04
Cuartel_Malbec_1,2026-04-26T18:00:00,9.23,41.43,918.1,-3.12
Cuartel_Malbec_1,2026-04-26T19:00:00,7.95,44.67,918.9,-3.26
Cuartel_Malbec_1,2026-04-26T20:00:00,6.93,47.34,919.6,-3.43
Cuartel_Malbec_1,2026-04-26T21:00:00,6.06,49.67,920.0,-3.56
Cuartel_Malbec_1,2026-04-26T22:00:00,5.45,50.51,920.2,-3.93
Cuartel_Malbec_1,2026-04-26T23:00:00,5.03,49.82,920.1,-4.45
Cuartel_Malbec_1,2026-04-27T00:00:00,4.6,49.4,919.7,-4.98
Cuartel_Malbec_1,2026-04-27T01:00:00,4.21,48.95,919.0,-5.44
Cuartel_Malbec_1,2026-04-27T02:00:00,3.83,48.95,918.2,-5.79
Cuartel_Malbec_1,2026-04-27T03:00:00,3.35,49.85,917.6,-6.03
Cuartel_Malbec_1,2026-04-27T04:00:00,2.82,51.15,917.4,-6.17
Cuartel_Malbec_1,2026-04-27T05:00:00,2.45,52.52,917.4,-6.24
Cuartel_Malbec_1,2026-04-27T06:00:00,2.95,51.06,917.2,-6.13
Cuartel_Malbec_1,2026-04-27T07:00:00,6.72,38.92,916.8,-6.15
Cuartel_Malbec_1,2026-04-27T08:00:00,10.85,24.21,915.9,-8.4
Cuartel_Malbec_1,2026-04-27T09:00:00,14.03,20.53,914.7,-7.87
Cuartel_Malbec_1,2026-04-27T10:00:00,16.37,19.06,913.7,-6.97
Cuartel_Malbec_1,2026-04-27T11:00:00,18.06,18.03,912.9,-6.35
Cuartel_Malbec_1,2026-04-27T12:00:00,19.29,17.19,911.6,-6.0
Cuartel_Malbec_1,2026-04-27T13:00:00,20.06,16.8,910.4,-5.68
Cuartel_Malbec_1,2026-04-27T14:00:00,19.97,17.57,909.8,-5.21
Cuartel_Malbec_1,2026-04-27T15:00:00,18.49,20.23,910.1,-4.59
Cuartel_Malbec_1,2026-04-27T16:00:00,15.87,26.73,910.7,-3.14
Cuartel_Malbec_1,2026-04-27T17:00:00,14.18,31.08,911.1,-2.62
Cuartel_Malbec_1,2026-04-27T18:00:00,13.47,32.46,911.2,-2.65
Cuartel_Malbec_1,2026-04-27T19:00:00,12.72,34.89,911.3,-2.33
Cuartel_Malbec_1,2026-04-27T20:00:00,12.17,37.42,911.8,-1.9
Cuartel_Malbec_1,2026-04-27T21:00:00,11.44,41.12,912.0,-1.32
Cuartel_Malbec_1,2026-04-27T22:00:00,10.75,44.52,912.1,-0.87
Cuartel_Malbec_1,2026-04-27T23:00:00,10.47,45.81,911.9,-0.73
Cuartel_Malbec_1,2026-04-28T00:00:00,9.27,50.51,911.6,-0.53
Cuartel_Malbec_1,2026-04-28T01:00:00,8.55,53.79,911.3,-0.35
Cuartel_Malbec_1,2026-04-28T02:00:00,8.2,55.49,911.3,-0.24
Cuartel_Malbec_1,2026-04-28T03:00:00,7.2,60.76,912.2,0.06
Cuartel_Malbec_1,2026-04-28T04:00:00,6.51,64.07,913.1,0.14
Cuartel_Malbec_1,2026-04-28T05:00:00,6.5,63.09,913.5,-0.05
Cuartel_Malbec_1,2026-04-28T06:00:00,7.22,60.21,913.9,-0.02
Cuartel_Malbec_1,2026-04-28T07:00:00,11.02,46.93,914.0,0.12
Cuartel_Malbec_1,2026-04-28T08:00:00,14.21,39.49,913.6,0.56
Cuartel_Malbec_1,2026-04-28T09:00:00,17.33,32.9,912.7,0.74
Cuartel_Malbec_1,2026-04-28T10:00:00,19.78,26.98,911.5,0.14
Cuartel_Malbec_1,2026-04-28T11:00:00,21.49,23.11,910.3,-0.47
Cuartel_Malbec_1,2026-04-28T12:00:00,22.7,20.49,908.8,-1.09
Cuartel_Malbec_1,2026-04-28T13:00:00,23.39,18.92,907.5,-1.62
Cuartel_Malbec_1,2026-04-28T14:00:00,23.67,18.08,906.5,-1.97
Cuartel_Malbec_1,2026-04-28T15:00:00,22.74,19.17,905.9,-1.94
Cuartel_Malbec_1,2026-04-28T16:00:00,19.61,25.26,905.8,-0.78
Cuartel_Malbec_1,2026-04-28T17:00:00,15.65,33.58,906.1,-0.33
Cuartel_Malbec_1,2026-04-28T18:00:00,14.59,36.84,906.5,-0.02
Cuartel_Malbec_1,2026-04-28T19:00:00,14.15,39.17,906.7,0.36
Cuartel_Malbec_1,2026-04-28T20:00:00,13.67,42.36,906.8,0.95
Cuartel_Malbec_1,2026-04-28T21:00:00,12.86,46.72,907.0,1.51
Cuartel_Malbec_1,2026-04-28T22:00:00,11.95,51.04,906.8,1.88
Cuartel_Malbec_1,2026-04-28T23:00:00,11.52,53.35,906.5,2.12
Cuartel_Malbec_1,2026-04-29T00:00:00,10.43,58.53,906.9,2.43
Cuartel_Malbec_1,2026-04-29T01:00:00,9.43,64.34,907.4,2.85
Cuartel_Malbec_1,2026-04-29T02:00:00,9.36,65.18,908.1,2.96
Cuartel_Malbec_1,2026-04-29T03:00:00,9.84,62.3,908.4,2.79
Cuartel_Malbec_1,2026-04-29T04:00:00,10.52,57.61,908.7,2.36
Cuartel_Malbec_1,2026-04-29T05:00:00,10.69,54.75,909.5,1.84
Cuartel_Malbec_1,2026-04-29T06:00:00,11.14,53.08,910.4,1.84
Cuartel_Malbec_1,2026-04-29T07:00:00,14.91,43.74,911.2,2.65
Cuartel_Malbec_1,2026-04-29T08:00:00,17.53,37.47,911.8,2.78
Cuartel_Malbec_1,2026-04-29T09:00:00,19.34,34.69,912.0,3.31
Cuartel_Malbec_1,2026-04-29T10:00:00,21.17,30.92,911.8,3.31
Cuartel_Malbec_1,2026-04-29T11:00:00,23.29,25.68,911.2,2.55
Cuartel_Malbec_1,2026-04-29T12:00:00,24.15,23.83,910.4,2.22
Cuartel_Malbec_1,2026-04-29T13:00:00,24.43,23.04,909.7,1.99
Cuartel_Malbec_1,2026-04-29T14:00:00,24.18,23.18,909.1,1.86
Cuartel_Malbec_1,2026-04-29T15:00:00,23.25,24.76,908.9,2.03
Cuartel_Malbec_1,2026-04-29T16:00:00,20.31,31.46,909.0,2.86
Cuartel_Malbec_1,2026-04-29T17:00:00,16.45,41.11,909.5,3.21
Cuartel_Malbec_1,2026-04-29T18:00:00,15.31,43.92,910.1,3.11
Cuartel_Malbec_1,2026-04-29T19:00:00,14.4,45.69,910.3,2.83
Cuartel_Malbec_1,2026-04-29T20:00:00,13.67,46.98,910.2,2.55
Cuartel_Malbec_1,2026-04-29T21:00:00,12.97,48.86,909.8,2.41
Cuartel_Malbec_1,2026-04-29T22:00:00,12.13,52.01,909.3,2.43
Cuartel_Malbec_1,2026-04-29T23:00:00,11.32,55.27,908.6,2.49
Cuartel_Malbec_1,2026-04-30T00:00:00,10.73,58.0,908.0,2.52
Cuartel_Malbec_1,2026-04-30T01:00:00,10.25,60.3,907.2,2.58
Cuartel_Malbec_1,2026-04-30T02:00:00,9.82,63.09,906.6,2.81
Cuartel_Malbec_1,2026-04-30T03:00:00,9.37,66.73,906.2,3.16
Cuartel_Malbec_1,2026-04-30T04:00:00,8.95,70.9,906.0,3.62
Cuartel_Malbec_1,2026-04-30T05:00:00,8.62,75.22,906.0,4.15
Cuartel_Malbec_1,2026-04-30T06:00:00,9.06,75.3,906.3,4.6
Cuartel_Malbec_1,2026-04-30T07:00:00,12.24,63.38,906.7,5.27
Cuartel_Malbec_1,2026-04-30T08:00:00,16.11,50.18,906.7,5.46
Cuartel_Malbec_1,2026-04-30T09:00:00,19.42,41.41,906.1,5.69
Cuartel_Malbec_1,2026-04-30T10:00:00,22.07,34.82,905.3,5.62
Cuartel_Malbec_1,2026-04-30T11:00:00,24.24,28.64,904.2,4.8
Cuartel_Malbec_1,2026-04-30T12:00:00,25.66,25.19,903.1,4.21
Cuartel_Malbec_1,2026-04-30T13:00:00,26.32,23.62,902.3,3.87
Cuartel_Malbec_1,2026-04-30T14:00:00,26.26,23.4,902.1,3.69
Cuartel_Malbec_1,2026-04-30T15:00:00,25.24,25.31,902.4,3.93
Cuartel_Malbec_1,2026-04-30T16:00:00,21.72,33.81,902.9,5.06
Cuartel_Malbec_1,2026-04-30T17:00:00,18.11,44.2,903.6,5.67
Cuartel_Malbec_1,2026-04-30T18:00:00,16.79,50.12,904.4,6.2
Cuartel_Malbec_1,2026-04-30T19:00:00,15.52,55.94,904.9,6.47
Cuartel_Malbec_1,2026-04-30T20:00:00,14.76,59.87,905.1,6.58
Cuartel_Malbec_1,2026-04-30T21:00:00,13.9,64.84,905.1,6.84
Cuartel_Malbec_1,2026-04-30T22:00:00,12.99,69.78,905.2,6.93
Cuartel_Malbec_1,2026-04-30T23:00:00,12.16,74.09,905.2,6.91
Cuartel_Malbec_1,2026-05-01T00:00:00,11.31,79.12,905.1,7.03
Cuartel_Malbec_1,2026-05-01T01:00:00,10.69,83.11,905.0,7.17
Cuartel_Malbec_1,2026-05-01T02:00:00,10.16,85.52,905.0,6.98
Cuartel_Malbec_1,2026-05-01T03:00:00,10.06,81.79,905.2,6.15
Cuartel_Malbec_1,2026-05-01T04:00:00,10.36,72.3,905.9,4.67
Cuartel_Malbec_1,2026-05-01T05:00:00,10.66,62.58,906.6,3.1
Cuartel_Malbec_1,2026-05-01T06:00:00,11.59,51.47,907.8,1.45
Cuartel_Malbec_1,2026-05-01T07:00:00,15.51,36.47,909.0,0.48
Cuartel_Malbec_1,2026-05-01T08:00:00,18.43,30.95,909.9,0.62
Cuartel_Malbec_1,2026-05-01T09:00:00,20.48,24.83,910.0,-0.55
Cuartel_Malbec_1,2026-05-01T10:00:00,22.11,22.25,909.9,-0.57
Cuartel_Malbec_1,2026-05-01T11:00:00,23.15,22.78,909.9,0.6
Cuartel_Malbec_1,2026-05-01T12:00:00,23.72,24.34,909.7,1.98
Cuartel_Malbec_1,2026-05-01T13:00:00,23.84,25.05,909.8,2.49
Cuartel_Malbec_1,2026-05-01T14:00:00,23.36,25.34,910.2,2.26
Cuartel_Malbec_1,2026-05-01T15:00:00,22.01,26.2,910.9,1.69
Cuartel_Malbec_1,2026-05-01T16:00:00,19.29,30.19,912.4,1.4
Cuartel_Malbec_1,2026-05-01T17:00:00,15.85,38.08,914.4,1.6
Cuartel_Malbec_1,2026-05-01T18:00:00,14.06,42.81,916.0,1.61
Cuartel_Malbec_1,2026-05-01T19:00:00,12.59,47.0,917.5,1.58
Cuartel_Malbec_1,2026-05-01T20:00:00,11.44,50.88,918.8,1.62
Cuartel_Malbec_1,2026-05-01T21:00:00,10.51,54.79,920.2,1.8
Cuartel_Malbec_1,2026-05-01T22:00:00,9.61,58.74,921.1,1.93
Cuartel_Malbec_1,2026-05-01T23:00:00,8.81,62.31,921.8,2.0
Cuartel_Malbec_1,2026-05-02T00:00:00,8.16,65.54,922.1,2.07
Cuartel_Malbec_1,2026-05-02T01:00:00,7.4,68.47,922.2,1.97
Cuartel_Malbec_1,2026-05-02T02:00:00,6.58,70.33,922.5,1.55
Cuartel_Malbec_1,2026-05-02T03:00:00,5.75,70.33,922.7,0.75
Cuartel_Malbec_1,2026-05-02T04:00:00,5.2,68.42,923.0,-0.2
Cuartel_Malbec_1,2026-05-02T05:00:00,4.79,66.83,923.4,-0.94
Cuartel_Malbec_1,2026-05-02T06:00:00,4.91,63.23,923.8,-1.62
Cuartel_Malbec_1,2026-05-02T07:00:00,7.84,45.54,924.1,-3.26
Cuartel_Malbec_1,2026-05-02T08:00:00,11.02,30.0,923.9,-5.71
Cuartel_Malbec_1,2026-05-02T09:00:00,13.57,22.78,923.1,-7.0
Cuartel_Malbec_1,2026-05-02T10:00:00,15.32,19.89,922.1,-7.26
Cuartel_Malbec_1,2026-05-02T11:00:00,16.61,18.76,920.9,-6.93
Cuartel_Malbec_1,2026-05-02T12:00:00,17.58,18.5,919.6,-6.38
Cuartel_Malbec_1,2026-05-02T13:00:00,18.19,18.77,918.6,-5.72
Cuartel_Malbec_1,2026-05-02T14:00:00,18.25,19.81,918.0,-5.05
Cuartel_Malbec_1,2026-05-02T15:00:00,17.52,21.98,917.8,-4.31
Cuartel_Malbec_1,2026-05-02T16:00:00,15.07,27.84,917.8,-3.3
Cuartel_Malbec_1,2026-05-02T17:00:00,11.84,36.28,918.0,-2.58
Cuartel_Malbec_1,2026-05-02T18:00:00,11.13,38.81,918.1,-2.32
Cuartel_Malbec_1,2026-05-02T19:00:00,10.79,40.15,918.0,-2.19
Cuartel_Malbec_1,2026-05-02T20:00:00,10.56,41.33,917.5,-2.03
Cuartel_Malbec_1,2026-05-02T21:00:00,10.27,43.63,916.9,-1.58
Cuartel_Malbec_1,2026-05-02T22:00:00,9.91,48.37,916.0,-0.61
Cuartel_Malbec_1,2026-05-02T23:00:00,9.61,55.3,915.1,0.79
Cuartel_Malbec_1,2026-05-03T00:00:00,9.34,63.1,914.2,2.18
Cuartel_Malbec_1,2026-05-03T01:00:00,8.72,68.45,913.3,2.65
Cuartel_Malbec_1,2026-05-03T02:00:00,8.2,68.71,912.5,2.24
Cuartel_Malbec_1,2026-05-03T03:00:00,7.66,66.52,912.1,1.38
Cuartel_Malbec_1,2026-05-03T04:00:00,7.06,65.25,912.0,0.58
Cuartel_Malbec_1,2026-05-03T05:00:00,6.46,65.3,912.3,0.03
Cuartel_Malbec_1,2026-05-03T06:00:00,6.59,63.21,912.2,-0.3
Cuartel_Malbec_1,2026-05-03T07:00:00,9.86,51.68,912.0,0.2
Cuartel_Malbec_1,2026-05-03T08:00:00,13.59,39.53,911.7,-0.13
Cuartel_Malbec_1,2026-05-03T09:00:00,16.93,31.65,911.2,-0.34
Cuartel_Malbec_1,2026-05-03T10:00:00,19.8,26.54,910.3,-0.27
Cuartel_Malbec_1,2026-05-03T11:00:00,22.2,22.86,909.1,-0.23
Cuartel_Malbec_1,2026-05-03T12:00:00,23.8,20.49,908.1,-0.35
Cuartel_Malbec_1,2026-05-03T13:00:00,24.58,19.26,907.5,-0.52
Cuartel_Malbec_1,2026-05-03T14:00:00,24.43,19.38,907.2,-0.56
Cuartel_Malbec_1,2026-05-03T15:00:00,23.34,21.19,907.3,-0.22
Cuartel_Malbec_1,2026-05-03T16:00:00,19.7,28.9,907.6,1.1
Cuartel_Malbec_1,2026-05-03T17:00:00,16.32,36.31,908.1,1.27
Cuartel_Malbec_1,2026-05-03T18:00:00,14.77,41.17,908.7,1.53
Cuartel_Malbec_1,2026-05-03T19:00:00,13.63,45.27,909.0,1.72
Cuartel_Malbec_1,2026-05-03T20:00:00,13.33,47.0,908.7,1.89
Cuartel_Malbec_1,2026-05-03T21:00:00,12.56,49.22,908.5,1.73
Cuartel_Malbec_1,2026-05-03T22:00:00,11.22,52.77,908.1,1.39
Cuartel_Malbec_1,2026-05-03T23:00:00,10.67,53.24,907.5,1.0
Cuartel_Malbec_1,2026-05-04T00:00:00,10.6,53.13,907.3,0.9
Cuartel_Malbec_1,2026-05-04T01:00:00,10.04,56.21,907.2,1.17
Cuartel_Malbec_1,2026-05-04T02:00:00,9.12,61.19,907.4,1.5
Cuartel_Malbec_1,2026-05-04T03:00:00,8.73,63.72,907.4,1.7
Cuartel_Malbec_1,2026-05-04T04:00:00,8.65,63.69,907.5,1.62
Cuartel_Malbec_1,2026-05-04T05:00:00,8.21,64.45,907.9,1.36
Cuartel_Malbec_1,2026-05-04T06:00:00,8.49,62.74,908.3,1.28
Cuartel_Malbec_1,2026-05-04T07:00:00,12.24,50.18,908.7,1.92
Cuartel_Malbec_1,2026-05-04T08:00:00,16.24,37.55,908.8,1.42
Cuartel_Malbec_1,2026-05-04T09:00:00,19.38,30.41,908.4,1.2
Cuartel_Malbec_1,2026-05-04T10:00:00,21.64,26.37,907.7,1.28
Cuartel_Malbec_1,2026-05-04T11:00:00,23.49,22.94,906.6,1.0
Cuartel_Malbec_1,2026-05-04T12:00:00,24.74,21.03,905.5,0.87
Cuartel_Malbec_1,2026-05-04T13:00:00,25.02,20.61,904.6,0.81
Cuartel_Malbec_1,2026-05-04T14:00:00,24.69,21.01,904.3,0.79
Cuartel_Malbec_1,2026-05-04T15:00:00,23.87,22.56,904.3,1.1
Cuartel_Malbec_1,2026-05-04T16:00:00,20.36,29.94,904.4,2.16
Cuartel_Malbec_1,2026-05-04T17:00:00,17.11,36.63,904.9,2.11
Cuartel_Malbec_1,2026-05-04T18:00:00,15.95,39.95,905.6,2.23
Cuartel_Malbec_1,2026-05-04T19:00:00,14.78,44.23,906.4,2.53
Cuartel_Malbec_1,2026-05-04T20:00:00,13.86,48.26,907.1,2.86
Cuartel_Malbec_1,2026-05-04T21:00:00,13.17,51.64,907.4,3.12
Cuartel_Malbec_1,2026-05-04T22:00:00,12.66,53.89,907.5,3.24
Cuartel_Malbec_1,2026-05-04T23:00:00,12.34,54.84,907.6,3.16
Cuartel_Malbec_1,2026-05-05T00:00:00,12.11,54.76,907.7,2.9
Cuartel_Malbec_1,2026-05-05T01:00:00,12.11,53.64,907.8,2.58
Cuartel_Malbec_1,2026-05-05T02:00:00,11.93,53.97,907.8,2.48
Cuartel_Malbec_1,2026-05-05T03:00:00,11.29,56.42,908.0,2.46
Cuartel_Malbec_1,2026-05-05T04:00:00,10.45,59.91,908.2,2.46
Cuartel_Malbec_1,2026-05-05T05:00:00,9.46,64.54,908.6,2.54
Cuartel_Malbec_1,2026-05-05T06:00:00,9.56,64.76,909.2,2.69
Cuartel_Malbec_1,2026-05-05T07:00:00,13.02,53.83,909.7,3.62
Cuartel_Malbec_1,2026-05-05T08:00:00,16.83,41.97,909.9,3.42
Cuartel_Malbec_1,2026-05-05T09:00:00,19.88,35.02,909.6,3.65
Cuartel_Malbec_1,2026-05-05T10:00:00,22.01,31.08,908.9,3.93
Cuartel_Malbec_1,2026-05-05T11:00:00,23.37,29.1,908.0,4.22
Cuartel_Malbec_1,2026-05-05T12:00:00,24.25,27.91,907.2,4.42
Cuartel_Malbec_1,2026-05-05T13:00:00,24.66,27.45,906.6,4.56
Cuartel_Malbec_1,2026-05-05T14:00:00,24.35,28.43,906.4,4.82
Cuartel_Malbec_1,2026-05-05T15:00:00,23.26,31.32,906.5,5.29
Cuartel_Malbec_1,2026-05-05T16:00:00,19.8,41.05,907.0,6.15
Cuartel_Malbec_1,2026-05-05T17:00:00,16.72,50.98,907.6,6.5
Cuartel_Malbec_1,2026-05-05T18:00:00,15.88,53.18,908.3,6.3
Cuartel_Malbec_1,2026-05-05T19:00:00,14.89,54.99,908.8,5.82
Cuartel_Malbec_1,2026-05-05T20:00:00,13.93,56.8,909.0,5.34
Cuartel_Malbec_1,2026-05-05T21:00:00,13.05,59.37,908.8,5.05
Cuartel_Malbec_1,2026-05-05T22:00:00,12.42,62.15,908.5,4.97
Cuartel_Malbec_1,2026-05-05T23:00:00,11.94,64.62,907.9,4.96
Cuartel_Malbec_1,2026-05-06T00:00:00,11.45,67.0,907.0,4.95
Cuartel_Malbec_1,2026-05-06T01:00:00,11.08,68.18,906.3,4.77
Cuartel_Malbec_1,2026-05-06T02:00:00,10.76,68.71,905.8,4.55
Cuartel_Malbec_1,2026-05-06T03:00:00,10.4,69.32,905.4,4.36
Cuartel_Malbec_1,2026-05-06T04:00:00,9.96,69.16,905.5,3.96
Cuartel_Malbec_1,2026-05-06T05:00:00,9.75,66.33,905.7,3.23
Cuartel_Malbec_1,2026-05-06T06:00:00,10.26,61.32,905.7,2.71
Cuartel_Malbec_1,2026-05-06T07:00:00,13.9,49.23,905.4,3.15
Cuartel_Malbec_1,2026-05-06T08:00:00,17.55,40.53,905.0,3.39
Cuartel_Malbec_1,2026-05-06T09:00:00,21.37,31.03,904.3,2.46
Cuartel_Malbec_1,2026-05-06T10:00:00,24.94,20.36,903.4,-0.66
Cuartel_Malbec_1,2026-05-06T11:00:00,27.57,12.32,902.2,-4.72
Cuartel_Malbec_1,2026-05-06T12:00:00,28.94,7.61,901.5,-8.74
Cuartel_Malbec_1,2026-05-06T13:00:00,28.84,6.09,901.2,-11.01
Cuartel_Malbec_1,2026-05-06T14:00:00,27.6,6.86,901.6,-10.61
Cuartel_Malbec_1,2026-05-06T15:00:00,25.3,8.85,902.4,-9.43
Cuartel_Malbec_1,2026-05-06T16:00:00,20.54,14.86,903.0,-6.85
Cuartel_Malbec_1,2026-05-06T17:00:00,16.62,22.22,903.4,-4.88
Cuartel_Malbec_1,2026-05-06T18:00:00,16.07,24.05,903.7,-4.36
Cuartel_Malbec_1,2026-05-06T19:00:00,15.87,24.84,903.5,-4.11
Cuartel_Malbec_1,2026-05-06T20:00:00,15.85,24.79,903.5,-4.12
Cuartel_Malbec_1,2026-05-06T21:00:00,15.1,26.19,903.8,-4.06
Cuartel_Malbec_1,2026-05-06T22:00:00,13.82,28.57,904.7,-4.05
Cuartel_Malbec_1,2026-05-06T23:00:00,12.55,38.45,905.8,-1.53
Cuartel_Malbec_1,2026-05-07T00:00:00,11.19,56.38,906.6,2.48
Cuartel_Malbec_1,2026-05-07T01:00:00,10.79,65.78,907.3,4.32
Cuartel_Malbec_1,2026-05-07T02:00:00,10.67,68.73,908.0,4.85
Cuartel_Malbec_1,2026-05-07T03:00:00,10.01,70.22,908.5,4.47
Cuartel_Malbec_1,2026-05-07T04:00:00,9.04,69.18,908.8,3.33
Cuartel_Malbec_1,2026-05-07T05:00:00,7.65,68.47,909.7,1.79
Cuartel_Malbec_1,2026-05-07T06:00:00,7.35,65.14,910.6,0.67
Cuartel_Malbec_1,2026-05-07T07:00:00,11.14,47.19,911.2,-0.32
Cuartel_Malbec_1,2026-05-07T08:00:00,14.4,32.7,911.4,-2.49
Cuartel_Malbec_1,2026-05-07T09:00:00,16.77,25.32,910.9,-3.56
Cuartel_Malbec_1,2026-05-07T10:00:00,18.48,21.48,910.0,-4.08
Cuartel_Malbec_1,2026-05-07T11:00:00,19.72,18.34,909.2,-5.04
Cuartel_Malbec_1,2026-05-07T12:00:00,20.67,15.73,908.3,-6.27
Cuartel_Malbec_1,2026-05-07T13:00:00,21.21,13.99,908.0,-7.26
Cuartel_Malbec_1,2026-05-07T14:00:00,21.15,13.12,907.8,-8.08
Cuartel_Malbec_1,2026-05-07T15:00:00,20.28,13.04,907.7,-8.69
Cuartel_Malbec_1,2026-05-07T16:00:00,16.41,18.89,907.8,-7.1
Cuartel_Malbec_1,2026-05-07T17:00:00,13.68,21.51,908.4,-7.64
Cuartel_Malbec_1,2026-05-07T18:00:00,12.24,23.56,909.3,-7.66
Cuartel_Malbec_1,2026-05-07T19:00:00,10.82,27.03,910.1,-7.1
Cuartel_Malbec_1,2026-05-07T20:00:00,9.83,29.73,910.6,-6.75
Cuartel_Malbec_1,2026-05-07T21:00:00,8.7,32.37,911.2,-6.66
Cuartel_Malbec_1,2026-05-07T22:00:00,7.92,34.43,912.0,-6.59
Cuartel_Malbec_1,2026-05-07T23:00:00,6.9,36.94,912.4,-6.59
Cuartel_Malbec_1,2026-05-08T00:00:00,5.94,39.61,912.2,-6.5
Cuartel_Malbec_1,2026-05-08T01:00:00,5.36,41.55,911.9,-6.42
Cuartel_Malbec_1,2026-05-08T02:00:00,4.87,43.16,911.8,-6.4
Cuartel_Malbec_1,2026-05-08T03:00:00,4.4,44.6,911.7,-6.4
Cuartel_Malbec_1,2026-05-08T04:00:00,4.0,46.05,911.7,-6.35
Cuartel_Malbec_1,2026-05-08T05:00:00,3.76,47.21,911.9,-6.26
Cuartel_Malbec_1,2026-05-08T06:00:00,3.97,47.07,912.2,-6.15
Cuartel_Malbec_1,2026-05-08T07:00:00,6.92,39.52,912.3,-5.75
Cuartel_Malbec_1,2026-05-08T08:00:00,10.12,31.91,911.8,-5.74
Cuartel_Malbec_1,2026-05-08T09:00:00,12.83,26.24,910.5,-5.95
Cuartel_Malbec_1,2026-05-08T10:00:00,15.08,22.38,909.0,-6.13
Cuartel_Malbec_1,2026-05-08T11:00:00,16.93,19.7,907.4,-6.25
Cuartel_Malbec_1,2026-05-08T12:00:00,18.48,17.63,905.8,-6.37
Cuartel_Malbec_1,2026-05-08T13:00:00,19.55,16.34,904.7,-6.44
Cuartel_Malbec_1,2026-05-08T14:00:00,19.99,15.83,903.9,-6.51
Cuartel_Malbec_1,2026-05-08T15:00:00,19.37,16.64,903.6,-6.36
Cuartel_Malbec_1,2026-05-08T16:00:00,15.69,22.96,904.7,-5.21
Cuartel_Malbec_1,2026-05-08T17:00:00,12.53,31.5,908.2,-3.87
Cuartel_Malbec_1,2026-05-08T18:00:00,8.64,56.44,913.2,0.34
Cuartel_Malbec_1,2026-05-08T19:00:00,5.42,76.68,916.3,1.64
Cuartel_Malbec_1,2026-05-08T20:00:00,4.66,76.52,917.9,0.9
Cuartel_Malbec_1,2026-05-08T21:00:00,4.72,72.51,919.1,0.21
Cuartel_Malbec_1,2026-05-08T22:00:00,4.89,67.63,919.8,-0.59
Cuartel_Malbec_1,2026-05-08T23:00:00,4.18,66.46,920.1,-1.52
Cuartel_Malbec_1,2026-05-09T00:00:00,3.95,63.92,920.3,-2.29
Cuartel_Malbec_1,2026-05-09T01:00:00,4.02,61.98,920.3,-2.64
Cuartel_Malbec_1,2026-05-09T02:00:00,3.94,62.33,920.3,-2.65
Cuartel_Malbec_1,2026-05-09T03:00:00,3.81,63.1,920.5,-2.56
Cuartel_Malbec_1,2026-05-09T04:00:00,3.63,64.12,920.8,-2.52
Cuartel_Malbec_1,2026-05-09T05:00:00,3.49,64.79,921.3,-2.48
Cuartel_Malbec_1,2026-05-09T06:00:00,3.8,63.25,922.0,-2.51
Cuartel_Malbec_1,2026-05-09T07:00:00,6.04,52.4,922.7,-2.91
Cuartel_Malbec_1,2026-05-09T08:00:00,8.34,41.95,923.0,-3.76
Cuartel_Malbec_1,2026-05-09T09:00:00,10.18,37.04,922.8,-3.76
Cuartel_Malbec_1,2026-05-09T10:00:00,11.7,33.46,922.2,-3.77
Cuartel_Malbec_1,2026-05-09T11:00:00,12.85,30.6,921.3,-3.93
Cuartel_Malbec_1,2026-05-09T12:00:00,13.64,28.46,920.4,-4.19
Cuartel_Malbec_1,2026-05-09T13:00:00,14.03,27.09,919.9,-4.49
Cuartel_Malbec_1,2026-05-09T14:00:00,13.9,26.76,919.8,-4.75
Cuartel_Malbec_1,2026-05-09T15:00:00,13.15,27.81,919.9,-4.86
Cuartel_Malbec_1,2026-05-09T16:00:00,10.52,34.13,919.9,-4.5
Cuartel_Malbec_1,2026-05-09T17:00:00,7.67,42.21,919.8,-4.23
Cuartel_Malbec_1,2026-05-09T18:00:00,6.83,45.31,920.0,-4.06
Cuartel_Malbec_1,2026-05-09T19:00:00,6.12,48.06,920.1,-3.95
Cuartel_Malbec_1,2026-05-09T20:00:00,5.59,50.35,920.3,-3.84
Cuartel_Malbec_1,2026-05-09T21:00:00,4.85,53.52,920.2,-3.72
Cuartel_Malbec_1,2026-05-09T22:00:00,4.07,56.71,920.2,-3.7
Cuartel_Malbec_1,2026-05-09T23:00:00,3.5,59.03,920.1,-3.72
Cuartel_Malbec_1,2026-05-10T00:00:00,3.06,60.68,919.7,-3.77
Cuartel_Malbec_1,2026-05-10T01:00:00,2.92,60.66,919.2,-3.94
Cuartel_Malbec_1,2026-05-10T02:00:00,2.99,59.35,918.7,-4.21
Cuartel_Malbec_1,2026-05-10T03:00:00,2.9,58.93,918.3,-4.46
Cuartel_Malbec_1,2026-05-10T04:00:00,2.81,58.3,917.9,-4.77
Cuartel_Malbec_1,2026-05-10T05:00:00,2.95,56.53,917.5,-5.14
Cuartel_Malbec_1,2026-05-10T06:00:00,3.39,54.23,917.5,-5.32
Cuartel_Malbec_1,2026-05-10T07:00:00,6.15,46.13,917.8,-4.69
Cuartel_Malbec_1,2026-05-10T08:00:00,9.54,36.74,917.9,-4.68
Cuartel_Malbec_1,2026-05-10T09:00:00,12.95,29.2,917.8,-4.67
Cuartel_Malbec_1,2026-05-10T10:00:00,15.86,24.26,917.4,-4.54
Cuartel_Malbec_1,2026-05-10T11:00:00,18.32,20.4,917.1,-4.68
Cuartel_Malbec_1,2026-05-10T12:00:00,19.5,18.88,916.9,-4.68
Cuartel_Malbec_1,2026-05-10T13:00:00,19.96,18.28,916.6,-4.72
Cuartel_Malbec_1,2026-05-10T14:00:00,19.74,18.34,916.7,-4.85
Cuartel_Malbec_1,2026-05-10T15:00:00,18.59,19.92,917.0,-4.71
Cuartel_Malbec_1,2026-05-10T16:00:00,14.39,27.47,917.4,-4.01
Cuartel_Malbec_1,2026-05-10T17:00:00,11.24,33.67,917.8,-4.05
Cuartel_Malbec_1,2026-05-10T18:00:00,10.09,36.61,918.3,-3.95
Cuartel_Malbec_1,2026-05-10T19:00:00,9.14,39.42,918.5,-3.85
Cuartel_Malbec_1,2026-05-10T20:00:00,8.42,41.64,918.4,-3.8
Cuartel_Malbec_1,2026-05-10T21:00:00,7.75,43.84,917.9,-3.77
Cuartel_Malbec_1,2026-05-10T22:00:00,7.28,45.39,917.3,-3.8
Cuartel_Malbec_1,2026-05-10T23:00:00,6.95,46.25,916.8,-3.91
Cuartel_Malbec_1,2026-05-11T00:00:00,6.61,47.17,916.2,-4.07
Cuartel_Malbec_1,2026-05-11T01:00:00,6.19,48.21,915.6,-4.23
Cuartel_Malbec_1,2026-05-11T02:00:00,5.69,49.88,915.0,-4.32
Cuartel_Malbec_1,2026-05-11T03:00:00,5.2,51.59,914.7,-4.42
Cuartel_Malbec_1,2026-05-11T04:00:00,4.9,52.33,914.5,-4.57
Cuartel_Malbec_1,2026-05-11T05:00:00,4.75,52.38,914.6,-4.74
Cuartel_Malbec_1,2026-05-11T06:00:00,4.99,50.85,914.9,-4.85
Cuartel_Malbec_1,2026-05-11T07:00:00,7.97,42.92,915.2,-4.06
Cuartel_Malbec_1,2026-05-11T08:00:00,11.98,33.54,915.2,-3.66
Cuartel_Malbec_1,2026-05-11T09:00:00,15.94,24.15,914.9,-4.74
Cuartel_Malbec_1,2026-05-11T10:00:00,19.06,20.01,914.3,-4.54
Cuartel_Malbec_1,2026-05-11T11:00:00,21.51,16.5,913.5,-4.91
Cuartel_Malbec_1,2026-05-11T12:00:00,23.27,14.05,912.5,-5.51
Cuartel_Malbec_1,2026-05-11T13:00:00,24.1,12.96,911.9,-5.86
Cuartel_Malbec_1,2026-05-11T14:00:00,23.9,13.16,911.7,-5.81
Cuartel_Malbec_1,2026-05-11T15:00:00,22.45,15.18,911.8,-5.15
Cuartel_Malbec_1,2026-05-11T16:00:00,17.31,23.55,912.3,-3.63
Cuartel_Malbec_1,2026-05-11T17:00:00,14.3,28.12,912.9,-3.82
Cuartel_Malbec_1,2026-05-11T18:00:00,12.96,31.1,913.5,-3.68
Cuartel_Malbec_1,2026-05-11T19:00:00,12.22,33.07,913.9,-3.55
Cuartel_Malbec_1,2026-05-11T20:00:00,11.84,34.23,914.0,-3.53
Cuartel_Malbec_1,2026-05-11T21:00:00,11.84,33.91,914.0,-3.78
Cuartel_Malbec_1,2026-05-11T22:00:00,12.09,32.31,913.8,-4.28
Cuartel_Malbec_1,2026-05-11T23:00:00,12.1,30.32,913.6,-5.12
Cuartel_Malbec_1,2026-05-12T00:00:00,11.66,29.18,913.4,-5.99
Cuartel_Malbec_1,2026-05-12T01:00:00,10.59,29.83,913.2,-6.54
Cuartel_Malbec_1,2026-05-12T02:00:00,9.5,30.98,913.1,-6.92
Cuartel_Malbec_1,2026-05-12T03:00:00,8.92,31.19,913.2,-7.24
Cuartel_Malbec_1,2026-05-12T04:00:00,9.22,29.32,913.5,-7.74
Cuartel_Malbec_1,2026-05-12T05:00:00,9.56,28.05,913.9,-7.98
Cuartel_Malbec_1,2026-05-12T06:00:00,9.61,27.49,914.5,-8.17
Cuartel_Malbec_1,2026-05-12T07:00:00,13.02,24.87,915.1,-6.53
Cuartel_Malbec_1,2026-05-12T08:00:00,17.6,17.01,915.4,-7.53
Cuartel_Malbec_1,2026-05-12T09:00:00,20.95,16.11,915.2,-5.64
Cuartel_Malbec_1,2026-05-12T10:00:00,23.06,16.33,914.5,-3.87
Cuartel_Malbec_1,2026-05-12T11:00:00,24.32,16.51,913.4,-2.74
Cuartel_Malbec_1,2026-05-12T12:00:00,25.11,16.47,912.3,-2.13
Cuartel_Malbec_1,2026-05-12T13:00:00,25.33,16.51,911.5,-1.88
Cuartel_Malbec_1,2026-05-12T14:00:00,24.88,17.09,911.1,-1.77
Cuartel_Malbec_1,2026-05-12T15:00:00,23.31,19.95,911.2,-0.93
Cuartel_Malbec_1,2026-05-12T16:00:00,18.08,30.01,911.7,0.23
Cuartel_Malbec_1,2026-05-12T17:00:00,15.74,34.52,912.5,0.08
Cuartel_Malbec_1,2026-05-12T18:00:00,14.6,37.97,913.3,0.36
Cuartel_Malbec_1,2026-05-12T19:00:00,13.41,41.9,913.9,0.56
Cuartel_Malbec_1,2026-05-12T20:00:00,12.36,46.75,914.5,0.93
Cuartel_Malbec_1,2026-05-12T21:00:00,11.45,52.81,915.1,1.64
Cuartel_Malbec_1,2026-05-12T22:00:00,10.81,58.61,915.4,2.47
Cuartel_Malbec_1,2026-05-12T23:00:00,10.26,63.01,915.2,2.92
Cuartel_Malbec_1,2026-05-13T00:00:00,9.52,66.91,914.6,2.99
Cuartel_Malbec_1,2026-05-13T01:00:00,8.86,69.91,913.9,2.79
Cuartel_Malbec_1,2026-05-13T02:00:00,8.39,71.86,913.3,2.54
Cuartel_Malbec_1,2026-05-13T03:00:00,8.12,73.17,913.1,2.39
Cuartel_Malbec_1,2026-05-13T04:00:00,7.97,74.06,913.2,2.34
Cuartel_Malbec_1,2026-05-13T05:00:00,7.91,74.91,913.1,2.38
Cuartel_Malbec_1,2026-05-13T06:00:00,8.16,74.04,913.0,2.48
Cuartel_Malbec_1,2026-05-13T07:00:00,11.21,61.3,912.9,3.01
Cuartel_Malbec_1,2026-05-13T08:00:00,14.68,51.36,912.7,4.11
Cuartel_Malbec_1,2026-05-13T09:00:00,17.77,41.94,912.3,4.02
Cuartel_Malbec_1,2026-05-13T10:00:00,19.99,35.93,911.9,4.07
Cuartel_Malbec_1,2026-05-13T11:00:00,21.36,31.97,911.3,3.75
Cuartel_Malbec_1,2026-05-13T12:00:00,22.46,28.42,910.4,3.11
Cuartel_Malbec_1,2026-05-13T13:00:00,23.55,25.09,909.7,2.33
Cuartel_Malbec_1,2026-05-13T14:00:00,23.72,23.58,909.2,1.62
Cuartel_Malbec_1,2026-05-13T15:00:00,22.66,24.67,909.3,1.42
Cuartel_Malbec_1,2026-05-13T16:00:00,18.27,32.78,909.9,1.65
Cuartel_Malbec_1,2026-05-13T17:00:00,15.51,37.85,910.5,1.2
Cuartel_Malbec_1,2026-05-13T18:00:00,14.92,38.74,911.2,0.99
Cuartel_Malbec_1,2026-05-13T19:00:00,14.11,40.66,911.7,0.91
Cuartel_Malbec_1,2026-05-13T20:00:00,13.81,41.76,912.1,0.95
Cuartel_Malbec_1,2026-05-13T21:00:00,13.34,43.54,912.2,1.06
Cuartel_Malbec_1,2026-05-13T22:00:00,12.91,46.25,912.4,1.44
Cuartel_Malbec_1,2026-05-13T23:00:00,12.24,52.14,912.7,2.43
Cuartel_Malbec_1,2026-05-14T00:00:00,11.16,62.17,913.0,3.75
Cuartel_Malbec_1,2026-05-14T01:00:00,10.04,72.81,913.3,4.78
Cuartel_Malbec_1,2026-05-14T02:00:00,9.27,79.69,913.5,5.22
Cuartel_Malbec_1,2026-05-14T03:00:00,9.02,83.1,913.8,5.58
Cuartel_Malbec_1,2026-05-14T04:00:00,9.07,83.75,914.3,5.81
Cuartel_Malbec_1,2026-05-14T05:00:00,9.25,82.69,915.2,5.87
Cuartel_Malbec_1,2026-05-14T06:00:00,9.33,82.58,916.1,6.0
Cuartel_Malbec_1,2026-05-14T07:00:00,10.37,78.7,916.8,6.4
Cuartel_Malbec_1,2026-05-14T08:00:00,12.62,68.24,917.2,6.55
Cuartel_Malbec_1,2026-05-14T09:00:00,15.0,57.42,917.1,6.38
Cuartel_Malbec_1,2026-05-14T10:00:00,16.8,50.39,916.7,6.28
Cuartel_Malbec_1,2026-05-14T11:00:00,18.04,45.84,915.9,6.12
Cuartel_Malbec_1,2026-05-14T12:00:00,18.77,42.68,915.1,5.79
Cuartel_Malbec_1,2026-05-14T13:00:00,18.92,40.78,914.4,5.31
Cuartel_Malbec_1,2026-05-14T14:00:00,18.65,40.17,914.1,4.86
Cuartel_Malbec_1,2026-05-14T15:00:00,17.84,41.26,913.9,4.51
Cuartel_Malbec_1,2026-05-14T16:00:00,15.67,46.7,913.8,4.32
Cuartel_Malbec_1,2026-05-14T17:00:00,12.86,54.75,914.0,3.99
Cuartel_Malbec_1,2026-05-14T18:00:00,12.11,55.77,914.2,3.55
Cuartel_Malbec_1,2026-05-14T19:00:00,11.55,56.16,914.2,3.09
Cuartel_Malbec_1,2026-05-14T20:00:00,10.99,56.82,913.8,2.7
Cuartel_Malbec_1,2026-05-14T21:00:00,10.42,57.95,913.5,2.37
Cuartel_Malbec_1,2026-05-14T22:00:00,9.87,59.5,913.1,2.14
Cuartel_Malbec_1,2026-05-14T23:00:00,9.24,62.06,912.8,2.05
Cuartel_Malbec_1,2026-05-15T00:00:00,8.59,65.73,912.4,2.18
Cuartel_Malbec_1,2026-05-15T01:00:00,8.0,70.16,912.1,2.47
Cuartel_Malbec_1,2026-05-15T02:00:00,7.81,73.66,911.7,2.92
Cuartel_Malbec_1,2026-05-15T03:00:00,7.96,75.88,911.5,3.48
Cuartel_Malbec_1,2026-05-15T04:00:00,7.92,78.54,911.5,3.95
Cuartel_Malbec_1,2026-05-15T05:00:00,7.6,81.81,911.5,4.27
Cuartel_Malbec_1,2026-05-15T06:00:00,7.49,83.01,911.7,4.41
Cuartel_Malbec_1,2026-05-15T07:00:00,9.33,74.39,911.9,4.71
Cuartel_Malbec_1,2026-05-15T08:00:00,11.97,63.42,911.8,5.06
Cuartel_Malbec_1,2026-05-15T09:00:00,14.65,52.34,911.3,4.84
Cuartel_Malbec_1,2026-05-15T10:00:00,17.28,43.03,910.6,4.47
Cuartel_Malbec_1,2026-05-15T11:00:00,19.31,36.68,909.6,4.05
Cuartel_Malbec_1,2026-05-15T12:00:00,20.55,33.45,908.7,3.84
Cuartel_Malbec_1,2026-05-15T13:00:00,21.15,31.58,908.1,3.56
Cuartel_Malbec_1,2026-05-15T14:00:00,20.97,31.17,908.1,3.24
Cuartel_Malbec_1,2026-05-15T15:00:00,19.73,33.73,908.6,3.28
Cuartel_Malbec_1,2026-05-15T16:00:00,16.73,43.27,909.3,4.12
Cuartel_Malbec_1,2026-05-15T17:00:00,14.3,54.2,910.4,5.12
Cuartel_Malbec_1,2026-05-15T18:00:00,12.8,61.98,911.2,5.63
Cuartel_Malbec_1,2026-05-15T19:00:00,11.74,66.49,911.7,5.62
Cuartel_Malbec_1,2026-05-15T20:00:00,11.06,68.36,911.8,5.34
Cuartel_Malbec_1,2026-05-15T21:00:00,10.42,69.38,911.9,4.93
Cuartel_Malbec_1,2026-05-15T22:00:00,9.81,70.0,912.1,4.47
Cuartel_Malbec_1,2026-05-15T23:00:00,9.05,71.56,912.4,4.06
Cuartel_Malbec_1,2026-05-16T00:00:00,8.26,73.93,912.9,3.82
Cuartel_Malbec_1,2026-05-16T01:00:00,7.58,76.49,913.3,3.68
Cuartel_Malbec_1,2026-05-16T02:00:00,7.2,78.26,913.8,3.64
Cuartel_Malbec_1,2026-05-16T03:00:00,6.77,80.07,914.5,3.53
Cuartel_Malbec_1,2026-05-16T04:00:00,6.26,80.55,915.3,3.16
Cuartel_Malbec_1,2026-05-16T05:00:00,5.75,79.87,916.2,2.54
Cuartel_Malbec_1,2026-05-16T06:00:00,5.52,78.16,917.2,2.02
Cuartel_Malbec_1,2026-05-16T07:00:00,5.92,74.36,918.0,1.73
Cuartel_Malbec_1,2026-05-16T08:00:00,6.99,68.67,918.6,1.64
Cuartel_Malbec_1,2026-05-16T09:00:00,8.08,64.18,919.0,1.73
Cuartel_Malbec_1,2026-05-16T10:00:00,8.74,61.63,919.0,1.78
Cuartel_Malbec_1,2026-05-16T11:00:00,9.09,59.78,918.6,1.69
Cuartel_Malbec_1,2026-05-16T12:00:00,9.4,58.01,918.0,1.55
Cuartel_Malbec_1,2026-05-16T13:00:00,9.5,57.1,917.6,1.43
Cuartel_Malbec_1,2026-05-16T14:00:00,9.2,57.65,917.8,1.29
Cuartel_Malbec_1,2026-05-16T15:00:00,8.38,60.17,918.3,1.11
Cuartel_Malbec_1,2026-05-16T16:00:00,7.1,64.99,919.1,0.97
Cuartel_Malbec_1,2026-05-16T17:00:00,5.75,70.93,920.1,0.89
Cuartel_Malbec_1,2026-05-16T18:00:00,4.98,73.71,920.8,0.68
Cuartel_Malbec_1,2026-05-16T19:00:00,4.12,77.07,921.3,0.46
Cuartel_Malbec_1,2026-05-16T20:00:00,3.74,78.24,921.4,0.31
Cuartel_Malbec_1,2026-05-16T21:00:00,3.47,79.37,921.4,0.25
Cuartel_Malbec_1,2026-05-16T22:00:00,3.27,80.68,921.3,0.27
Cuartel_Malbec_1,2026-05-16T23:00:00,3.11,81.78,921.1,0.28
Cuartel_Malbec_1,2026-05-17T00:00:00,2.93,82.62,921.0,0.24
Cuartel_Malbec_1,2026-05-17T01:00:00,2.86,82.43,920.9,0.15
Cuartel_Malbec_1,2026-05-17T02:00:00,2.68,82.47,920.5,-0.01
Cuartel_Malbec_1,2026-05-17T03:00:00,2.22,83.94,920.1,-0.25
Cuartel_Malbec_1,2026-05-17T04:00:00,1.79,85.26,919.7,-0.52
Cuartel_Malbec_1,2026-05-17T05:00:00,1.33,86.82,919.8,-0.76
Cuartel_Malbec_1,2026-05-17T06:00:00,1.18,86.49,920.4,-0.96
Cuartel_Malbec_1,2026-05-17T07:00:00,4.04,71.16,921.0,-0.8
Cuartel_Malbec_1,2026-05-17T08:00:00,7.07,55.92,921.3,-1.15
Cuartel_Malbec_1,2026-05-17T09:00:00,9.14,48.19,921.4,-1.24
Cuartel_Malbec_1,2026-05-17T10:00:00,10.7,43.17,921.2,-1.3
Cuartel_Malbec_1,2026-05-17T11:00:00,11.99,38.66,920.7,-1.63
Cuartel_Malbec_1,2026-05-17T12:00:00,12.95,34.89,920.1,-2.15
Cuartel_Malbec_1,2026-05-17T13:00:00,13.44,32.35,919.7,-2.72
Cuartel_Malbec_1,2026-05-17T14:00:00,13.37,31.25,919.6,-3.24
Cuartel_Malbec_1,2026-05-17T15:00:00,12.6,32.16,919.9,-3.51
Cuartel_Malbec_1,2026-05-17T16:00:00,9.15,43.03,920.4,-2.7
Cuartel_Malbec_1,2026-05-17T17:00:00,6.82,49.11,920.8,-3.05
Cuartel_Malbec_1,2026-05-17T18:00:00,6.08,51.23,921.2,-3.14
Cuartel_Malbec_1,2026-05-17T19:00:00,5.49,53.54,921.3,-3.14
Cuartel_Malbec_1,2026-05-17T20:00:00,5.08,55.08,921.2,-3.11
Cuartel_Malbec_1,2026-05-17T21:00:00,4.69,56.93,921.0,-3.05
Cuartel_Malbec_1,2026-05-17T22:00:00,4.26,58.66,920.8,-3.03
Cuartel_Malbec_1,2026-05-17T23:00:00,3.78,60.48,920.6,-3.07
Cuartel_Malbec_1,2026-05-18T00:00:00,3.27,62.31,920.5,-3.15
Cuartel_Malbec_1,2026-05-18T01:00:00,2.86,63.74,920.3,-3.26
Cuartel_Malbec_1,2026-05-18T02:00:00,2.67,64.0,920.1,-3.36
Cuartel_Malbec_1,2026-05-18T03:00:00,2.6,63.89,919.7,-3.45
Cuartel_Malbec_1,2026-05-18T04:00:00,2.43,64.45,919.4,-3.52
Cuartel_Malbec_1,2026-05-18T05:00:00,2.15,65.33,919.4,-3.63
Cuartel_Malbec_1,2026-05-18T06:00:00,2.09,65.0,919.6,-3.82
Cuartel_Malbec_1,2026-05-18T07:00:00,4.76,55.37,919.7,-3.42
Cuartel_Malbec_1,2026-05-18T08:00:00,8.2,44.49,919.6,-3.24
Cuartel_Malbec_1,2026-05-18T09:00:00,11.76,36.31,919.2,-2.78
Cuartel_Malbec_1,2026-05-18T10:00:00,14.86,30.42,918.5,-2.41
Cuartel_Malbec_1,2026-05-18T11:00:00,16.87,26.57,917.5,-2.46
Cuartel_Malbec_1,2026-05-18T12:00:00,18.06,24.12,916.4,-2.73
Cuartel_Malbec_1,2026-05-18T13:00:00,18.47,22.87,915.7,-3.04
Cuartel_Malbec_1,2026-05-18T14:00:00,18.14,22.99,915.5,-3.23
Cuartel_Malbec_1,2026-05-18T15:00:00,16.92,24.83,915.5,-3.25
Cuartel_Malbec_1,2026-05-18T16:00:00,12.89,33.38,915.5,-2.78
Cuartel_Malbec_1,2026-05-18T17:00:00,10.13,39.49,915.7,-2.97
Cuartel_Malbec_1,2026-05-18T18:00:00,9.02,41.8,916.1,-3.21
Cuartel_Malbec_1,2026-05-18T19:00:00,8.3,42.96,916.2,-3.55
Cuartel_Malbec_1,2026-05-18T20:00:00,7.54,44.82,916.2,-3.79
Cuartel_Malbec_1,2026-05-18T21:00:00,6.42,48.09,916.1,-3.94
Cuartel_Malbec_1,2026-05-18T22:00:00,5.62,50.18,916.1,-4.21
Cuartel_Malbec_1,2026-05-18T23:00:00,5.22,50.93,916.1,-4.53
Cuartel_Malbec_1,2026-05-19T00:00:00,5.1,50.35,915.9,-4.93
Cuartel_Malbec_1,2026-05-19T01:00:00,5.09,49.37,915.7,-5.3
Cuartel_Malbec_1,2026-05-19T02:00:00,4.99,48.53,915.5,-5.66
Cuartel_Malbec_1,2026-05-19T03:00:00,4.5,49.52,915.4,-5.85
Cuartel_Malbec_1,2026-05-19T04:00:00,4.12,50.14,915.4,-6.03
Cuartel_Malbec_1,2026-05-19T05:00:00,3.84,50.79,915.6,-6.22
Cuartel_Malbec_1,2026-05-19T06:00:00,3.75,51.14,916.1,-6.24
Cuartel_Malbec_1,2026-05-19T07:00:00,6.48,44.57,916.6,-5.1
Cuartel_Malbec_1,2026-05-19T08:00:00,10.07,37.08,917.0,-4.11
Cuartel_Malbec_1,2026-05-19T09:00:00,12.94,30.29,917.4,-4.49
Cuartel_Malbec_1,2026-05-19T10:00:00,15.3,27.26,917.5,-3.74
Cuartel_Malbec_1,2026-05-19T11:00:00,17.14,25.06,917.2,-3.17
Cuartel_Malbec_1,2026-05-19T12:00:00,18.4,23.34,916.7,-2.97
Cuartel_Malbec_1,2026-05-19T13:00:00,19.04,22.28,916.3,-3.01
Cuartel_Malbec_1,2026-05-19T14:00:00,18.96,22.12,916.1,-3.13
Cuartel_Malbec_1,2026-05-19T15:00:00,17.7,24.45,916.3,-2.82
Cuartel_Malbec_1,2026-05-19T16:00:00,12.71,36.31,916.7,-1.83
Cuartel_Malbec_1,2026-05-19T17:00:00,10.49,39.78,917.4,-2.54
Cuartel_Malbec_1,2026-05-19T18:00:00,9.83,41.37,918.2,-2.61
Cuartel_Malbec_1,2026-05-19T19:00:00,10.22,39.85,918.8,-2.77
Cuartel_Malbec_1,2026-05-19T20:00:00,10.51,38.64,919.1,-2.91
Cuartel_Malbec_1,2026-05-19T21:00:00,9.43,41.54,919.1,-2.91
Cuartel_Malbec_1,2026-05-19T22:00:00,7.55,47.2,919.3,-2.91
Cuartel_Malbec_1,2026-05-19T23:00:00,6.13,52.06,919.6,-2.92
Cuartel_Malbec_1,2026-05-20T00:00:00,5.39,54.49,919.9,-2.97
Cuartel_Malbec_1,2026-05-20T01:00:00,4.95,55.69,920.1,-3.12
Cuartel_Malbec_1,2026-05-20T02:00:00,4.67,56.11,920.3,-3.28
Cuartel_Malbec_1,2026-05-20T03:00:00,4.43,56.72,920.5,-3.37
Cuartel_Malbec_1,2026-05-20T04:00:00,4.13,57.96,921.0,-3.36
Cuartel_Malbec_1,2026-05-20T05:00:00,3.92,58.49,921.6,-3.47
Cuartel_Malbec_1,2026-05-20T06:00:00,3.99,57.51,922.2,-3.62
Cuartel_Malbec_1,2026-05-20T07:00:00,7.54,46.12,922.6,-3.28
Cuartel_Malbec_1,2026-05-20T08:00:00,11.14,35.53,922.8,-3.47
Cuartel_Malbec_1,2026-05-20T09:00:00,13.5,30.51,922.8,-3.43
Cuartel_Malbec_1,2026-05-20T10:00:00,15.17,27.63,922.3,-3.33
Cuartel_Malbec_1,2026-05-20T11:00:00,16.27,25.73,921.6,-3.31
Cuartel_Malbec_1,2026-05-20T12:00:00,16.79,24.8,920.8,-3.36
Cuartel_Malbec_1,2026-05-20T13:00:00,16.83,24.72,920.4,-3.38
Cuartel_Malbec_1,2026-05-20T14:00:00,16.35,25.41,920.4,-3.41
Cuartel_Malbec_1,2026-05-20T15:00:00,15.2,27.87,920.5,-3.16
Cuartel_Malbec_1,2026-05-20T16:00:00,11.24,38.2,920.8,-2.43
Cuartel_Malbec_1,2026-05-20T17:00:00,9.02,44.08,921.2,-2.51
Cuartel_Malbec_1,2026-05-20T18:00:00,8.72,45.01,921.6,-2.47
Cuartel_Malbec_1,2026-05-20T19:00:00,9.01,44.02,921.9,-2.51
Cuartel_Malbec_1,2026-05-20T20:00:00,8.52,45.37,921.9,-2.56
Cuartel_Malbec_1,2026-05-20T21:00:00,7.82,47.86,921.8,-2.5
Cuartel_Malbec_1,2026-05-20T22:00:00,7.34,48.87,921.7,-2.65
Cuartel_Malbec_1,2026-05-20T23:00:00,6.99,49.74,921.3,-2.75
Cuartel_Malbec_1,2026-05-21T00:00:00,6.6,50.91,920.7,-2.81
Cuartel_Malbec_1,2026-05-21T01:00:00,6.27,51.89,920.1,-2.87
Cuartel_Malbec_1,2026-05-21T02:00:00,6.15,52.29,919.5,-2.89
Cuartel_Malbec_1,2026-05-21T03:00:00,5.98,53.53,919.3,-2.79
Cuartel_Malbec_1,2026-05-21T04:00:00,5.65,56.06,919.3,-2.47
Cuartel_Malbec_1,2026-05-21T05:00:00,5.41,58.83,919.7,-2.06
Cuartel_Malbec_1,2026-05-21T06:00:00,5.25,61.35,920.3,-1.68
Cuartel_Malbec_1,2026-05-21T07:00:00,6.09,59.48,920.8,-1.27
Cuartel_Malbec_1,2026-05-21T08:00:00,7.98,54.19,921.3,-0.76
Cuartel_Malbec_1,2026-05-21T09:00:00,9.76,49.15,921.3,-0.43
Cuartel_Malbec_1,2026-05-21T10:00:00,10.92,45.79,920.8,-0.3
Cuartel_Malbec_1,2026-05-21T11:00:00,12.04,43.63,920.0,0.06
Cuartel_Malbec_1,2026-05-21T12:00:00,13.67,40.87,919.1,0.61
Cuartel_Malbec_1,2026-05-21T13:00:00,15.02,37.85,918.4,0.75
Cuartel_Malbec_1,2026-05-21T14:00:00,15.27,36.98,918.1,0.67
Cuartel_Malbec_1,2026-05-21T15:00:00,14.42,38.97,918.2,0.65
Cuartel_Malbec_1,2026-05-21T16:00:00,11.2,48.7,918.4,0.82
Cuartel_Malbec_1,2026-05-21T17:00:00,8.3,59.6,919.0,0.92
Cuartel_Malbec_1,2026-05-21T18:00:00,7.31,63.95,919.5,0.97
Cuartel_Malbec_1,2026-05-21T19:00:00,6.83,66.11,919.8,0.97
Cuartel_Malbec_1,2026-05-21T20:00:00,6.59,67.2,919.7,0.97
Cuartel_Malbec_1,2026-05-21T21:00:00,5.84,71.22,919.3,1.01
Cuartel_Malbec_1,2026-05-21T22:00:00,5.04,75.27,919.0,1.01
Cuartel_Malbec_1,2026-05-21T23:00:00,4.41,78.46,918.8,0.96
Cuartel_Malbec_1,2026-05-22T00:00:00,3.79,81.76,918.5,0.9
Cuartel_Malbec_1,2026-05-22T01:00:00,3.31,83.8,918.4,0.77
Cuartel_Malbec_1,2026-05-22T02:00:00,2.98,84.81,918.3,0.59
Cuartel_Malbec_1,2026-05-22T03:00:00,2.76,84.97,918.4,0.38
Cuartel_Malbec_1,2026-05-22T04:00:00,2.59,84.23,918.7,0.09
Cuartel_Malbec_1,2026-05-22T05:00:00,2.44,83.56,919.1,-0.21
Cuartel_Malbec_1,2026-05-22T06:00:00,2.44,81.97,919.4,-0.49
Cuartel_Malbec_1,2026-05-22T07:00:00,4.89,68.98,919.6,-0.44
Cuartel_Malbec_1,2026-05-22T08:00:00,8.31,55.45,919.7,-0.17
Cuartel_Malbec_1,2026-05-22T09:00:00,11.35,46.95,919.3,0.37
Cuartel_Malbec_1,2026-05-22T10:00:00,13.86,41.36,918.7,0.91
Cuartel_Malbec_1,2026-05-22T11:00:00,16.05,37.01,917.7,1.33
Cuartel_Malbec_1,2026-05-22T12:00:00,17.5,34.45,916.7,1.64
Cuartel_Malbec_1,2026-05-22T13:00:00,18.0,34.06,916.0,1.94
Cuartel_Malbec_1,2026-05-22T14:00:00,17.71,35.19,915.7,2.15
Cuartel_Malbec_1,2026-05-22T15:00:00,16.54,38.36,915.8,2.32
Cuartel_Malbec_1,2026-05-22T16:00:00,12.94,49.3,916.2,2.58
Cuartel_Malbec_1,2026-05-22T17:00:00,10.41,58.89,916.7,2.73
Cuartel_Malbec_1,2026-05-22T18:00:00,9.26,64.4,917.2,2.91
Cuartel_Malbec_1,2026-05-22T19:00:00,8.43,68.67,917.4,3.01
Cuartel_Malbec_1,2026-05-22T20:00:00,7.73,72.56,917.2,3.09
Cuartel_Malbec_1,2026-05-22T21:00:00,6.8,77.91,917.1,3.17
Cuartel_Malbec_1,2026-05-22T22:00:00,5.8,83.63,917.0,3.19
Cuartel_Malbec_1,2026-05-22T23:00:00,5.14,87.23,917.0,3.11
Cuartel_Malbec_1,2026-05-23T00:00:00,4.73,89.23,916.9,2.98
Cuartel_Malbec_1,2026-05-23T01:00:00,4.14,92.43,916.5,2.82
Cuartel_Malbec_1,2026-05-23T02:00:00,4.13,90.66,916.0,2.5
Cuartel_Malbec_1,2026-05-23T03:00:00,4.03,88.2,915.6,1.94
Cuartel_Malbec_1,2026-05-23T04:00:00,3.98,85.07,915.3,1.35
Cuartel_Malbec_1,2026-05-23T05:00:00,3.98,83.43,915.1,1.02
Cuartel_Malbec_1,2026-05-23T06:00:00,3.99,83.21,915.3,0.94
Cuartel_Malbec_1,2026-05-23T07:00:00,5.75,74.56,915.6,1.22
Cuartel_Malbec_1,2026-05-23T08:00:00,7.97,65.52,915.6,1.57
Cuartel_Malbec_1,2026-05-23T09:00:00,10.01,58.14,915.3,1.83
Cuartel_Malbec_1,2026-05-23T10:00:00,12.73,49.3,914.6,2.13
Cuartel_Malbec_1,2026-05-23T11:00:00,15.08,42.27,913.5,2.22
Cuartel_Malbec_1,2026-05-23T12:00:00,16.9,37.35,912.3,2.17
Cuartel_Malbec_1,2026-05-23T13:00:00,17.72,35.22,911.6,2.14
Cuartel_Malbec_1,2026-05-23T14:00:00,17.54,35.69,911.4,2.17
Cuartel_Malbec_1,2026-05-23T15:00:00,16.19,39.61,911.7,2.45
Cuartel_Malbec_1,2026-05-23T16:00:00,13.21,49.27,912.0,2.82
Cuartel_Malbec_1,2026-05-23T17:00:00,11.07,57.53,912.4,2.99
Cuartel_Malbec_1,2026-05-23T18:00:00,9.54,63.39,912.9,2.88
Cuartel_Malbec_1,2026-05-23T19:00:00,8.34,68.48,912.9,2.75
Cuartel_Malbec_1,2026-05-23T20:00:00,7.38,72.97,912.9,2.61
Cuartel_Malbec_1,2026-05-23T21:00:00,6.42,77.5,913.0,2.39
Cuartel_Malbec_1,2026-05-23T22:00:00,5.49,81.84,912.9,2.1
Cuartel_Malbec_1,2026-05-23T23:00:00,4.75,84.78,912.6,1.66
Cuartel_Malbec_1,2026-05-24T00:00:00,4.36,85.17,912.2,1.18
Cuartel_Malbec_1,2026-05-24T01:00:00,4.24,82.87,912.0,0.56
Cuartel_Malbec_1,2026-05-24T02:00:00,3.9,81.78,911.6,-0.02
Cuartel_Malbec_1,2026-05-24T03:00:00,3.58,81.77,911.3,-0.36
Cuartel_Malbec_1,2026-05-24T04:00:00,3.79,80.74,911.2,-0.31
Cuartel_Malbec_1,2026-05-24T05:00:00,4.27,79.52,911.8,-0.01
Cuartel_Malbec_1,2026-05-24T06:00:00,4.75,77.8,912.5,0.2
Cuartel_Malbec_1,2026-05-24T07:00:00,5.9,71.55,913.1,0.38
Cuartel_Malbec_1,2026-05-24T08:00:00,9.01,56.72,913.5,0.19
Cuartel_Malbec_1,2026-05-24T09:00:00,10.97,50.53,913.7,0.63
Cuartel_Malbec_1,2026-05-24T10:00:00,12.1,44.81,913.5,-0.05
Cuartel_Malbec_1,2026-05-24T11:00:00,13.24,39.83,912.9,-0.62
Cuartel_Malbec_1,2026-05-24T12:00:00,13.82,37.76,912.0,-0.81
Cuartel_Malbec_1,2026-05-24T13:00:00,13.95,38.06,911.5,-0.55
Cuartel_Malbec_1,2026-05-24T14:00:00,14.3,38.37,911.6,-0.07
Cuartel_Malbec_1,2026-05-24T15:00:00,14.04,41.22,911.9,0.75
Cuartel_Malbec_1,2026-05-24T16:00:00,10.3,56.84,912.4,1.91
Cuartel_Malbec_1,2026-05-24T17:00:00,9.12,63.72,913.1,2.44
Cuartel_Malbec_1,2026-05-24T18:00:00,8.87,65.47,913.5,2.58
Cuartel_Malbec_1,2026-05-24T19:00:00,8.27,68.06,913.6,2.52
Cuartel_Malbec_1,2026-05-24T20:00:00,7.06,73.05,913.6,2.32
Cuartel_Malbec_1,2026-05-24T21:00:00,6.21,76.53,913.6,2.11
Cuartel_Malbec_1,2026-05-24T22:00:00,5.74,77.96,913.7,1.82
Cuartel_Malbec_1,2026-05-24T23:00:00,5.5,78.31,913.8,1.52
Cuartel_Malbec_1,2026-05-25T00:00:00,5.14,79.97,913.9,1.36
Cuartel_Malbec_1,2026-05-25T01:00:00,4.69,81.65,913.7,1.14
Cuartel_Malbec_1,2026-05-25T02:00:00,4.28,82.43,913.6,0.77
Cuartel_Malbec_1,2026-05-25T03:00:00,3.98,82.03,913.5,0.3
Cuartel_Malbec_1,2026-05-25T04:00:00,3.79,81.14,913.7,-0.14
Cuartel_Malbec_1,2026-05-25T05:00:00,3.67,80.4,914.1,-0.41
Cuartel_Malbec_1,2026-05-25T06:00:00,3.74,79.14,914.7,-0.53
Cuartel_Malbec_1,2026-05-25T07:00:00,6.51,67.41,915.4,0.22
Cuartel_Malbec_1,2026-05-25T08:00:00,9.68,59.36,915.9,1.63
Cuartel_Malbec_1,2026-05-25T09:00:00,12.57,52.51,916.0,2.82
Cuartel_Malbec_1,2026-05-25T10:00:00,15.18,44.55,915.6,3.0
Cuartel_Malbec_1,2026-05-25T11:00:00,17.05,38.9,914.8,2.88
Cuartel_Malbec_1,2026-05-25T12:00:00,18.07,36.45,914.0,2.9
Cuartel_Malbec_1,2026-05-25T13:00:00,18.51,35.57,913.5,2.98
Cuartel_Malbec_1,2026-05-25T14:00:00,18.35,36.35,913.5,3.15
Cuartel_Malbec_1,2026-05-25T15:00:00,17.33,39.66,913.9,3.48
Cuartel_Malbec_1,2026-05-25T16:00:00,13.4,52.6,914.5,3.92
Cuartel_Malbec_1,2026-05-25T17:00:00,11.18,62.02,915.2,4.18
Cuartel_Malbec_1,2026-05-25T18:00:00,10.49,65.67,915.9,4.35
Cuartel_Malbec_1,2026-05-25T19:00:00,9.95,68.35,916.2,4.38
Cuartel_Malbec_1,2026-05-25T20:00:00,9.47,70.48,916.3,4.32
Cuartel_Malbec_1,2026-05-25T21:00:00,8.81,73.03,916.2,4.17
Cuartel_Malbec_1,2026-05-25T22:00:00,8.14,75.33,916.0,3.93
Cuartel_Malbec_1,2026-05-25T23:00:00,7.5,77.26,915.8,3.61
Cuartel_Malbec_1,2026-05-26T00:00:00,7.05,77.91,915.5,3.23
Cuartel_Malbec_1,2026-05-26T01:00:00,6.82,77.79,915.2,2.89
Cuartel_Malbec_1,2026-05-26T02:00:00,6.47,79.05,914.8,2.69
Cuartel_Malbec_1,2026-05-26T03:00:00,6.24,79.99,914.6,2.53
Cuartel_Malbec_1,2026-05-26T04:00:00,5.96,82.03,914.6,2.52
Cuartel_Malbec_1,2026-05-26T05:00:00,5.73,84.18,915.0,2.58
Cuartel_Malbec_1,2026-05-26T06:00:00,6.06,82.47,915.4,2.52
Cuartel_Malbec_1,2026-05-26T07:00:00,8.05,73.47,915.8,2.92
Cuartel_Malbec_1,2026-05-26T08:00:00,11.1,62.74,916.0,3.8
Cuartel_Malbec_1,2026-05-26T09:00:00,14.65,50.15,915.9,3.99
Cuartel_Malbec_1,2026-05-26T10:00:00,17.93,40.38,915.4,4.09
Cuartel_Malbec_1,2026-05-26T11:00:00,19.87,34.85,914.4,3.82
Cuartel_Malbec_1,2026-05-26T12:00:00,20.91,32.41,913.3,3.74
Cuartel_Malbec_1,2026-05-26T13:00:00,21.15,32.14,912.5,3.85
Cuartel_Malbec_1,2026-05-26T14:00:00,20.82,33.2,912.2,4.05
Cuartel_Malbec_1,2026-05-26T15:00:00,19.68,36.45,912.2,4.37
Cuartel_Malbec_1,2026-05-26T16:00:00,15.51,48.43,912.5,4.69
Cuartel_Malbec_1,2026-05-26T17:00:00,12.95,57.49,912.9,4.78
Cuartel_Malbec_1,2026-05-26T18:00:00,11.72,62.48,913.5,4.8
Cuartel_Malbec_1,2026-05-26T19:00:00,10.9,65.88,913.8,4.75
Cuartel_Malbec_1,2026-05-26T20:00:00,10.06,69.66,913.5,4.7
Cuartel_Malbec_1,2026-05-26T21:00:00,9.06,74.48,913.3,4.67
Cuartel_Malbec_1,2026-05-26T22:00:00,8.3,78.39,913.0,4.6
Cuartel_Malbec_1,2026-05-26T23:00:00,7.86,80.48,912.7,4.5
Cuartel_Malbec_1,2026-05-27T00:00:00,7.43,82.99,912.4,4.47
Cuartel_Malbec_1,2026-05-27T01:00:00,7.02,85.46,912.0,4.4
Cuartel_Malbec_1,2026-05-27T02:00:00,6.63,87.45,911.6,4.31
Cuartel_Malbec_1,2026-05-27T03:00:00,6.65,86.41,911.3,4.09
Cuartel_Malbec_1,2026-05-27T04:00:00,6.63,84.75,911.4,3.72
Cuartel_Malbec_1,2026-05-27T05:00:00,6.58,83.59,911.8,3.38
Cuartel_Malbec_1,2026-05-27T06:00:00,6.9,80.34,912.3,3.07
Cuartel_Malbec_1,2026-05-27T07:00:00,8.05,74.83,912.6,3.31
Cuartel_Malbec_1,2026-05-27T08:00:00,10.5,65.74,912.6,3.99
Cuartel_Malbec_1,2026-05-27T09:00:00,13.61,52.97,912.3,3.73
Cuartel_Malbec_1,2026-05-27T10:00:00,16.69,43.12,911.7,3.52
Cuartel_Malbec_1,2026-05-27T11:00:00,18.87,38.14,910.6,3.82
Cuartel_Malbec_1,2026-05-27T12:00:00,20.49,34.8,909.4,4.06
Cuartel_Malbec_1,2026-05-27T13:00:00,21.46,33.04,908.6,4.25
Cuartel_Malbec_1,2026-05-27T14:00:00,21.41,33.99,908.3,4.69
Cuartel_Malbec_1,2026-05-27T15:00:00,20.17,38.35,908.7,5.42
Cuartel_Malbec_1,2026-05-27T16:00:00,16.04,52.29,909.1,6.21
Cuartel_Malbec_1,2026-05-27T17:00:00,14.24,60.17,909.7,6.53
Cuartel_Malbec_1,2026-05-27T18:00:00,13.6,63.14,910.2,6.53
Cuartel_Malbec_1,2026-05-27T19:00:00,12.54,68.2,910.6,6.56
Cuartel_Malbec_1,2026-05-27T20:00:00,11.35,73.89,910.7,6.47
Cuartel_Malbec_1,2026-05-27T21:00:00,10.27,79.17,910.7,6.28
Cuartel_Malbec_1,2026-05-27T22:00:00,9.73,81.61,910.8,6.1
Cuartel_Malbec_1,2026-05-27T23:00:00,9.61,81.89,910.7,5.92
Cuartel_Malbec_1,2026-05-28T00:00:00,9.28,82.97,910.5,5.71
Cuartel_Malbec_1,2026-05-28T01:00:00,9.15,82.31,910.3,5.42
Cuartel_Malbec_1,2026-05-28T02:00:00,9.28,79.96,910.2,5.13
Cuartel_Malbec_1,2026-05-28T03:00:00,9.33,78.7,910.1,5.0
Cuartel_Malbec_1,2026-05-28T04:00:00,9.19,78.59,910.3,4.93
Cuartel_Malbec_1,2026-05-28T05:00:00,9.05,78.37,910.8,4.82
Cuartel_Malbec_1,2026-05-28T06:00:00,8.99,77.98,911.4,4.73
Cuartel_Malbec_1,2026-05-28T07:00:00,9.42,76.41,911.9,4.93
Cuartel_Malbec_1,2026-05-28T08:00:00,10.15,74.32,912.4,5.34
Cuartel_Malbec_1,2026-05-28T09:00:00,10.97,72.17,912.8,5.79
Cuartel_Malbec_1,2026-05-28T10:00:00,11.93,67.83,912.8,5.85
Cuartel_Malbec_1,2026-05-28T11:00:00,13.09,61.88,912.7,5.6
Cuartel_Malbec_1,2026-05-28T12:00:00,14.11,57.62,912.4,5.55
Cuartel_Malbec_1,2026-05-28T13:00:00,14.8,55.71,912.5,5.75
Cuartel_Malbec_1,2026-05-28T14:00:00,15.33,54.78,912.8,6.06
Cuartel_Malbec_1,2026-05-28T15:00:00,15.03,57.93,913.3,6.64
Cuartel_Malbec_1,2026-05-28T16:00:00,11.64,75.73,914.1,7.4
Cuartel_Malbec_1,2026-05-28T17:00:00,10.05,86.52,915.0,7.83
Cuartel_Malbec_1,2026-05-28T18:00:00,9.5,89.86,915.9,7.8
Cuartel_Malbec_1,2026-05-28T19:00:00,8.95,92.41,916.4,7.61
Cuartel_Malbec_1,2026-05-28T20:00:00,8.47,93.25,916.6,7.2
Cuartel_Malbec_1,2026-05-28T21:00:00,8.53,88.8,916.7,6.45
Cuartel_Malbec_1,2026-05-28T22:00:00,8.61,84.8,916.7,5.73
Cuartel_Malbec_1,2026-05-28T23:00:00,8.54,83.76,916.8,5.43
Cuartel_Malbec_1,2026-05-29T00:00:00,8.3,84.06,916.8,5.22
Cuartel_Malbec_1,2026-05-29T01:00:00,8.12,83.06,916.7,4.83
Cuartel_Malbec_1,2026-05-29T02:00:00,7.97,81.86,916.7,4.39
Cuartel_Malbec_1,2026-05-29T03:00:00,7.94,80.25,916.7,3.99
Cuartel_Malbec_1,2026-05-29T04:00:00,8.09,78.24,916.9,3.74
Cuartel_Malbec_1,2026-05-29T05:00:00,8.25,78.1,917.3,3.88
Cuartel_Malbec_1,2026-05-29T06:00:00,8.16,79.57,917.9,4.12
Cuartel_Malbec_1,2026-05-29T07:00:00,8.71,77.61,918.4,4.37
Cuartel_Malbec_1,2026-05-29T08:00:00,10.03,72.94,918.8,4.92
Cuartel_Malbec_1,2026-05-29T09:00:00,11.94,65.82,918.8,5.28
Cuartel_Malbec_1,2026-05-29T10:00:00,13.71,61.57,918.3,6.07
Cuartel_Malbec_1,2026-05-29T11:00:00,15.5,58.29,917.5,7.05
Cuartel_Malbec_1,2026-05-29T12:00:00,17.37,54.41,916.5,7.9
Cuartel_Malbec_1,2026-05-29T13:00:00,18.71,51.12,915.7,8.31
Cuartel_Malbec_1,2026-05-29T14:00:00,19.02,50.58,915.3,8.5
Cuartel_Malbec_1,2026-05-29T15:00:00,18.22,53.74,915.4,8.69
Cuartel_Malbec_1,2026-05-29T16:00:00,14.51,68.8,915.7,8.85
Cuartel_Malbec_1,2026-05-29T17:00:00,12.96,76.42,916.1,8.93
Cuartel_Malbec_1,2026-05-29T18:00:00,12.87,76.52,916.5,8.85
Cuartel_Malbec_1,2026-05-29T19:00:00,12.61,77.36,916.8,8.73
Cuartel_Malbec_1,2026-05-29T20:00:00,12.26,79.06,916.9,8.69
Cuartel_Malbec_1,2026-05-29T21:00:00,11.65,82.4,916.8,8.67
Cuartel_Malbec_1,2026-05-29T22:00:00,11.02,86.24,916.7,8.69
Cuartel_Malbec_1,2026-05-29T23:00:00,10.49,89.57,916.7,8.67
Cuartel_Malbec_1,2026-05-30T00:00:00,10.19,91.37,916.6,8.58
Cuartel_Malbec_1,2026-05-30T01:00:00,9.95,92.24,916.4,8.38
Cuartel_Malbec_1,2026-05-30T02:00:00,9.98,90.84,916.2,8.05
Cuartel_Malbec_1,2026-05-30T03:00:00,10.12,88.33,916.0,7.65
Cuartel_Malbec_1,2026-05-30T04:00:00,10.17,85.79,915.9,7.17
Cuartel_Malbec_1,2026-05-30T05:00:00,10.15,83.57,916.1,6.7
Cuartel_Malbec_1,2026-05-30T06:00:00,10.04,81.97,916.5,6.28
Cuartel_Malbec_1,2026-05-30T07:00:00,10.71,77.5,916.8,6.22
Cuartel_Malbec_1,2026-05-30T08:00:00,12.83,70.23,916.8,6.91
Cuartel_Malbec_1,2026-05-30T09:00:00,15.64,62.06,916.5,7.8
Cuartel_Malbec_1,2026-05-30T10:00:00,18.5,52.9,915.9,8.27
Cuartel_Malbec_1,2026-05-30T11:00:00,20.55,46.15,914.8,8.3
Cuartel_Malbec_1,2026-05-30T12:00:00,21.77,42.33,913.8,8.23
Cuartel_Malbec_1,2026-05-30T13:00:00,22.32,40.36,913.2,8.11
Cuartel_Malbec_1,2026-05-30T14:00:00,22.09,40.76,913.0,8.09
Cuartel_Malbec_1,2026-05-30T15:00:00,20.86,44.38,913.2,8.27
Cuartel_Malbec_1,2026-05-30T16:00:00,16.92,57.7,913.8,8.54
Cuartel_Malbec_1,2026-05-30T17:00:00,14.79,66.7,914.6,8.67
Cuartel_Malbec_1,2026-05-30T18:00:00,13.84,70.72,915.4,8.6
Cuartel_Malbec_1,2026-05-30T19:00:00,13.1,73.39,916.0,8.36
Cuartel_Malbec_1,2026-05-30T20:00:00,12.37,76.61,916.2,8.17
Cuartel_Malbec_1,2026-05-30T21:00:00,11.32,81.58,916.4,7.97
Cuartel_Malbec_1,2026-05-30T22:00:00,10.43,85.75,916.5,7.66
Cuartel_Malbec_1,2026-05-30T23:00:00,9.93,87.69,916.2,7.28
Cuartel_Malbec_1,2026-05-31T00:00:00,10.2,84.44,915.8,6.78
Cuartel_Malbec_1,2026-05-31T01:00:00,10.61,79.14,915.3,6.07
Cuartel_Malbec_1,2026-05-31T02:00:00,10.74,75.03,914.8,5.3
Cuartel_Malbec_1,2026-05-31T03:00:00,10.69,72.19,914.4,4.58
Cuartel_Malbec_1,2026-05-31T04:00:00,10.35,71.76,914.5,4.08
Cuartel_Malbec_1,2026-05-31T05:00:00,9.95,72.06,914.8,3.71
Cuartel_Malbec_1,2026-05-31T06:00:00,9.72,71.51,915.1,3.41
Cuartel_Malbec_1,2026-05-31T07:00:00,10.74,67.49,915.4,3.94
Cuartel_Malbec_1,2026-05-31T08:00:00,13.19,61.96,915.5,5.42
Cuartel_Malbec_1,2026-05-31T09:00:00,15.66,53.63,915.5,5.19
Cuartel_Malbec_1,2026-05-31T10:00:00,18.18,46.37,915.0,5.63
Cuartel_Malbec_1,2026-05-31T11:00:00,19.9,41.86,913.9,6.05
Cuartel_Malbec_1,2026-05-31T12:00:00,21.08,38.81,912.8,6.18
Cuartel_Malbec_1,2026-05-31T13:00:00,21.68,37.32,912.0,6.28
Cuartel_Malbec_1,2026-05-31T14:00:00,21.49,38.03,911.6,6.48
Cuartel_Malbec_1,2026-05-31T15:00:00,20.27,41.55,911.9,6.74
Cuartel_Malbec_1,2026-05-31T16:00:00,16.24,54.57,912.4,7.06
Cuartel_Malbec_1,2026-05-31T17:00:00,15.34,58.18,913.0,7.16
Cuartel_Malbec_1,2026-05-31T18:00:00,15.01,59.31,913.8,7.12
Cuartel_Malbec_1,2026-05-31T19:00:00,14.41,62.4,914.3,7.24
Cuartel_Malbec_1,2026-05-31T20:00:00,13.49,67.77,914.7,7.52
Cuartel_Malbec_1,2026-05-31T21:00:00,12.61,73.3,914.8,7.77
Cuartel_Malbec_1,2026-05-31T22:00:00,11.92,77.76,915.0,7.9
Cuartel_Malbec_1,2026-05-31T23:00:00,11.53,80.34,915.2,7.91
Cuartel_Malbec_1,2026-06-01T00:00:00,11.25,86.91,908.8,9.14
Cuartel_Malbec_1,2026-06-01T01:00:00,11.39,85.34,908.6,9.01
Cuartel_Malbec_1,2026-06-01T02:00:00,11.07,86.27,908.3,8.85
Cuartel_Malbec_1,2026-06-01T03:00:00,10.49,88.72,908.0,8.69
Cuartel_Malbec_1,2026-06-01T04:00:00,9.61,93.36,907.7,8.57
Cuartel_Malbec_1,2026-06-01T05:00:00,8.97,96.73,907.9,8.46
Cuartel_Malbec_1,2026-06-01T06:00:00,8.45,99.21,908.5,8.33
Cuartel_Malbec_1,2026-06-01T07:00:00,8.98,95.77,908.9,8.32
Cuartel_Malbec_1,2026-06-01T08:00:00,10.57,88.82,909.2,8.78
Cuartel_Malbec_1,2026-06-01T09:00:00,12.06,84.06,909.2,9.45
Cuartel_Malbec_1,2026-06-01T10:00:00,13.81,75.85,908.8,9.67
Cuartel_Malbec_1,2026-06-01T11:00:00,14.99,69.87,908.1,9.61
Cuartel_Malbec_1,2026-06-01T12:00:00,15.46,67.32,907.3,9.51
Cuartel_Malbec_1,2026-06-01T13:00:00,15.8,65.67,906.7,9.47
Cuartel_Malbec_1,2026-06-01T14:00:00,15.76,65.74,906.4,9.44
Cuartel_Malbec_1,2026-06-01T15:00:00,15.29,67.65,906.2,9.42
Cuartel_Malbec_1,2026-06-01T16:00:00,14.21,72.46,906.4,9.39
Cuartel_Malbec_1,2026-06-01T17:00:00,12.9,78.57,906.9,9.3
Cuartel_Malbec_1,2026-06-01T18:00:00,11.98,83.32,907.5,9.24
Cuartel_Malbec_1,2026-06-01T19:00:00,11.25,87.59,907.9,9.25
Cuartel_Malbec_1,2026-06-01T20:00:00,10.73,91.11,907.8,9.32
Cuartel_Malbec_1,2026-06-01T21:00:00,10.39,93.85,907.5,9.42
Cuartel_Malbec_1,2026-06-01T22:00:00,10.18,95.95,907.1,9.54
Cuartel_Malbec_1,2026-06-01T23:00:00,10.03,98.31,906.9,9.76
Cuartel_Malbec_1,2026-06-02T00:00:00,10.04,100.0,906.7,10.04
Cuartel_Malbec_1,2026-06-02T01:00:00,10.11,100.0,906.4,10.11
Cuartel_Malbec_1,2026-06-02T02:00:00,10.43,98.48,906.1,10.19
Cuartel_Malbec_1,2026-06-02T03:00:00,10.46,97.0,905.8,9.99
Cuartel_Malbec_1,2026-06-02T04:00:00,10.67,94.41,905.8,9.79
Cuartel_Malbec_1,2026-06-02T05:00:00,10.92,92.35,906.2,9.7
Cuartel_Malbec_1,2026-06-02T06:00:00,11.02,91.37,907.0,9.64
Cuartel_Malbec_1,2026-06-02T07:00:00,11.16,91.04,907.8,9.73
Cuartel_Malbec_1,2026-06-02T08:00:00,11.6,90.04,908.1,10.0
Cuartel_Malbec_1,2026-06-02T09:00:00,12.44,87.68,908.0,10.44
Cuartel_Malbec_1,2026-06-02T10:00:00,13.63,82.0,907.5,10.63
Cuartel_Malbec_1,2026-06-02T11:00:00,14.92,76.48,906.9,10.87
Cuartel_Malbec_1,2026-06-02T12:00:00,16.14,71.3,906.3,11.02
Cuartel_Malbec_1,2026-06-02T13:00:00,17.27,66.47,905.8,11.05
Cuartel_Malbec_1,2026-06-02T14:00:00,17.83,64.55,905.3,11.14
Cuartel_Malbec_1,2026-06-02T15:00:00,17.4,66.67,905.1,11.22
Cuartel_Malbec_1,2026-06-02T16:00:00,15.98,73.23,905.4,11.26
Cuartel_Malbec_1,2026-06-02T17:00:00,14.43,80.6,905.8,11.16
Cuartel_Malbec_1,2026-06-02T18:00:00,13.58,85.12,906.4,11.13
Cuartel_Malbec_1,2026-06-02T19:00:00,12.94,88.13,906.8,11.01
Cuartel_Malbec_1,2026-06-02T20:00:00,12.27,90.59,907.0,10.75
Cuartel_Malbec_1,2026-06-02T21:00:00,11.64,92.59,906.5,10.46
Cuartel_Malbec_1,2026-06-02T22:00:00,11.01,94.85,906.1,10.19
Cuartel_Malbec_1,2026-06-02T23:00:00,10.52,96.51,905.9,9.97
Cuartel_Malbec_1,2026-06-03T00:00:00,10.13,97.65,905.8,9.76
Cuartel_Malbec_1,2026-06-03T01:00:00,10.25,95.12,905.7,9.48
Cuartel_Malbec_1,2026-06-03T02:00:00,10.58,90.84,905.1,9.12
Cuartel_Malbec_1,2026-06-03T03:00:00,10.71,88.67,904.6,8.9
Cuartel_Malbec_1,2026-06-03T04:00:00,10.76,87.58,904.5,8.77
Cuartel_Malbec_1,2026-06-03T05:00:00,10.73,87.48,905.1,8.72
Cuartel_Malbec_1,2026-06-03T06:00:00,10.69,87.26,906.1,8.65
Cuartel_Malbec_1,2026-06-03T07:00:00,10.76,87.48,906.8,8.75
Cuartel_Malbec_1,2026-06-03T08:00:00,11.17,87.78,907.3,9.21
Cuartel_Malbec_1,2026-06-03T09:00:00,12.06,84.31,907.4,9.49
Cuartel_Malbec_1,2026-06-03T10:00:00,13.22,76.58,907.1,9.24
Cuartel_Malbec_1,2026-06-03T11:00:00,14.5,70.53,906.7,9.27
Cuartel_Malbec_1,2026-06-03T12:00:00,15.2,67.4,906.5,9.28
Cuartel_Malbec_1,2026-06-03T13:00:00,15.52,66.36,906.6,9.36
Cuartel_Malbec_1,2026-06-03T14:00:00,15.47,67.09,906.9,9.47
Cuartel_Malbec_1,2026-06-03T15:00:00,14.88,70.3,907.1,9.59
Cuartel_Malbec_1,2026-06-03T16:00:00,13.61,76.36,907.5,9.57
Cuartel_Malbec_1,2026-06-03T17:00:00,12.24,82.88,908.2,9.42
Cuartel_Malbec_1,2026-06-03T18:00:00,11.65,85.59,908.8,9.31
Cuartel_Malbec_1,2026-06-03T19:00:00,11.56,85.62,909.3,9.23
Cuartel_Malbec_1,2026-06-03T20:00:00,11.36,86.48,909.7,9.18
Cuartel_Malbec_1,2026-06-03T21:00:00,10.82,89.21,910.0,9.1
Cuartel_Malbec_1,2026-06-03T22:00:00,10.19,92.68,909.8,9.03
Cuartel_Malbec_1,2026-06-03T23:00:00,9.82,94.51,909.6,8.96
Cuartel_Malbec_1,2026-06-04T00:00:00,9.82,94.16,909.7,8.9
Cuartel_Malbec_1,2026-06-04T01:00:00,9.69,95.08,909.4,8.92
Cuartel_Malbec_1,2026-06-04T02:00:00,9.5,96.48,908.8,8.95
Cuartel_Malbec_1,2026-06-04T03:00:00,9.35,97.5,908.1,8.96
Cuartel_Malbec_1,2026-06-04T04:00:00,9.22,98.32,907.7,8.96
Cuartel_Malbec_1,2026-06-04T05:00:00,9.1,99.01,907.9,8.95
Cuartel_Malbec_1,2026-06-04T06:00:00,9.01,99.67,908.3,8.96
Cuartel_Malbec_1,2026-06-04T07:00:00,9.24,98.78,908.6,9.05
Cuartel_Malbec_1,2026-06-04T08:00:00,10.79,91.95,908.7,9.51
Cuartel_Malbec_1,2026-06-04T09:00:00,12.8,81.87,908.6,9.79
Cuartel_Malbec_1,2026-06-04T10:00:00,14.43,72.0,908.0,9.51
Cuartel_Malbec_1,2026-06-04T11:00:00,15.46,66.58,907.3,9.35
Cuartel_Malbec_1,2026-06-04T12:00:00,16.2,63.07,906.6,9.25
Cuartel_Malbec_1,2026-06-04T13:00:00,16.96,59.85,906.3,9.18
Cuartel_Malbec_1,2026-06-04T14:00:00,17.31,58.59,906.0,9.19
Cuartel_Malbec_1,2026-06-04T15:00:00,16.83,60.47,906.0,9.21
Cuartel_Malbec_1,2026-06-04T16:00:00,15.18,66.71,906.3,9.11
Cuartel_Malbec_1,2026-06-04T17:00:00,13.29,74.52,906.9,8.91
Cuartel_Malbec_1,2026-06-04T18:00:00,12.48,78.95,907.8,8.96
Cuartel_Malbec_1,2026-06-04T19:00:00,12.17,81.65,908.4,9.14
Cuartel_Malbec_1,2026-06-04T20:00:00,12.17,82.48,908.5,9.28
Cuartel_Malbec_1,2026-06-04T21:00:00,12.15,82.66,908.2,9.3
Cuartel_Malbec_1,2026-06-04T22:00:00,11.85,84.19,908.1,9.27
Cuartel_Malbec_1,2026-06-04T23:00:00,11.38,87.16,908.0,9.31
Cuartel_Malbec_1,2026-06-05T00:00:00,10.74,91.07,908.0,9.32
Cuartel_Malbec_1,2026-06-05T01:00:00,10.04,95.29,907.8,9.3
Cuartel_Malbec_1,2026-06-05T02:00:00,9.68,97.23,907.6,9.25
Cuartel_Malbec_1,2026-06-05T03:00:00,9.59,95.85,907.2,8.94
Cuartel_Malbec_1,2026-06-05T04:00:00,9.74,92.13,907.2,8.5
Cuartel_Malbec_1,2026-06-05T05:00:00,10.27,87.36,907.8,8.25
Cuartel_Malbec_1,2026-06-05T06:00:00,10.51,85.51,909.0,8.18
Cuartel_Malbec_1,2026-06-05T07:00:00,10.65,84.8,909.9,8.19
Cuartel_Malbec_1,2026-06-05T08:00:00,11.13,85.15,910.5,8.72
Cuartel_Malbec_1,2026-06-05T09:00:00,12.1,82.02,910.6,9.14
Cuartel_Malbec_1,2026-06-05T10:00:00,13.31,76.47,910.0,9.3
Cuartel_Malbec_1,2026-06-05T11:00:00,14.44,70.74,909.4,9.26
Cuartel_Malbec_1,2026-06-05T12:00:00,15.43,65.89,908.5,9.16
Cuartel_Malbec_1,2026-06-05T13:00:00,16.25,62.72,907.9,9.21
Cuartel_Malbec_1,2026-06-05T14:00:00,16.71,61.34,907.5,9.31
Cuartel_Malbec_1,2026-06-05T15:00:00,16.34,63.33,907.3,9.44
Cuartel_Malbec_1,2026-06-05T16:00:00,14.76,70.87,907.4,9.59
Cuartel_Malbec_1,2026-06-05T17:00:00,13.25,78.19,907.7,9.57
Cuartel_Malbec_1,2026-06-05T18:00:00,12.73,81.42,908.1,9.65
Cuartel_Malbec_1,2026-06-05T19:00:00,12.37,84.1,908.4,9.76
Cuartel_Malbec_1,2026-06-05T20:00:00,12.03,86.63,908.5,9.86
Cuartel_Malbec_1,2026-06-05T21:00:00,11.7,88.64,908.4,9.87
Cuartel_Malbec_1,2026-06-05T22:00:00,11.44,90.05,908.2,9.85
Cuartel_Malbec_1,2026-06-05T23:00:00,11.14,91.61,907.9,9.8
Cuartel_Malbec_1,2026-06-06T00:00:00,10.71,93.34,907.6,9.65
Cuartel_Malbec_1,2026-06-06T01:00:00,10.24,95.12,907.3,9.47
Cuartel_Malbec_1,2026-06-06T02:00:00,9.96,95.79,906.6,9.3
Cuartel_Malbec_1,2026-06-06T03:00:00,9.42,98.51,905.8,9.19
Cuartel_Malbec_1,2026-06-06T04:00:00,9.05,99.47,905.6,8.97
Cuartel_Malbec_1,2026-06-06T05:00:00,9.15,96.73,906.0,8.64
Cuartel_Malbec_1,2026-06-06T06:00:00,9.45,92.31,906.7,8.24
Cuartel_Malbec_1,2026-06-06T07:00:00,9.61,91.13,907.2,8.21
Cuartel_Malbec_1,2026-06-06T08:00:00,10.13,91.3,907.5,8.75
Cuartel_Malbec_1,2026-06-06T09:00:00,11.32,86.82,907.5,9.19
Cuartel_Malbec_1,2026-06-06T10:00:00,12.59,82.5,907.4,9.7
Cuartel_Malbec_1,2026-06-06T11:00:00,13.86,77.08,906.9,9.95
Cuartel_Malbec_1,2026-06-06T12:00:00,15.14,70.9,906.1,9.97
Cuartel_Malbec_1,2026-06-06T13:00:00,15.73,67.91,905.7,9.9
Cuartel_Malbec_1,2026-06-06T14:00:00,15.46,68.99,905.4,9.87
Cuartel_Malbec_1,2026-06-06T15:00:00,14.38,74.24,905.5,9.91
Cuartel_Malbec_1,2026-06-06T16:00:00,13.17,81.02,906.0,10.0
Cuartel_Malbec_1,2026-06-06T17:00:00,12.39,85.95,906.8,10.1
Cuartel_Malbec_1,2026-06-06T18:00:00,11.91,88.92,907.9,10.12
Cuartel_Malbec_1,2026-06-06T19:00:00,11.46,91.57,908.6,10.11
Cuartel_Malbec_1,2026-06-06T20:00:00,10.92,94.49,908.8,10.05
Cuartel_Malbec_1,2026-06-06T21:00:00,10.49,96.56,908.8,9.95
Cuartel_Malbec_1,2026-06-06T22:00:00,10.36,96.6,908.9,9.82
Cuartel_Malbec_1,2026-06-06T23:00:00,10.25,96.26,908.8,9.66
Cuartel_Malbec_1,2026-06-07T00:00:00,10.03,96.17,908.9,9.43
Cuartel_Malbec_1,2026-06-07T01:00:00,9.68,96.52,908.8,9.13
Cuartel_Malbec_1,2026-06-07T02:00:00,9.31,96.94,908.4,8.83
Cuartel_Malbec_1,2026-06-07T03:00:00,8.99,97.52,908.2,8.6
Cuartel_Malbec_1,2026-06-07T04:00:00,8.44,99.65,908.3,8.39
Cuartel_Malbec_1,2026-06-07T05:00:00,8.11,100.0,908.8,8.11
Cuartel_Malbec_1,2026-06-07T06:00:00,8.24,99.98,909.7,8.24
Cuartel_Malbec_1,2026-06-07T07:00:00,8.88,96.56,910.3,8.34
Cuartel_Malbec_1,2026-06-07T08:00:00,10.15,89.38,910.5,8.46
Cuartel_Malbec_1,2026-06-07T09:00:00,11.39,81.1,910.5,8.28
Cuartel_Malbec_1,2026-06-07T10:00:00,12.64,72.48,910.1,7.88
Cuartel_Malbec_1,2026-06-07T11:00:00,13.29,67.52,909.6,7.48
Cuartel_Malbec_1,2026-06-07T12:00:00,13.23,67.09,909.2,7.32
Cuartel_Malbec_1,2026-06-07T13:00:00,12.91,68.12,909.2,7.24
Cuartel_Malbec_1,2026-06-07T14:00:00,12.36,70.32,909.3,7.17
Cuartel_Malbec_1,2026-06-07T15:00:00,11.7,72.84,909.5,7.04
Cuartel_Malbec_1,2026-06-07T16:00:00,11.01,75.41,910.1,6.87
Cuartel_Malbec_1,2026-06-07T17:00:00,10.37,77.85,910.9,6.7
Cuartel_Malbec_1,2026-06-07T18:00:00,9.76,80.59,912.0,6.6
Cuartel_Malbec_1,2026-06-07T19:00:00,9.15,83.53,912.8,6.51
Cuartel_Malbec_1,2026-06-07T20:00:00,8.63,86.29,913.1,6.46
Cuartel_Malbec_1,2026-06-07T21:00:00,8.07,89.23,913.0,6.38
Cuartel_Malbec_1,2026-06-07T22:00:00,7.56,91.94,912.8,6.31
Cuartel_Malbec_1,2026-06-07T23:00:00,7.25,93.31,912.5,6.22
Cuartel_Malbec_1,2026-06-08T00:00:00,6.87,95.02,912.2,6.1
Cuartel_Malbec_1,2026-06-08T01:00:00,6.43,97.16,912.0,6.0
Cuartel_Malbec_1,2026-06-08T02:00:00,6.26,96.88,911.5,5.78
Cuartel_Malbec_1,2026-06-08T03:00:00,6.16,96.12,911.1,5.57
Cuartel_Malbec_1,2026-06-08T04:00:00,6.13,95.38,910.9,5.42
Cuartel_Malbec_1,2026-06-08T05:00:00,6.19,94.57,911.3,5.36
Cuartel_Malbec_1,2026-06-08T06:00:00,6.22,94.14,912.1,5.32
Cuartel_Malbec_1,2026-06-08T07:00:00,6.61,91.71,912.8,5.33
Cuartel_Malbec_1,2026-06-08T08:00:00,7.7,84.57,913.0,5.26
Cuartel_Malbec_1,2026-06-08T09:00:00,9.23,75.84,912.7,5.22
Cuartel_Malbec_1,2026-06-08T10:00:00,10.72,68.44,911.7,5.21
Cuartel_Malbec_1,2026-06-08T11:00:00,11.82,63.43,910.4,5.16
Cuartel_Malbec_1,2026-06-08T12:00:00,12.66,60.05,909.3,5.16
Cuartel_Malbec_1,2026-06-08T13:00:00,13.35,57.64,908.6,5.21
Cuartel_Malbec_1,2026-06-08T14:00:00,13.6,56.86,908.1,5.25
Cuartel_Malbec_1,2026-06-08T15:00:00,13.06,58.87,907.7,5.25
Cuartel_Malbec_1,2026-06-08T16:00:00,11.67,64.49,907.4,5.26
Cuartel_Malbec_1,2026-06-08T17:00:00,10.21,70.61,907.6,5.16
Cuartel_Malbec_1,2026-06-08T18:00:00,9.39,73.78,908.1,4.99
Cuartel_Malbec_1,2026-06-08T19:00:00,8.77,76.07,908.4,4.82
Cuartel_Malbec_1,2026-06-08T20:00:00,8.21,78.2,908.3,4.66
Cuartel_Malbec_1,2026-06-08T21:00:00,7.7,79.97,907.9,4.48
Cuartel_Malbec_1,2026-06-08T22:00:00,7.25,81.26,907.1,4.26
Cuartel_Malbec_1,2026-06-08T23:00:00,6.84,82.49,906.4,4.07
Cuartel_Malbec_1,2026-06-09T00:00:00,6.63,83.06,906.0,3.96
Cuartel_Malbec_1,2026-06-09T01:00:00,6.63,82.7,905.3,3.9
Cuartel_Malbec_1,2026-06-09T02:00:00,6.66,82.46,904.5,3.88
Cuartel_Malbec_1,2026-06-09T03:00:00,6.73,81.87,904.0,3.85
Cuartel_Malbec_1,2026-06-09T04:00:00,6.79,81.23,903.8,3.8
Cuartel_Malbec_1,2026-06-09T05:00:00,6.92,80.28,904.5,3.77
Cuartel_Malbec_1,2026-06-09T06:00:00,6.74,81.35,905.3,3.78
Cuartel_Malbec_1,2026-06-09T07:00:00,6.72,82.08,905.7,3.88
Cuartel_Malbec_1,2026-06-09T08:00:00,7.43,81.11,905.6,4.41
Cuartel_Malbec_1,2026-06-09T09:00:00,8.58,75.38,905.4,4.51
Cuartel_Malbec_1,2026-06-09T10:00:00,9.62,71.2,905.0,4.71
Cuartel_Malbec_1,2026-06-09T11:00:00,10.58,68.41,904.3,5.07
Cuartel_Malbec_1,2026-06-09T12:00:00,11.43,65.97,903.3,5.36
Cuartel_Malbec_1,2026-06-09T13:00:00,12.46,62.47,902.4,5.55
Cuartel_Malbec_1,2026-06-09T14:00:00,13.13,60.81,902.0,5.79
Cuartel_Malbec_1,2026-06-09T15:00:00,12.83,63.28,902.0,6.09
Cuartel_Malbec_1,2026-06-09T16:00:00,11.49,71.58,902.4,6.59
Cuartel_Malbec_1,2026-06-09T17:00:00,10.17,77.39,902.9,6.42
Cuartel_Malbec_1,2026-06-09T18:00:00,9.33,81.28,903.0,6.3
Cuartel_Malbec_1,2026-06-09T19:00:00,8.56,84.98,903.1,6.17
Cuartel_Malbec_1,2026-06-09T20:00:00,8.02,88.14,903.0,6.16
Cuartel_Malbec_1,2026-06-09T21:00:00,7.9,89.11,902.7,6.2
Cuartel_Malbec_1,2026-06-09T22:00:00,7.93,89.57,902.4,6.3
Cuartel_Malbec_1,2026-06-09T23:00:00,7.82,90.76,902.1,6.38
Cuartel_Malbec_1,2026-06-10T00:00:00,7.79,91.06,901.9,6.4
Cuartel_Malbec_1,2026-06-10T01:00:00,7.91,89.61,901.6,6.29
Cuartel_Malbec_1,2026-06-10T02:00:00,8.3,84.88,901.3,5.9
Cuartel_Malbec_1,2026-06-10T03:00:00,8.49,81.04,901.0,5.43
Cuartel_Malbec_1,2026-06-10T04:00:00,8.0,82.96,900.8,5.28
Cuartel_Malbec_1,2026-06-10T05:00:00,7.45,85.34,901.2,5.14
Cuartel_Malbec_1,2026-06-10T06:00:00,7.2,84.34,902.0,4.73
Cuartel_Malbec_1,2026-06-10T07:00:00,7.54,78.72,902.7,4.1
Cuartel_Malbec_1,2026-06-10T08:00:00,9.31,66.17,903.3,3.38
Cuartel_Malbec_1,2026-06-10T09:00:00,10.79,58.85,904.0,3.11
Cuartel_Malbec_1,2026-06-10T10:00:00,11.64,53.42,904.2,2.51
Cuartel_Malbec_1,2026-06-10T11:00:00,12.53,50.66,903.9,2.56
Cuartel_Malbec_1,2026-06-10T12:00:00,13.58,47.83,903.4,2.7
Cuartel_Malbec_1,2026-06-10T13:00:00,14.09,47.34,903.3,3.02
Cuartel_Malbec_1,2026-06-10T14:00:00,13.76,50.02,903.4,3.52
Cuartel_Malbec_1,2026-06-10T15:00:00,12.96,54.27,903.8,3.97
Cuartel_Malbec_1,2026-06-10T16:00:00,11.73,60.77,904.4,4.46
Cuartel_Malbec_1,2026-06-10T17:00:00,10.48,66.3,905.0,4.52
Cuartel_Malbec_1,2026-06-10T18:00:00,9.67,69.79,905.4,4.47
Cuartel_Malbec_1,2026-06-10T19:00:00,8.93,73.01,905.9,4.4
Cuartel_Malbec_1,2026-06-10T20:00:00,8.09,76.93,906.2,4.31
Cuartel_Malbec_1,2026-06-10T21:00:00,7.5,79.29,906.7,4.16
Cuartel_Malbec_1,2026-06-10T22:00:00,7.18,79.08,907.1,3.81
Cuartel_Malbec_1,2026-06-10T23:00:00,7.03,76.89,907.4,3.28
Cuartel_Malbec_1,2026-06-11T00:00:00,6.93,73.37,907.6,2.53
Cuartel_Malbec_1,2026-06-11T01:00:00,6.95,68.91,907.6,1.68
Cuartel_Malbec_1,2026-06-11T02:00:00,7.31,63.39,907.4,0.86
Cuartel_Malbec_1,2026-06-11T03:00:00,7.55,59.27,907.0,0.15
Cuartel_Malbec_1,2026-06-11T04:00:00,7.53,57.51,906.8,-0.29
Cuartel_Malbec_1,2026-06-11T05:00:00,6.66,60.89,906.6,-0.31
Cuartel_Malbec_1,2026-06-11T06:00:00,6.25,62.19,906.8,-0.41
Cuartel_Malbec_1,2026-06-11T07:00:00,6.45,62.11,907.0,-0.24
Cuartel_Malbec_1,2026-06-11T08:00:00,8.36,61.89,907.1,1.52
Cuartel_Malbec_1,2026-06-11T09:00:00,11.34,53.89,906.7,2.35
Cuartel_Malbec_1,2026-06-11T10:00:00,13.6,50.3,905.6,3.45
Cuartel_Malbec_1,2026-06-11T11:00:00,15.16,45.82,904.3,3.52
Cuartel_Malbec_1,2026-06-11T12:00:00,16.16,42.7,903.3,3.4
Cuartel_Malbec_1,2026-06-11T13:00:00,16.64,41.68,902.6,3.49
Cuartel_Malbec_1,2026-06-11T14:00:00,16.53,42.33,902.1,3.61
Cuartel_Malbec_1,2026-06-11T15:00:00,15.64,46.25,901.8,4.1
Cuartel_Malbec_1,2026-06-11T16:00:00,13.9,53.56,901.8,4.65
Cuartel_Malbec_1,2026-06-11T17:00:00,12.37,56.71,902.2,4.06
Cuartel_Malbec_1,2026-06-11T18:00:00,11.0,61.01,902.4,3.82
Cuartel_Malbec_1,2026-06-11T19:00:00,9.82,65.31,902.6,3.68
Cuartel_Malbec_1,2026-06-11T20:00:00,8.99,68.41,902.3,3.54
Cuartel_Malbec_1,2026-06-11T21:00:00,8.7,68.73,902.1,3.33
Cuartel_Malbec_1,2026-06-11T22:00:00,8.94,65.83,901.7,2.95
Cuartel_Malbec_1,2026-06-11T23:00:00,8.96,64.19,901.1,2.61
Cuartel_Malbec_1,2026-06-12T00:00:00,8.63,65.07,900.4,2.49
Cuartel_Malbec_1,2026-06-12T01:00:00,8.16,67.95,900.1,2.65
Cuartel_Malbec_1,2026-06-12T02:00:00,7.67,72.01,899.7,2.99
Cuartel_Malbec_1,2026-06-12T03:00:00,7.26,75.86,899.3,3.31
Cuartel_Malbec_1,2026-06-12T04:00:00,7.06,78.17,899.0,3.54
Cuartel_Malbec_1,2026-06-12T05:00:00,6.87,80.07,899.2,3.68
Cuartel_Malbec_1,2026-06-12T06:00:00,6.65,81.9,899.4,3.78
Cuartel_Malbec_1,2026-06-12T07:00:00,6.94,81.18,899.7,3.94
Cuartel_Malbec_1,2026-06-12T08:00:00,8.56,75.17,900.2,4.45
Cuartel_Malbec_1,2026-06-12T09:00:00,10.83,70.22,900.7,5.68
Cuartel_Malbec_1,2026-06-12T10:00:00,12.91,59.86,900.7,5.35
Cuartel_Malbec_1,2026-06-12T11:00:00,14.68,54.0,900.0,5.5
Cuartel_Malbec_1,2026-06-12T12:00:00,16.2,49.41,899.2,5.59
Cuartel_Malbec_1,2026-06-12T13:00:00,17.37,46.35,898.8,5.72
Cuartel_Malbec_1,2026-06-12T14:00:00,17.82,46.52,898.7,6.18
Cuartel_Malbec_1,2026-06-12T15:00:00,17.21,52.38,899.0,7.4
Cuartel_Malbec_1,2026-06-12T16:00:00,14.91,60.1,899.3,7.3
Cuartel_Malbec_1,2026-06-12T17:00:00,12.49,65.81,899.6,6.34
Cuartel_Malbec_1,2026-06-12T18:00:00,11.16,69.72,899.9,5.89
Cuartel_Malbec_1,2026-06-12T19:00:00,10.33,71.87,900.1,5.53
Cuartel_Malbec_1,2026-06-12T20:00:00,10.14,71.07,900.4,5.19
Cuartel_Malbec_1,2026-06-12T21:00:00,10.43,67.34,900.7,4.7
Cuartel_Malbec_1,2026-06-12T22:00:00,9.3,71.1,901.3,4.38
Cuartel_Malbec_1,2026-06-12T23:00:00,8.33,77.58,902.2,4.67
Cuartel_Malbec_1,2026-06-13T00:00:00,8.05,81.83,903.2,5.14
Cuartel_Malbec_1,2026-06-13T01:00:00,7.84,83.06,903.8,5.14
Cuartel_Malbec_1,2026-06-13T02:00:00,7.41,84.71,903.9,5.0
Cuartel_Malbec_1,2026-06-13T03:00:00,6.96,86.06,903.9,4.78
Cuartel_Malbec_1,2026-06-13T04:00:00,6.48,87.47,904.0,4.53
Cuartel_Malbec_1,2026-06-13T05:00:00,6.02,89.27,904.6,4.37
Cuartel_Malbec_1,2026-06-13T06:00:00,5.51,91.02,905.9,4.13
Cuartel_Malbec_1,2026-06-13T07:00:00,5.73,87.4,907.1,3.78
Cuartel_Malbec_1,2026-06-13T08:00:00,6.94,82.97,908.3,4.25
Cuartel_Malbec_1,2026-06-13T09:00:00,8.4,73.86,909.2,4.05
Cuartel_Malbec_1,2026-06-13T10:00:00,9.67,68.74,909.1,4.26
Cuartel_Malbec_1,2026-06-13T11:00:00,10.74,64.74,908.5,4.43
Cuartel_Malbec_1,2026-06-13T12:00:00,11.15,63.94,907.9,4.64
Cuartel_Malbec_1,2026-06-13T13:00:00,10.96,64.98,908.0,4.69
Cuartel_Malbec_1,2026-06-13T14:00:00,10.41,66.65,908.7,4.53
Cuartel_Malbec_1,2026-06-13T15:00:00,9.5,69.44,909.5,4.24
Cuartel_Malbec_1,2026-06-13T16:00:00,8.21,74.0,910.6,3.89
Cuartel_Malbec_1,2026-06-13T17:00:00,6.98,78.84,911.8,3.58
Cuartel_Malbec_1,2026-06-13T18:00:00,6.1,81.52,912.5,3.18
Cuartel_Malbec_1,2026-06-13T19:00:00,5.4,83.31,912.7,2.79
Cuartel_Malbec_1,2026-06-13T20:00:00,4.76,84.91,912.8,2.43
Cuartel_Malbec_1,2026-06-13T21:00:00,4.24,85.94,912.7,2.08
Cuartel_Malbec_1,2026-06-13T22:00:00,3.86,86.45,912.7,1.79
Cuartel_Malbec_1,2026-06-13T23:00:00,3.66,86.21,912.7,1.55
Cuartel_Malbec_1,2026-06-14T00:00:00,3.51,85.62,912.4,1.31
Cuartel_Malbec_1,2026-06-14T01:00:00,3.31,85.49,912.2,1.1
Cuartel_Malbec_1,2026-06-14T02:00:00,2.99,86.44,911.6,0.93
Cuartel_Malbec_1,2026-06-14T03:00:00,2.7,87.21,911.2,0.77
Cuartel_Malbec_1,2026-06-14T04:00:00,2.51,87.58,911.0,0.64
Cuartel_Malbec_1,2026-06-14T05:00:00,2.39,87.55,911.1,0.51
Cuartel_Malbec_1,2026-06-14T06:00:00,2.2,88.17,911.5,0.42
Cuartel_Malbec_1,2026-06-14T07:00:00,2.49,86.57,911.6,0.46
Cuartel_Malbec_1,2026-06-14T08:00:00,4.08,81.97,911.3,1.28
Cuartel_Malbec_1,2026-06-14T09:00:00,6.45,71.6,911.2,1.73
Cuartel_Malbec_1,2026-06-14T10:00:00,8.49,63.04,910.7,1.91
Cuartel_Malbec_1,2026-06-14T11:00:00,10.59,56.28,909.9,2.27
Cuartel_Malbec_1,2026-06-14T12:00:00,12.26,52.26,908.9,2.77
Cuartel_Malbec_1,2026-06-14T13:00:00,13.1,52.11,908.2,3.5
Cuartel_Malbec_1,2026-06-14T14:00:00,13.32,53.63,908.0,4.13
Cuartel_Malbec_1,2026-06-14T15:00:00,12.86,57.52,908.0,4.72
Cuartel_Malbec_1,2026-06-14T16:00:00,11.26,68.05,908.1,5.64
Cuartel_Malbec_1,2026-06-14T17:00:00,9.51,75.42,908.5,5.42
Cuartel_Malbec_1,2026-06-14T18:00:00,8.43,80.65,909.0,5.31
Cuartel_Malbec_1,2026-06-14T19:00:00,7.64,84.98,909.2,5.27
Cuartel_Malbec_1,2026-06-14T20:00:00,6.96,88.75,909.3,5.21
Cuartel_Malbec_1,2026-06-14T21:00:00,6.43,91.59,909.2,5.14
Cuartel_Malbec_1,2026-06-14T22:00:00,6.04,93.47,909.1,5.04
Cuartel_Malbec_1,2026-06-14T23:00:00,5.83,94.21,909.2,4.95
Cuartel_Malbec_1,2026-06-15T00:00:00,5.82,93.49,909.2,4.82
Cuartel_Malbec_1,2026-06-15T01:00:00,5.81,92.58,908.9,4.67
Cuartel_Malbec_1,2026-06-15T02:00:00,5.65,92.62,908.5,4.52
Cuartel_Malbec_1,2026-06-15T03:00:00,5.39,93.0,908.3,4.32
Cuartel_Malbec_1,2026-06-15T04:00:00,5.34,90.41,908.5,3.87
Cuartel_Malbec_1,2026-06-15T05:00:00,5.58,84.98,909.1,3.24
Cuartel_Malbec_1,2026-06-15T06:00:00,5.73,81.16,909.7,2.76
Cuartel_Malbec_1,2026-06-15T07:00:00,6.07,77.74,909.9,2.5
Cuartel_Malbec_1,2026-06-15T08:00:00,7.24,73.87,910.0,2.93
Cuartel_Malbec_1,2026-06-15T09:00:00,9.45,71.19,910.0,4.54
Cuartel_Malbec_1,2026-06-15T10:00:00,11.7,59.35,909.7,4.09
Cuartel_Malbec_1,2026-06-15T11:00:00,13.59,53.52,909.3,4.35
Cuartel_Malbec_1,2026-06-15T12:00:00,14.25,52.76,908.7,4.76
Cuartel_Malbec_1,2026-06-15T13:00:00,14.55,52.42,908.4,4.94
Cuartel_Malbec_1,2026-06-15T14:00:00,14.42,53.83,908.3,5.21
Cuartel_Malbec_1,2026-06-15T15:00:00,13.54,58.68,908.3,5.66
Cuartel_Malbec_1,2026-06-15T16:00:00,11.95,66.49,908.4,5.97
Cuartel_Malbec_1,2026-06-15T17:00:00,10.33,72.46,908.9,5.64
Cuartel_Malbec_1,2026-06-15T18:00:00,9.38,76.16,909.4,5.43
Cuartel_Malbec_1,2026-06-15T19:00:00,9.02,76.28,909.6,5.1
Cuartel_Malbec_1,2026-06-15T20:00:00,8.9,74.6,909.4,4.67
Cuartel_Malbec_1,2026-06-15T21:00:00,8.42,75.31,908.9,4.34
Cuartel_Malbec_1,2026-06-15T22:00:00,7.97,76.66,908.4,4.15
Cuartel_Malbec_1,2026-06-15T23:00:00,7.91,75.87,908.2,3.95
Cuartel_Malbec_1,2026-06-16T00:00:00,7.84,75.26,908.1,3.77
Cuartel_Malbec_1,2026-06-16T01:00:00,7.66,75.35,907.9,3.61
Cuartel_Malbec_1,2026-06-16T02:00:00,7.71,74.23,907.5,3.45
Cuartel_Malbec_1,2026-06-16T03:00:00,7.84,72.59,907.1,3.26
Cuartel_Malbec_1,2026-06-16T04:00:00,7.62,72.98,907.0,3.13
Cuartel_Malbec_1,2026-06-16T05:00:00,7.04,76.27,907.4,3.17
Cuartel_Malbec_1,2026-06-16T06:00:00,6.9,76.32,908.0,3.05
Cuartel_Malbec_1,2026-06-16T07:00:00,7.01,74.17,908.2,2.76
Cuartel_Malbec_1,2026-06-16T08:00:00,8.77,66.71,908.5,2.97
Cuartel_Malbec_1,2026-06-16T09:00:00,11.47,60.29,908.6,4.1
Cuartel_Malbec_1,2026-06-16T10:00:00,13.89,49.6,908.4,3.51
Cuartel_Malbec_1,2026-06-16T11:00:00,15.89,44.29,907.8,3.69
Cuartel_Malbec_1,2026-06-16T12:00:00,16.24,45.55,907.0,4.42
Cuartel_Malbec_1,2026-06-16T13:00:00,15.67,49.07,906.2,5.0
Cuartel_Malbec_1,2026-06-16T14:00:00,15.78,49.62,906.4,5.27
Cuartel_Malbec_1,2026-06-16T15:00:00,15.4,51.95,906.9,5.6
Cuartel_Malbec_1,2026-06-16T16:00:00,13.33,60.95,907.5,6.02
Cuartel_Malbec_1,2026-06-16T17:00:00,11.55,66.33,908.2,5.55
Cuartel_Malbec_1,2026-06-16T18:00:00,10.91,68.9,908.5,5.48
Cuartel_Malbec_1,2026-06-16T19:00:00,10.82,69.1,908.6,5.44
Cuartel_Malbec_1,2026-06-16T20:00:00,10.77,68.89,908.7,5.35
Cuartel_Malbec_1,2026-06-16T21:00:00,10.5,69.91,908.8,5.3
Cuartel_Malbec_1,2026-06-16T22:00:00,10.33,70.6,908.8,5.27
Cuartel_Malbec_1,2026-06-16T23:00:00,10.29,70.32,908.7,5.18
Cuartel_Malbec_1,2026-06-17T00:00:00,10.39,69.17,908.8,5.04
Cuartel_Malbec_1,2026-06-17T01:00:00,9.68,71.73,909.3,4.87
Cuartel_Malbec_1,2026-06-17T02:00:00,8.12,80.22,909.0,4.93
Cuartel_Malbec_1,2026-06-17T03:00:00,7.99,80.4,909.0,4.83
Cuartel_Malbec_1,2026-06-17T04:00:00,8.0,79.9,908.7,4.76
Cuartel_Malbec_1,2026-06-17T05:00:00,8.76,74.47,908.7,4.51
Cuartel_Malbec_1,2026-06-17T06:00:00,8.8,72.85,908.5,4.24
Cuartel_Malbec_1,2026-06-17T07:00:00,8.62,73.07,908.2,4.11
Cuartel_Malbec_1,2026-06-17T08:00:00,9.54,71.94,908.0,4.78
Cuartel_Malbec_1,2026-06-17T09:00:00,11.2,64.59,907.8,4.83
Cuartel_Malbec_1,2026-06-17T10:00:00,12.72,61.82,907.0,5.65
Cuartel_Malbec_1,2026-06-17T11:00:00,14.44,56.86,905.7,6.04
Cuartel_Malbec_1,2026-06-17T12:00:00,15.77,52.51,904.1,6.1
Cuartel_Malbec_1,2026-06-17T13:00:00,16.24,50.89,902.9,6.07
Cuartel_Malbec_1,2026-06-17T14:00:00,16.05,51.33,902.6,6.02
Cuartel_Malbec_1,2026-06-17T15:00:00,15.14,54.28,901.8,6.01
Cuartel_Malbec_1,2026-06-17T16:00:00,13.93,59.8,902.0,6.3
Cuartel_Malbec_1,2026-06-17T17:00:00,12.93,64.96,901.7,6.57
Cuartel_Malbec_1,2026-06-17T18:00:00,12.16,69.73,901.4,6.86
Cuartel_Malbec_1,2026-06-17T19:00:00,11.4,75.12,901.3,7.19
Cuartel_Malbec_1,2026-06-17T20:00:00,10.88,78.83,900.9,7.37
Cuartel_Malbec_1,2026-06-17T21:00:00,10.2,82.34,900.6,7.33
Cuartel_Malbec_1,2026-06-17T22:00:00,9.8,84.82,900.6,7.36
Cuartel_Malbec_1,2026-06-17T23:00:00,9.55,86.66,899.8,7.42
Cuartel_Malbec_1,2026-06-18T00:00:00,9.27,87.46,899.9,7.28
Cuartel_Malbec_1,2026-06-18T01:00:00,8.99,87.87,899.8,7.07
Cuartel_Malbec_1,2026-06-18T02:00:00,8.44,90.29,899.8,6.92
Cuartel_Malbec_1,2026-06-18T03:00:00,7.89,92.41,900.0,6.71
Cuartel_Malbec_1,2026-06-18T04:00:00,7.64,92.15,900.7,6.42
Cuartel_Malbec_1,2026-06-18T05:00:00,7.73,89.1,901.7,6.03
Cuartel_Malbec_1,2026-06-18T06:00:00,8.09,82.19,902.3,5.24
Cuartel_Malbec_1,2026-06-18T07:00:00,9.13,69.54,902.6,3.9
Cuartel_Malbec_1,2026-06-18T08:00:00,10.87,59.95,903.6,3.45
Cuartel_Malbec_1,2026-06-18T09:00:00,12.92,52.35,905.0,3.4
Cuartel_Malbec_1,2026-06-18T10:00:00,14.54,50.57,905.8,4.4
Cuartel_Malbec_1,2026-06-18T11:00:00,15.64,49.47,905.9,5.09
Cuartel_Malbec_1,2026-06-18T12:00:00,15.93,49.19,905.7,5.28
Cuartel_Malbec_1,2026-06-18T13:00:00,16.08,48.7,905.3,5.27
Cuartel_Malbec_1,2026-06-18T14:00:00,16.33,47.14,905.1,5.01
Cuartel_Malbec_1,2026-06-18T15:00:00,16.02,47.52,905.0,4.85
Cuartel_Malbec_1,2026-06-18T16:00:00,14.21,53.94,905.2,5.04
Cuartel_Malbec_1,2026-06-18T17:00:00,12.23,58.29,906.0,4.33
Cuartel_Malbec_1,2026-06-18T18:00:00,10.72,64.16,907.1,4.28
Cuartel_Malbec_1,2026-06-18T19:00:00,9.56,69.29,908.0,4.27
Cuartel_Malbec_1,2026-06-18T20:00:00,9.03,71.25,908.8,4.15
Cuartel_Malbec_1,2026-06-18T21:00:00,8.54,72.92,909.5,4.0
Cuartel_Malbec_1,2026-06-18T22:00:00,7.79,76.1,910.1,3.87
Cuartel_Malbec_1,2026-06-18T23:00:00,7.04,79.27,910.5,3.71
Cuartel_Cabernet_2,2026-04-20T00:00:00,9.47,79.28,912.5,6.03
Cuartel_Cabernet_2,2026-04-20T01:00:00,9.04,80.68,912.0,5.85
Cuartel_Cabernet_2,2026-04-20T02:00:00,8.64,81.55,911.5,5.61
Cuartel_Cabernet_2,2026-04-20T03:00:00,8.56,80.54,911.4,5.34
Cuartel_Cabernet_2,2026-04-20T04:00:00,8.43,79.06,911.9,4.95
Cuartel_Cabernet_2,2026-04-20T05:00:00,8.26,77.78,912.7,4.55
Cuartel_Cabernet_2,2026-04-20T06:00:00,8.28,75.77,913.8,4.22
Cuartel_Cabernet_2,2026-04-20T07:00:00,9.38,69.79,914.8,4.11
Cuartel_Cabernet_2,2026-04-20T08:00:00,10.77,64.86,915.2,4.35
Cuartel_Cabernet_2,2026-04-20T09:00:00,12.08,60.69,914.8,4.62
Cuartel_Cabernet_2,2026-04-20T10:00:00,13.53,56.39,914.5,4.95
Cuartel_Cabernet_2,2026-04-20T11:00:00,14.67,53.56,913.8,5.27
Cuartel_Cabernet_2,2026-04-20T12:00:00,15.44,51.59,913.1,5.47
Cuartel_Cabernet_2,2026-04-20T13:00:00,15.59,51.22,912.5,5.5
Cuartel_Cabernet_2,2026-04-20T14:00:00,15.09,52.72,912.4,5.47
Cuartel_Cabernet_2,2026-04-20T15:00:00,13.94,56.72,912.8,5.44
Cuartel_Cabernet_2,2026-04-20T16:00:00,12.19,63.64,913.4,5.48
Cuartel_Cabernet_2,2026-04-20T17:00:00,10.28,73.12,914.2,5.65
Cuartel_Cabernet_2,2026-04-20T18:00:00,9.26,78.39,915.1,5.66
Cuartel_Cabernet_2,2026-04-20T19:00:00,8.63,80.81,915.8,5.5
Cuartel_Cabernet_2,2026-04-20T20:00:00,8.06,83.23,916.3,5.38
Cuartel_Cabernet_2,2026-04-20T21:00:00,7.41,86.47,916.7,5.29
Cuartel_Cabernet_2,2026-04-20T22:00:00,6.72,90.08,916.8,5.18
Cuartel_Cabernet_2,2026-04-20T23:00:00,6.23,92.25,916.7,5.04
Cuartel_Cabernet_2,2026-04-21T00:00:00,5.93,93.54,916.6,4.92
Cuartel_Cabernet_2,2026-04-21T01:00:00,5.96,93.15,916.2,4.89
Cuartel_Cabernet_2,2026-04-21T02:00:00,6.08,92.66,915.9,4.9
Cuartel_Cabernet_2,2026-04-21T03:00:00,6.18,92.17,915.9,4.92
Cuartel_Cabernet_2,2026-04-21T04:00:00,6.33,91.7,916.1,4.98
Cuartel_Cabernet_2,2026-04-21T05:00:00,6.62,90.97,916.5,5.11
Cuartel_Cabernet_2,2026-04-21T06:00:00,6.98,89.96,916.9,5.32
Cuartel_Cabernet_2,2026-04-21T07:00:00,8.16,84.38,917.3,5.59
Cuartel_Cabernet_2,2026-04-21T08:00:00,9.9,75.03,917.4,5.58
Cuartel_Cabernet_2,2026-04-21T09:00:00,12.63,61.87,917.0,5.38
Cuartel_Cabernet_2,2026-04-21T10:00:00,15.24,51.07,916.0,5.12
Cuartel_Cabernet_2,2026-04-21T11:00:00,17.12,44.65,915.0,4.95
Cuartel_Cabernet_2,2026-04-21T12:00:00,18.39,40.48,914.0,4.7
Cuartel_Cabernet_2,2026-04-21T13:00:00,19.14,37.87,913.1,4.43
Cuartel_Cabernet_2,2026-04-21T14:00:00,19.28,36.99,912.6,4.23
Cuartel_Cabernet_2,2026-04-21T15:00:00,18.67,38.29,912.5,4.19
Cuartel_Cabernet_2,2026-04-21T16:00:00,16.83,43.77,912.7,4.45
Cuartel_Cabernet_2,2026-04-21T17:00:00,13.6,55.03,913.3,4.75
Cuartel_Cabernet_2,2026-04-21T18:00:00,12.57,58.6,913.9,4.67
Cuartel_Cabernet_2,2026-04-21T19:00:00,12.07,59.85,914.2,4.5
Cuartel_Cabernet_2,2026-04-21T20:00:00,11.65,61.11,914.2,4.4
Cuartel_Cabernet_2,2026-04-21T21:00:00,11.04,63.62,914.0,4.39
Cuartel_Cabernet_2,2026-04-21T22:00:00,10.42,66.4,913.6,4.37
Cuartel_Cabernet_2,2026-04-21T23:00:00,9.78,69.39,913.2,4.36
Cuartel_Cabernet_2,2026-04-22T00:00:00,9.12,72.52,912.9,4.34
Cuartel_Cabernet_2,2026-04-22T01:00:00,8.58,74.92,912.5,4.24
Cuartel_Cabernet_2,2026-04-22T02:00:00,8.06,76.91,912.2,4.05
Cuartel_Cabernet_2,2026-04-22T03:00:00,7.65,78.13,912.3,3.84
Cuartel_Cabernet_2,2026-04-22T04:00:00,7.22,79.64,912.8,3.6
Cuartel_Cabernet_2,2026-04-22T05:00:00,6.93,79.7,913.5,3.23
Cuartel_Cabernet_2,2026-04-22T06:00:00,7.96,73.24,914.2,2.94
Cuartel_Cabernet_2,2026-04-22T07:00:00,11.82,57.95,914.9,3.48
Cuartel_Cabernet_2,2026-04-22T08:00:00,15.4,45.5,915.2,2.94
Cuartel_Cabernet_2,2026-04-22T09:00:00,18.41,38.0,915.3,3.27
Cuartel_Cabernet_2,2026-04-22T10:00:00,20.53,33.85,915.3,3.76
Cuartel_Cabernet_2,2026-04-22T11:00:00,21.85,31.94,915.0,4.23
Cuartel_Cabernet_2,2026-04-22T12:00:00,22.5,30.95,914.7,4.44
Cuartel_Cabernet_2,2026-04-22T13:00:00,22.6,30.44,914.6,4.35
Cuartel_Cabernet_2,2026-04-22T14:00:00,22.17,30.76,914.7,4.13
Cuartel_Cabernet_2,2026-04-22T15:00:00,21.18,32.28,914.9,3.98
Cuartel_Cabernet_2,2026-04-22T16:00:00,18.67,40.44,915.3,4.93
Cuartel_Cabernet_2,2026-04-22T17:00:00,14.94,53.52,915.9,5.58
Cuartel_Cabernet_2,2026-04-22T18:00:00,13.96,57.89,916.5,5.8
Cuartel_Cabernet_2,2026-04-22T19:00:00,13.24,61.18,917.0,5.91
Cuartel_Cabernet_2,2026-04-22T20:00:00,12.63,63.28,917.2,5.82
Cuartel_Cabernet_2,2026-04-22T21:00:00,12.12,64.61,917.1,5.59
Cuartel_Cabernet_2,2026-04-22T22:00:00,11.68,65.44,916.9,5.31
Cuartel_Cabernet_2,2026-04-22T23:00:00,11.24,66.25,916.5,4.99
Cuartel_Cabernet_2,2026-04-23T00:00:00,10.82,66.74,916.1,4.61
Cuartel_Cabernet_2,2026-04-23T01:00:00,10.42,67.11,915.5,4.17
Cuartel_Cabernet_2,2026-04-23T02:00:00,9.91,68.2,915.0,3.74
Cuartel_Cabernet_2,2026-04-23T03:00:00,9.48,69.56,914.6,3.49
Cuartel_Cabernet_2,2026-04-23T04:00:00,9.23,70.74,914.6,3.47
Cuartel_Cabernet_2,2026-04-23T05:00:00,9.16,70.83,914.7,3.36
Cuartel_Cabernet_2,2026-04-23T06:00:00,9.95,67.43,915.0,3.36
Cuartel_Cabernet_2,2026-04-23T07:00:00,12.83,58.39,915.3,4.26
Cuartel_Cabernet_2,2026-04-23T08:00:00,16.39,49.45,915.3,5.0
Cuartel_Cabernet_2,2026-04-23T09:00:00,19.78,41.77,914.8,5.76
Cuartel_Cabernet_2,2026-04-23T10:00:00,21.69,37.16,914.0,5.96
Cuartel_Cabernet_2,2026-04-23T11:00:00,23.05,34.43,913.1,6.23
Cuartel_Cabernet_2,2026-04-23T12:00:00,23.91,32.95,912.2,6.46
Cuartel_Cabernet_2,2026-04-23T13:00:00,24.26,32.43,911.4,6.59
Cuartel_Cabernet_2,2026-04-23T14:00:00,24.03,33.31,911.2,6.78
Cuartel_Cabernet_2,2026-04-23T15:00:00,23.07,36.07,911.3,7.13
Cuartel_Cabernet_2,2026-04-23T16:00:00,20.56,44.83,911.8,8.1
Cuartel_Cabernet_2,2026-04-23T17:00:00,16.86,59.2,912.5,8.83
Cuartel_Cabernet_2,2026-04-23T18:00:00,16.05,63.5,913.2,9.11
Cuartel_Cabernet_2,2026-04-23T19:00:00,15.1,67.52,913.6,9.07
Cuartel_Cabernet_2,2026-04-23T20:00:00,14.23,70.17,913.7,8.68
Cuartel_Cabernet_2,2026-04-23T21:00:00,13.66,71.24,913.7,8.1
Cuartel_Cabernet_2,2026-04-23T22:00:00,13.11,72.28,913.5,7.5
Cuartel_Cabernet_2,2026-04-23T23:00:00,12.52,73.1,913.2,6.78
Cuartel_Cabernet_2,2026-04-24T00:00:00,12.15,72.61,912.8,5.98
Cuartel_Cabernet_2,2026-04-24T01:00:00,11.84,72.39,912.4,5.42
Cuartel_Cabernet_2,2026-04-24T02:00:00,11.26,74.21,911.9,5.05
Cuartel_Cabernet_2,2026-04-24T03:00:00,10.62,76.52,911.8,4.71
Cuartel_Cabernet_2,2026-04-24T04:00:00,10.43,77.06,912.0,4.46
Cuartel_Cabernet_2,2026-04-24T05:00:00,10.47,76.54,912.5,4.33
Cuartel_Cabernet_2,2026-04-24T06:00:00,10.89,74.36,913.0,4.48
Cuartel_Cabernet_2,2026-04-24T07:00:00,13.95,64.22,913.4,6.15
Cuartel_Cabernet_2,2026-04-24T08:00:00,17.75,51.29,913.4,5.64
Cuartel_Cabernet_2,2026-04-24T09:00:00,21.12,42.61,912.9,6.55
Cuartel_Cabernet_2,2026-04-24T10:00:00,23.01,37.53,912.2,7.01
Cuartel_Cabernet_2,2026-04-24T11:00:00,24.28,34.31,911.5,7.18
Cuartel_Cabernet_2,2026-04-24T12:00:00,25.14,31.92,910.6,7.09
Cuartel_Cabernet_2,2026-04-24T13:00:00,25.39,30.99,910.0,6.96
Cuartel_Cabernet_2,2026-04-24T14:00:00,24.92,31.68,910.0,6.92
Cuartel_Cabernet_2,2026-04-24T15:00:00,23.71,34.43,910.5,7.09
Cuartel_Cabernet_2,2026-04-24T16:00:00,21.35,41.77,911.4,7.83
Cuartel_Cabernet_2,2026-04-24T17:00:00,18.2,52.31,912.5,8.28
Cuartel_Cabernet_2,2026-04-24T18:00:00,16.75,55.71,913.5,7.85
Cuartel_Cabernet_2,2026-04-24T19:00:00,15.7,55.38,914.3,6.73
Cuartel_Cabernet_2,2026-04-24T20:00:00,14.94,52.87,915.0,5.3
Cuartel_Cabernet_2,2026-04-24T21:00:00,14.01,53.15,915.3,4.58
Cuartel_Cabernet_2,2026-04-24T22:00:00,13.0,55.21,915.4,4.22
Cuartel_Cabernet_2,2026-04-24T23:00:00,12.25,56.56,915.3,3.89
Cuartel_Cabernet_2,2026-04-25T00:00:00,11.47,57.48,915.0,3.39
Cuartel_Cabernet_2,2026-04-25T01:00:00,10.6,58.6,914.8,2.81
Cuartel_Cabernet_2,2026-04-25T02:00:00,9.56,61.34,914.6,2.43
Cuartel_Cabernet_2,2026-04-25T03:00:00,8.78,63.11,914.7,2.01
Cuartel_Cabernet_2,2026-04-25T04:00:00,8.22,64.65,915.2,1.71
Cuartel_Cabernet_2,2026-04-25T05:00:00,7.73,66.74,915.7,1.59
Cuartel_Cabernet_2,2026-04-25T06:00:00,8.1,65.65,916.0,1.65
Cuartel_Cabernet_2,2026-04-25T07:00:00,10.75,57.43,916.3,2.43
Cuartel_Cabernet_2,2026-04-25T08:00:00,14.06,45.37,916.0,2.18
Cuartel_Cabernet_2,2026-04-25T09:00:00,16.84,36.7,915.3,1.7
Cuartel_Cabernet_2,2026-04-25T10:00:00,18.71,32.26,914.6,1.56
Cuartel_Cabernet_2,2026-04-25T11:00:00,20.08,29.4,913.5,1.45
Cuartel_Cabernet_2,2026-04-25T12:00:00,21.11,27.03,912.1,1.19
Cuartel_Cabernet_2,2026-04-25T13:00:00,21.55,25.77,911.0,0.95
Cuartel_Cabernet_2,2026-04-25T14:00:00,21.29,25.82,910.6,0.85
Cuartel_Cabernet_2,2026-04-25T15:00:00,20.35,27.18,910.7,0.77
Cuartel_Cabernet_2,2026-04-25T16:00:00,17.77,33.94,910.9,1.62
Cuartel_Cabernet_2,2026-04-25T17:00:00,14.31,43.87,911.3,2.11
Cuartel_Cabernet_2,2026-04-25T18:00:00,13.22,46.74,911.8,1.97
Cuartel_Cabernet_2,2026-04-25T19:00:00,11.99,49.85,912.0,1.66
Cuartel_Cabernet_2,2026-04-25T20:00:00,11.02,52.27,912.1,1.28
Cuartel_Cabernet_2,2026-04-25T21:00:00,10.11,54.6,912.1,0.85
Cuartel_Cabernet_2,2026-04-25T22:00:00,9.5,55.64,912.0,0.3
Cuartel_Cabernet_2,2026-04-25T23:00:00,9.36,54.18,911.8,-0.42
Cuartel_Cabernet_2,2026-04-26T00:00:00,9.54,50.2,911.5,-1.42
Cuartel_Cabernet_2,2026-04-26T01:00:00,9.78,46.13,911.1,-2.37
Cuartel_Cabernet_2,2026-04-26T02:00:00,9.42,45.51,910.7,-2.83
Cuartel_Cabernet_2,2026-04-26T03:00:00,8.59,46.96,910.7,-3.06
Cuartel_Cabernet_2,2026-04-26T04:00:00,7.94,47.61,911.4,-3.42
Cuartel_Cabernet_2,2026-04-26T05:00:00,7.97,43.75,912.5,-4.4
Cuartel_Cabernet_2,2026-04-26T06:00:00,8.66,38.68,913.8,-4.96
Cuartel_Cabernet_2,2026-04-26T07:00:00,11.33,33.71,915.3,-4.09
Cuartel_Cabernet_2,2026-04-26T08:00:00,14.3,26.7,916.3,-4.67
Cuartel_Cabernet_2,2026-04-26T09:00:00,16.18,25.74,916.5,-3.61
Cuartel_Cabernet_2,2026-04-26T10:00:00,17.38,25.09,916.0,-2.88
Cuartel_Cabernet_2,2026-04-26T11:00:00,18.17,24.2,915.3,-2.62
Cuartel_Cabernet_2,2026-04-26T12:00:00,18.66,23.32,914.7,-2.64
Cuartel_Cabernet_2,2026-04-26T13:00:00,18.68,23.01,914.2,-2.79
Cuartel_Cabernet_2,2026-04-26T14:00:00,18.05,23.58,914.3,-3.0
Cuartel_Cabernet_2,2026-04-26T15:00:00,16.49,25.58,914.9,-3.21
Cuartel_Cabernet_2,2026-04-26T16:00:00,13.98,29.9,915.8,-3.26
Cuartel_Cabernet_2,2026-04-26T17:00:00,10.87,37.4,916.8,-3.04
Cuartel_Cabernet_2,2026-04-26T18:00:00,9.23,41.43,918.1,-3.12
Cuartel_Cabernet_2,2026-04-26T19:00:00,7.95,44.67,918.9,-3.26
Cuartel_Cabernet_2,2026-04-26T20:00:00,6.93,47.34,919.6,-3.43
Cuartel_Cabernet_2,2026-04-26T21:00:00,6.06,49.67,920.0,-3.56
Cuartel_Cabernet_2,2026-04-26T22:00:00,5.45,50.51,920.2,-3.93
Cuartel_Cabernet_2,2026-04-26T23:00:00,5.03,49.82,920.1,-4.45
Cuartel_Cabernet_2,2026-04-27T00:00:00,4.6,49.4,919.7,-4.98
Cuartel_Cabernet_2,2026-04-27T01:00:00,4.21,48.95,919.0,-5.44
Cuartel_Cabernet_2,2026-04-27T02:00:00,3.83,48.95,918.2,-5.79
Cuartel_Cabernet_2,2026-04-27T03:00:00,3.35,49.85,917.6,-6.03
Cuartel_Cabernet_2,2026-04-27T04:00:00,2.82,51.15,917.4,-6.17
Cuartel_Cabernet_2,2026-04-27T05:00:00,2.45,52.52,917.4,-6.24
Cuartel_Cabernet_2,2026-04-27T06:00:00,2.95,51.06,917.2,-6.13
Cuartel_Cabernet_2,2026-04-27T07:00:00,6.72,38.92,916.8,-6.15
Cuartel_Cabernet_2,2026-04-27T08:00:00,10.85,24.21,915.9,-8.4
Cuartel_Cabernet_2,2026-04-27T09:00:00,14.03,20.53,914.7,-7.87
Cuartel_Cabernet_2,2026-04-27T10:00:00,16.37,19.06,913.7,-6.97
Cuartel_Cabernet_2,2026-04-27T11:00:00,18.06,18.03,912.9,-6.35
Cuartel_Cabernet_2,2026-04-27T12:00:00,19.29,17.19,911.6,-6.0
Cuartel_Cabernet_2,2026-04-27T13:00:00,20.06,16.8,910.4,-5.68
Cuartel_Cabernet_2,2026-04-27T14:00:00,19.97,17.57,909.8,-5.21
Cuartel_Cabernet_2,2026-04-27T15:00:00,18.49,20.23,910.1,-4.59
Cuartel_Cabernet_2,2026-04-27T16:00:00,15.87,26.73,910.7,-3.14
Cuartel_Cabernet_2,2026-04-27T17:00:00,14.18,31.08,911.1,-2.62
Cuartel_Cabernet_2,2026-04-27T18:00:00,13.47,32.46,911.2,-2.65
Cuartel_Cabernet_2,2026-04-27T19:00:00,12.72,34.89,911.3,-2.33
Cuartel_Cabernet_2,2026-04-27T20:00:00,12.17,37.42,911.8,-1.9
Cuartel_Cabernet_2,2026-04-27T21:00:00,11.44,41.12,912.0,-1.32
Cuartel_Cabernet_2,2026-04-27T22:00:00,10.75,44.52,912.1,-0.87
Cuartel_Cabernet_2,2026-04-27T23:00:00,10.47,45.81,911.9,-0.73
Cuartel_Cabernet_2,2026-04-28T00:00:00,9.27,50.51,911.6,-0.53
Cuartel_Cabernet_2,2026-04-28T01:00:00,8.55,53.79,911.3,-0.35
Cuartel_Cabernet_2,2026-04-28T02:00:00,8.2,55.49,911.3,-0.24
Cuartel_Cabernet_2,2026-04-28T03:00:00,7.2,60.76,912.2,0.06
Cuartel_Cabernet_2,2026-04-28T04:00:00,6.51,64.07,913.1,0.14
Cuartel_Cabernet_2,2026-04-28T05:00:00,6.5,63.09,913.5,-0.05
Cuartel_Cabernet_2,2026-04-28T06:00:00,7.22,60.21,913.9,-0.02
Cuartel_Cabernet_2,2026-04-28T07:00:00,11.02,46.93,914.0,0.12
Cuartel_Cabernet_2,2026-04-28T08:00:00,14.21,39.49,913.6,0.56
Cuartel_Cabernet_2,2026-04-28T09:00:00,17.33,32.9,912.7,0.74
Cuartel_Cabernet_2,2026-04-28T10:00:00,19.78,26.98,911.5,0.14
Cuartel_Cabernet_2,2026-04-28T11:00:00,21.49,23.11,910.3,-0.47
Cuartel_Cabernet_2,2026-04-28T12:00:00,22.7,20.49,908.8,-1.09
Cuartel_Cabernet_2,2026-04-28T13:00:00,23.39,18.92,907.5,-1.62
Cuartel_Cabernet_2,2026-04-28T14:00:00,23.67,18.08,906.5,-1.97
Cuartel_Cabernet_2,2026-04-28T15:00:00,22.74,19.17,905.9,-1.94
Cuartel_Cabernet_2,2026-04-28T16:00:00,19.61,25.26,905.8,-0.78
Cuartel_Cabernet_2,2026-04-28T17:00:00,15.65,33.58,906.1,-0.33
Cuartel_Cabernet_2,2026-04-28T18:00:00,14.59,36.84,906.5,-0.02
Cuartel_Cabernet_2,2026-04-28T19:00:00,14.15,39.17,906.7,0.36
Cuartel_Cabernet_2,2026-04-28T20:00:00,13.67,42.36,906.8,0.95
Cuartel_Cabernet_2,2026-04-28T21:00:00,12.86,46.72,907.0,1.51
Cuartel_Cabernet_2,2026-04-28T22:00:00,11.95,51.04,906.8,1.88
Cuartel_Cabernet_2,2026-04-28T23:00:00,11.52,53.35,906.5,2.12
Cuartel_Cabernet_2,2026-04-29T00:00:00,10.43,58.53,906.9,2.43
Cuartel_Cabernet_2,2026-04-29T01:00:00,9.43,64.34,907.4,2.85
Cuartel_Cabernet_2,2026-04-29T02:00:00,9.36,65.18,908.1,2.96
Cuartel_Cabernet_2,2026-04-29T03:00:00,9.84,62.3,908.4,2.79
Cuartel_Cabernet_2,2026-04-29T04:00:00,10.52,57.61,908.7,2.36
Cuartel_Cabernet_2,2026-04-29T05:00:00,10.69,54.75,909.5,1.84
Cuartel_Cabernet_2,2026-04-29T06:00:00,11.14,53.08,910.4,1.84
Cuartel_Cabernet_2,2026-04-29T07:00:00,14.91,43.74,911.2,2.65
Cuartel_Cabernet_2,2026-04-29T08:00:00,17.53,37.47,911.8,2.78
Cuartel_Cabernet_2,2026-04-29T09:00:00,19.34,34.69,912.0,3.31
Cuartel_Cabernet_2,2026-04-29T10:00:00,21.17,30.92,911.8,3.31
Cuartel_Cabernet_2,2026-04-29T11:00:00,23.29,25.68,911.2,2.55
Cuartel_Cabernet_2,2026-04-29T12:00:00,24.15,23.83,910.4,2.22
Cuartel_Cabernet_2,2026-04-29T13:00:00,24.43,23.04,909.7,1.99
Cuartel_Cabernet_2,2026-04-29T14:00:00,24.18,23.18,909.1,1.86
Cuartel_Cabernet_2,2026-04-29T15:00:00,23.25,24.76,908.9,2.03
Cuartel_Cabernet_2,2026-04-29T16:00:00,20.31,31.46,909.0,2.86
Cuartel_Cabernet_2,2026-04-29T17:00:00,16.45,41.11,909.5,3.21
Cuartel_Cabernet_2,2026-04-29T18:00:00,15.31,43.92,910.1,3.11
Cuartel_Cabernet_2,2026-04-29T19:00:00,14.4,45.69,910.3,2.83
Cuartel_Cabernet_2,2026-04-29T20:00:00,13.67,46.98,910.2,2.55
Cuartel_Cabernet_2,2026-04-29T21:00:00,12.97,48.86,909.8,2.41
Cuartel_Cabernet_2,2026-04-29T22:00:00,12.13,52.01,909.3,2.43
Cuartel_Cabernet_2,2026-04-29T23:00:00,11.32,55.27,908.6,2.49
Cuartel_Cabernet_2,2026-04-30T00:00:00,10.73,58.0,908.0,2.52
Cuartel_Cabernet_2,2026-04-30T01:00:00,10.25,60.3,907.2,2.58
Cuartel_Cabernet_2,2026-04-30T02:00:00,9.82,63.09,906.6,2.81
Cuartel_Cabernet_2,2026-04-30T03:00:00,9.37,66.73,906.2,3.16
Cuartel_Cabernet_2,2026-04-30T04:00:00,8.95,70.9,906.0,3.62
Cuartel_Cabernet_2,2026-04-30T05:00:00,8.62,75.22,906.0,4.15
Cuartel_Cabernet_2,2026-04-30T06:00:00,9.06,75.3,906.3,4.6
Cuartel_Cabernet_2,2026-04-30T07:00:00,12.24,63.38,906.7,5.27
Cuartel_Cabernet_2,2026-04-30T08:00:00,16.11,50.18,906.7,5.46
Cuartel_Cabernet_2,2026-04-30T09:00:00,19.42,41.41,906.1,5.69
Cuartel_Cabernet_2,2026-04-30T10:00:00,22.07,34.82,905.3,5.62
Cuartel_Cabernet_2,2026-04-30T11:00:00,24.24,28.64,904.2,4.8
Cuartel_Cabernet_2,2026-04-30T12:00:00,25.66,25.19,903.1,4.21
Cuartel_Cabernet_2,2026-04-30T13:00:00,26.32,23.62,902.3,3.87
Cuartel_Cabernet_2,2026-04-30T14:00:00,26.26,23.4,902.1,3.69
Cuartel_Cabernet_2,2026-04-30T15:00:00,25.24,25.31,902.4,3.93
Cuartel_Cabernet_2,2026-04-30T16:00:00,21.72,33.81,902.9,5.06
Cuartel_Cabernet_2,2026-04-30T17:00:00,18.11,44.2,903.6,5.67
Cuartel_Cabernet_2,2026-04-30T18:00:00,16.79,50.12,904.4,6.2
Cuartel_Cabernet_2,2026-04-30T19:00:00,15.52,55.94,904.9,6.47
Cuartel_Cabernet_2,2026-04-30T20:00:00,14.76,59.87,905.1,6.58
Cuartel_Cabernet_2,2026-04-30T21:00:00,13.9,64.84,905.1,6.84
Cuartel_Cabernet_2,2026-04-30T22:00:00,12.99,69.78,905.2,6.93
Cuartel_Cabernet_2,2026-04-30T23:00:00,12.16,74.09,905.2,6.91
Cuartel_Cabernet_2,2026-05-01T00:00:00,11.31,79.12,905.1,7.03
Cuartel_Cabernet_2,2026-05-01T01:00:00,10.69,83.11,905.0,7.17
Cuartel_Cabernet_2,2026-05-01T02:00:00,10.16,85.52,905.0,6.98
Cuartel_Cabernet_2,2026-05-01T03:00:00,10.06,81.79,905.2,6.15
Cuartel_Cabernet_2,2026-05-01T04:00:00,10.36,72.3,905.9,4.67
Cuartel_Cabernet_2,2026-05-01T05:00:00,10.66,62.58,906.6,3.1
Cuartel_Cabernet_2,2026-05-01T06:00:00,11.59,51.47,907.8,1.45
Cuartel_Cabernet_2,2026-05-01T07:00:00,15.51,36.47,909.0,0.48
Cuartel_Cabernet_2,2026-05-01T08:00:00,18.43,30.95,909.9,0.62
Cuartel_Cabernet_2,2026-05-01T09:00:00,20.48,24.83,910.0,-0.55
Cuartel_Cabernet_2,2026-05-01T10:00:00,22.11,22.25,909.9,-0.57
Cuartel_Cabernet_2,2026-05-01T11:00:00,23.15,22.78,909.9,0.6
Cuartel_Cabernet_2,2026-05-01T12:00:00,23.72,24.34,909.7,1.98
Cuartel_Cabernet_2,2026-05-01T13:00:00,23.84,25.05,909.8,2.49
Cuartel_Cabernet_2,2026-05-01T14:00:00,23.36,25.34,910.2,2.26
Cuartel_Cabernet_2,2026-05-01T15:00:00,22.01,26.2,910.9,1.69
Cuartel_Cabernet_2,2026-05-01T16:00:00,19.29,30.19,912.4,1.4
Cuartel_Cabernet_2,2026-05-01T17:00:00,15.85,38.08,914.4,1.6
Cuartel_Cabernet_2,2026-05-01T18:00:00,14.06,42.81,916.0,1.61
Cuartel_Cabernet_2,2026-05-01T19:00:00,12.59,47.0,917.5,1.58
Cuartel_Cabernet_2,2026-05-01T20:00:00,11.44,50.88,918.8,1.62
Cuartel_Cabernet_2,2026-05-01T21:00:00,10.51,54.79,920.2,1.8
Cuartel_Cabernet_2,2026-05-01T22:00:00,9.61,58.74,921.1,1.93
Cuartel_Cabernet_2,2026-05-01T23:00:00,8.81,62.31,921.8,2.0
Cuartel_Cabernet_2,2026-05-02T00:00:00,8.16,65.54,922.1,2.07
Cuartel_Cabernet_2,2026-05-02T01:00:00,7.4,68.47,922.2,1.97
Cuartel_Cabernet_2,2026-05-02T02:00:00,6.58,70.33,922.5,1.55
Cuartel_Cabernet_2,2026-05-02T03:00:00,5.75,70.33,922.7,0.75
Cuartel_Cabernet_2,2026-05-02T04:00:00,5.2,68.42,923.0,-0.2
Cuartel_Cabernet_2,2026-05-02T05:00:00,4.79,66.83,923.4,-0.94
Cuartel_Cabernet_2,2026-05-02T06:00:00,4.91,63.23,923.8,-1.62
Cuartel_Cabernet_2,2026-05-02T07:00:00,7.84,45.54,924.1,-3.26
Cuartel_Cabernet_2,2026-05-02T08:00:00,11.02,30.0,923.9,-5.71
Cuartel_Cabernet_2,2026-05-02T09:00:00,13.57,22.78,923.1,-7.0
Cuartel_Cabernet_2,2026-05-02T10:00:00,15.32,19.89,922.1,-7.26
Cuartel_Cabernet_2,2026-05-02T11:00:00,16.61,18.76,920.9,-6.93
Cuartel_Cabernet_2,2026-05-02T12:00:00,17.58,18.5,919.6,-6.38
Cuartel_Cabernet_2,2026-05-02T13:00:00,18.19,18.77,918.6,-5.72
Cuartel_Cabernet_2,2026-05-02T14:00:00,18.25,19.81,918.0,-5.05
Cuartel_Cabernet_2,2026-05-02T15:00:00,17.52,21.98,917.8,-4.31
Cuartel_Cabernet_2,2026-05-02T16:00:00,15.07,27.84,917.8,-3.3
Cuartel_Cabernet_2,2026-05-02T17:00:00,11.84,36.28,918.0,-2.58
Cuartel_Cabernet_2,2026-05-02T18:00:00,11.13,38.81,918.1,-2.32
Cuartel_Cabernet_2,2026-05-02T19:00:00,10.79,40.15,918.0,-2.19
Cuartel_Cabernet_2,2026-05-02T20:00:00,10.56,41.33,917.5,-2.03
Cuartel_Cabernet_2,2026-05-02T21:00:00,10.27,43.63,916.9,-1.58
Cuartel_Cabernet_2,2026-05-02T22:00:00,9.91,48.37,916.0,-0.61
Cuartel_Cabernet_2,2026-05-02T23:00:00,9.61,55.3,915.1,0.79
Cuartel_Cabernet_2,2026-05-03T00:00:00,9.34,63.1,914.2,2.18
Cuartel_Cabernet_2,2026-05-03T01:00:00,8.72,68.45,913.3,2.65
Cuartel_Cabernet_2,2026-05-03T02:00:00,8.2,68.71,912.5,2.24
Cuartel_Cabernet_2,2026-05-03T03:00:00,7.66,66.52,912.1,1.38
Cuartel_Cabernet_2,2026-05-03T04:00:00,7.06,65.25,912.0,0.58
Cuartel_Cabernet_2,2026-05-03T05:00:00,6.46,65.3,912.3,0.03
Cuartel_Cabernet_2,2026-05-03T06:00:00,6.59,63.21,912.2,-0.3
Cuartel_Cabernet_2,2026-05-03T07:00:00,9.86,51.68,912.0,0.2
Cuartel_Cabernet_2,2026-05-03T08:00:00,13.59,39.53,911.7,-0.13
Cuartel_Cabernet_2,2026-05-03T09:00:00,16.93,31.65,911.2,-0.34
Cuartel_Cabernet_2,2026-05-03T10:00:00,19.8,26.54,910.3,-0.27
Cuartel_Cabernet_2,2026-05-03T11:00:00,22.2,22.86,909.1,-0.23
Cuartel_Cabernet_2,2026-05-03T12:00:00,23.8,20.49,908.1,-0.35
Cuartel_Cabernet_2,2026-05-03T13:00:00,24.58,19.26,907.5,-0.52
Cuartel_Cabernet_2,2026-05-03T14:00:00,24.43,19.38,907.2,-0.56
Cuartel_Cabernet_2,2026-05-03T15:00:00,23.34,21.19,907.3,-0.22
Cuartel_Cabernet_2,2026-05-03T16:00:00,19.7,28.9,907.6,1.1
Cuartel_Cabernet_2,2026-05-03T17:00:00,16.32,36.31,908.1,1.27
Cuartel_Cabernet_2,2026-05-03T18:00:00,14.77,41.17,908.7,1.53
Cuartel_Cabernet_2,2026-05-03T19:00:00,13.63,45.27,909.0,1.72
Cuartel_Cabernet_2,2026-05-03T20:00:00,13.33,47.0,908.7,1.89
Cuartel_Cabernet_2,2026-05-03T21:00:00,12.56,49.22,908.5,1.73
Cuartel_Cabernet_2,2026-05-03T22:00:00,11.22,52.77,908.1,1.39
Cuartel_Cabernet_2,2026-05-03T23:00:00,10.67,53.24,907.5,1.0
Cuartel_Cabernet_2,2026-05-04T00:00:00,10.6,53.13,907.3,0.9
Cuartel_Cabernet_2,2026-05-04T01:00:00,10.04,56.21,907.2,1.17
Cuartel_Cabernet_2,2026-05-04T02:00:00,9.12,61.19,907.4,1.5
Cuartel_Cabernet_2,2026-05-04T03:00:00,8.73,63.72,907.4,1.7
Cuartel_Cabernet_2,2026-05-04T04:00:00,8.65,63.69,907.5,1.62
Cuartel_Cabernet_2,2026-05-04T05:00:00,8.21,64.45,907.9,1.36
Cuartel_Cabernet_2,2026-05-04T06:00:00,8.49,62.74,908.3,1.28
Cuartel_Cabernet_2,2026-05-04T07:00:00,12.24,50.18,908.7,1.92
Cuartel_Cabernet_2,2026-05-04T08:00:00,16.24,37.55,908.8,1.42
Cuartel_Cabernet_2,2026-05-04T09:00:00,19.38,30.41,908.4,1.2
Cuartel_Cabernet_2,2026-05-04T10:00:00,21.64,26.37,907.7,1.28
Cuartel_Cabernet_2,2026-05-04T11:00:00,23.49,22.94,906.6,1.0
Cuartel_Cabernet_2,2026-05-04T12:00:00,24.74,21.03,905.5,0.87
Cuartel_Cabernet_2,2026-05-04T13:00:00,25.02,20.61,904.6,0.81
Cuartel_Cabernet_2,2026-05-04T14:00:00,24.69,21.01,904.3,0.79
Cuartel_Cabernet_2,2026-05-04T15:00:00,23.87,22.56,904.3,1.1
Cuartel_Cabernet_2,2026-05-04T16:00:00,20.36,29.94,904.4,2.16
Cuartel_Cabernet_2,2026-05-04T17:00:00,17.11,36.63,904.9,2.11
Cuartel_Cabernet_2,2026-05-04T18:00:00,15.95,39.95,905.6,2.23
Cuartel_Cabernet_2,2026-05-04T19:00:00,14.78,44.23,906.4,2.53
Cuartel_Cabernet_2,2026-05-04T20:00:00,13.86,48.26,907.1,2.86
Cuartel_Cabernet_2,2026-05-04T21:00:00,13.17,51.64,907.4,3.12
Cuartel_Cabernet_2,2026-05-04T22:00:00,12.66,53.89,907.5,3.24
Cuartel_Cabernet_2,2026-05-04T23:00:00,12.34,54.84,907.6,3.16
Cuartel_Cabernet_2,2026-05-05T00:00:00,12.11,54.76,907.7,2.9
Cuartel_Cabernet_2,2026-05-05T01:00:00,12.11,53.64,907.8,2.58
Cuartel_Cabernet_2,2026-05-05T02:00:00,11.93,53.97,907.8,2.48
Cuartel_Cabernet_2,2026-05-05T03:00:00,11.29,56.42,908.0,2.46
Cuartel_Cabernet_2,2026-05-05T04:00:00,10.45,59.91,908.2,2.46
Cuartel_Cabernet_2,2026-05-05T05:00:00,9.46,64.54,908.6,2.54
Cuartel_Cabernet_2,2026-05-05T06:00:00,9.56,64.76,909.2,2.69
Cuartel_Cabernet_2,2026-05-05T07:00:00,13.02,53.83,909.7,3.62
Cuartel_Cabernet_2,2026-05-05T08:00:00,16.83,41.97,909.9,3.42
Cuartel_Cabernet_2,2026-05-05T09:00:00,19.88,35.02,909.6,3.65
Cuartel_Cabernet_2,2026-05-05T10:00:00,22.01,31.08,908.9,3.93
Cuartel_Cabernet_2,2026-05-05T11:00:00,23.37,29.1,908.0,4.22
Cuartel_Cabernet_2,2026-05-05T12:00:00,24.25,27.91,907.2,4.42
Cuartel_Cabernet_2,2026-05-05T13:00:00,24.66,27.45,906.6,4.56
Cuartel_Cabernet_2,2026-05-05T14:00:00,24.35,28.43,906.4,4.82
Cuartel_Cabernet_2,2026-05-05T15:00:00,23.26,31.32,906.5,5.29
Cuartel_Cabernet_2,2026-05-05T16:00:00,19.8,41.05,907.0,6.15
Cuartel_Cabernet_2,2026-05-05T17:00:00,16.72,50.98,907.6,6.5
Cuartel_Cabernet_2,2026-05-05T18:00:00,15.88,53.18,908.3,6.3
Cuartel_Cabernet_2,2026-05-05T19:00:00,14.89,54.99,908.8,5.82
Cuartel_Cabernet_2,2026-05-05T20:00:00,13.93,56.8,909.0,5.34
Cuartel_Cabernet_2,2026-05-05T21:00:00,13.05,59.37,908.8,5.05
Cuartel_Cabernet_2,2026-05-05T22:00:00,12.42,62.15,908.5,4.97
Cuartel_Cabernet_2,2026-05-05T23:00:00,11.94,64.62,907.9,4.96
Cuartel_Cabernet_2,2026-05-06T00:00:00,11.45,67.0,907.0,4.95
Cuartel_Cabernet_2,2026-05-06T01:00:00,11.08,68.18,906.3,4.77
Cuartel_Cabernet_2,2026-05-06T02:00:00,10.76,68.71,905.8,4.55
Cuartel_Cabernet_2,2026-05-06T03:00:00,10.4,69.32,905.4,4.36
Cuartel_Cabernet_2,2026-05-06T04:00:00,9.96,69.16,905.5,3.96
Cuartel_Cabernet_2,2026-05-06T05:00:00,9.75,66.33,905.7,3.23
Cuartel_Cabernet_2,2026-05-06T06:00:00,10.26,61.32,905.7,2.71
Cuartel_Cabernet_2,2026-05-06T07:00:00,13.9,49.23,905.4,3.15
Cuartel_Cabernet_2,2026-05-06T08:00:00,17.55,40.53,905.0,3.39
Cuartel_Cabernet_2,2026-05-06T09:00:00,21.37,31.03,904.3,2.46
Cuartel_Cabernet_2,2026-05-06T10:00:00,24.94,20.36,903.4,-0.66
Cuartel_Cabernet_2,2026-05-06T11:00:00,27.57,12.32,902.2,-4.72
Cuartel_Cabernet_2,2026-05-06T12:00:00,28.94,7.61,901.5,-8.74
Cuartel_Cabernet_2,2026-05-06T13:00:00,28.84,6.09,901.2,-11.01
Cuartel_Cabernet_2,2026-05-06T14:00:00,27.6,6.86,901.6,-10.61
Cuartel_Cabernet_2,2026-05-06T15:00:00,25.3,8.85,902.4,-9.43
Cuartel_Cabernet_2,2026-05-06T16:00:00,20.54,14.86,903.0,-6.85
Cuartel_Cabernet_2,2026-05-06T17:00:00,16.62,22.22,903.4,-4.88
Cuartel_Cabernet_2,2026-05-06T18:00:00,16.07,24.05,903.7,-4.36
Cuartel_Cabernet_2,2026-05-06T19:00:00,15.87,24.84,903.5,-4.11
Cuartel_Cabernet_2,2026-05-06T20:00:00,15.85,24.79,903.5,-4.12
Cuartel_Cabernet_2,2026-05-06T21:00:00,15.1,26.19,903.8,-4.06
Cuartel_Cabernet_2,2026-05-06T22:00:00,13.82,28.57,904.7,-4.05
Cuartel_Cabernet_2,2026-05-06T23:00:00,12.55,38.45,905.8,-1.53
Cuartel_Cabernet_2,2026-05-07T00:00:00,11.19,56.38,906.6,2.48
Cuartel_Cabernet_2,2026-05-07T01:00:00,10.79,65.78,907.3,4.32
Cuartel_Cabernet_2,2026-05-07T02:00:00,10.67,68.73,908.0,4.85
Cuartel_Cabernet_2,2026-05-07T03:00:00,10.01,70.22,908.5,4.47
Cuartel_Cabernet_2,2026-05-07T04:00:00,9.04,69.18,908.8,3.33
Cuartel_Cabernet_2,2026-05-07T05:00:00,7.65,68.47,909.7,1.79
Cuartel_Cabernet_2,2026-05-07T06:00:00,7.35,65.14,910.6,0.67
Cuartel_Cabernet_2,2026-05-07T07:00:00,11.14,47.19,911.2,-0.32
Cuartel_Cabernet_2,2026-05-07T08:00:00,14.4,32.7,911.4,-2.49
Cuartel_Cabernet_2,2026-05-07T09:00:00,16.77,25.32,910.9,-3.56
Cuartel_Cabernet_2,2026-05-07T10:00:00,18.48,21.48,910.0,-4.08
Cuartel_Cabernet_2,2026-05-07T11:00:00,19.72,18.34,909.2,-5.04
Cuartel_Cabernet_2,2026-05-07T12:00:00,20.67,15.73,908.3,-6.27
Cuartel_Cabernet_2,2026-05-07T13:00:00,21.21,13.99,908.0,-7.26
Cuartel_Cabernet_2,2026-05-07T14:00:00,21.15,13.12,907.8,-8.08
Cuartel_Cabernet_2,2026-05-07T15:00:00,20.28,13.04,907.7,-8.69
Cuartel_Cabernet_2,2026-05-07T16:00:00,16.41,18.89,907.8,-7.1
Cuartel_Cabernet_2,2026-05-07T17:00:00,13.68,21.51,908.4,-7.64
Cuartel_Cabernet_2,2026-05-07T18:00:00,12.24,23.56,909.3,-7.66
Cuartel_Cabernet_2,2026-05-07T19:00:00,10.82,27.03,910.1,-7.1
Cuartel_Cabernet_2,2026-05-07T20:00:00,9.83,29.73,910.6,-6.75
Cuartel_Cabernet_2,2026-05-07T21:00:00,8.7,32.37,911.2,-6.66
Cuartel_Cabernet_2,2026-05-07T22:00:00,7.92,34.43,912.0,-6.59
Cuartel_Cabernet_2,2026-05-07T23:00:00,6.9,36.94,912.4,-6.59
Cuartel_Cabernet_2,2026-05-08T00:00:00,5.94,39.61,912.2,-6.5
Cuartel_Cabernet_2,2026-05-08T01:00:00,5.36,41.55,911.9,-6.42
Cuartel_Cabernet_2,2026-05-08T02:00:00,4.87,43.16,911.8,-6.4
Cuartel_Cabernet_2,2026-05-08T03:00:00,4.4,44.6,911.7,-6.4
Cuartel_Cabernet_2,2026-05-08T04:00:00,4.0,46.05,911.7,-6.35
Cuartel_Cabernet_2,2026-05-08T05:00:00,3.76,47.21,911.9,-6.26
Cuartel_Cabernet_2,2026-05-08T06:00:00,3.97,47.07,912.2,-6.15
Cuartel_Cabernet_2,2026-05-08T07:00:00,6.92,39.52,912.3,-5.75
Cuartel_Cabernet_2,2026-05-08T08:00:00,10.12,31.91,911.8,-5.74
Cuartel_Cabernet_2,2026-05-08T09:00:00,12.83,26.24,910.5,-5.95
Cuartel_Cabernet_2,2026-05-08T10:00:00,15.08,22.38,909.0,-6.13
Cuartel_Cabernet_2,2026-05-08T11:00:00,16.93,19.7,907.4,-6.25
Cuartel_Cabernet_2,2026-05-08T12:00:00,18.48,17.63,905.8,-6.37
Cuartel_Cabernet_2,2026-05-08T13:00:00,19.55,16.34,904.7,-6.44
Cuartel_Cabernet_2,2026-05-08T14:00:00,19.99,15.83,903.9,-6.51
Cuartel_Cabernet_2,2026-05-08T15:00:00,19.37,16.64,903.6,-6.36
Cuartel_Cabernet_2,2026-05-08T16:00:00,15.69,22.96,904.7,-5.21
Cuartel_Cabernet_2,2026-05-08T17:00:00,12.53,31.5,908.2,-3.87
Cuartel_Cabernet_2,2026-05-08T18:00:00,8.64,56.44,913.2,0.34
Cuartel_Cabernet_2,2026-05-08T19:00:00,5.42,76.68,916.3,1.64
Cuartel_Cabernet_2,2026-05-08T20:00:00,4.66,76.52,917.9,0.9
Cuartel_Cabernet_2,2026-05-08T21:00:00,4.72,72.51,919.1,0.21
Cuartel_Cabernet_2,2026-05-08T22:00:00,4.89,67.63,919.8,-0.59
Cuartel_Cabernet_2,2026-05-08T23:00:00,4.18,66.46,920.1,-1.52
Cuartel_Cabernet_2,2026-05-09T00:00:00,3.95,63.92,920.3,-2.29
Cuartel_Cabernet_2,2026-05-09T01:00:00,4.02,61.98,920.3,-2.64
Cuartel_Cabernet_2,2026-05-09T02:00:00,3.94,62.33,920.3,-2.65
Cuartel_Cabernet_2,2026-05-09T03:00:00,3.81,63.1,920.5,-2.56
Cuartel_Cabernet_2,2026-05-09T04:00:00,3.63,64.12,920.8,-2.52
Cuartel_Cabernet_2,2026-05-09T05:00:00,3.49,64.79,921.3,-2.48
Cuartel_Cabernet_2,2026-05-09T06:00:00,3.8,63.25,922.0,-2.51
Cuartel_Cabernet_2,2026-05-09T07:00:00,6.04,52.4,922.7,-2.91
Cuartel_Cabernet_2,2026-05-09T08:00:00,8.34,41.95,923.0,-3.76
Cuartel_Cabernet_2,2026-05-09T09:00:00,10.18,37.04,922.8,-3.76
Cuartel_Cabernet_2,2026-05-09T10:00:00,11.7,33.46,922.2,-3.77
Cuartel_Cabernet_2,2026-05-09T11:00:00,12.85,30.6,921.3,-3.93
Cuartel_Cabernet_2,2026-05-09T12:00:00,13.64,28.46,920.4,-4.19
Cuartel_Cabernet_2,2026-05-09T13:00:00,14.03,27.09,919.9,-4.49
Cuartel_Cabernet_2,2026-05-09T14:00:00,13.9,26.76,919.8,-4.75
Cuartel_Cabernet_2,2026-05-09T15:00:00,13.15,27.81,919.9,-4.86
Cuartel_Cabernet_2,2026-05-09T16:00:00,10.52,34.13,919.9,-4.5
Cuartel_Cabernet_2,2026-05-09T17:00:00,7.67,42.21,919.8,-4.23
Cuartel_Cabernet_2,2026-05-09T18:00:00,6.83,45.31,920.0,-4.06
Cuartel_Cabernet_2,2026-05-09T19:00:00,6.12,48.06,920.1,-3.95
Cuartel_Cabernet_2,2026-05-09T20:00:00,5.59,50.35,920.3,-3.84
Cuartel_Cabernet_2,2026-05-09T21:00:00,4.85,53.52,920.2,-3.72
Cuartel_Cabernet_2,2026-05-09T22:00:00,4.07,56.71,920.2,-3.7
Cuartel_Cabernet_2,2026-05-09T23:00:00,3.5,59.03,920.1,-3.72
Cuartel_Cabernet_2,2026-05-10T00:00:00,3.06,60.68,919.7,-3.77
Cuartel_Cabernet_2,2026-05-10T01:00:00,2.92,60.66,919.2,-3.94
Cuartel_Cabernet_2,2026-05-10T02:00:00,2.99,59.35,918.7,-4.21
Cuartel_Cabernet_2,2026-05-10T03:00:00,2.9,58.93,918.3,-4.46
Cuartel_Cabernet_2,2026-05-10T04:00:00,2.81,58.3,917.9,-4.77
Cuartel_Cabernet_2,2026-05-10T05:00:00,2.95,56.53,917.5,-5.14
Cuartel_Cabernet_2,2026-05-10T06:00:00,3.39,54.23,917.5,-5.32
Cuartel_Cabernet_2,2026-05-10T07:00:00,6.15,46.13,917.8,-4.69
Cuartel_Cabernet_2,2026-05-10T08:00:00,9.54,36.74,917.9,-4.68
Cuartel_Cabernet_2,2026-05-10T09:00:00,12.95,29.2,917.8,-4.67
Cuartel_Cabernet_2,2026-05-10T10:00:00,15.86,24.26,917.4,-4.54
Cuartel_Cabernet_2,2026-05-10T11:00:00,18.32,20.4,917.1,-4.68
Cuartel_Cabernet_2,2026-05-10T12:00:00,19.5,18.88,916.9,-4.68
Cuartel_Cabernet_2,2026-05-10T13:00:00,19.96,18.28,916.6,-4.72
Cuartel_Cabernet_2,2026-05-10T14:00:00,19.74,18.34,916.7,-4.85
Cuartel_Cabernet_2,2026-05-10T15:00:00,18.59,19.92,917.0,-4.71
Cuartel_Cabernet_2,2026-05-10T16:00:00,14.39,27.47,917.4,-4.01
Cuartel_Cabernet_2,2026-05-10T17:00:00,11.24,33.67,917.8,-4.05
Cuartel_Cabernet_2,2026-05-10T18:00:00,10.09,36.61,918.3,-3.95
Cuartel_Cabernet_2,2026-05-10T19:00:00,9.14,39.42,918.5,-3.85
Cuartel_Cabernet_2,2026-05-10T20:00:00,8.42,41.64,918.4,-3.8
Cuartel_Cabernet_2,2026-05-10T21:00:00,7.75,43.84,917.9,-3.77
Cuartel_Cabernet_2,2026-05-10T22:00:00,7.28,45.39,917.3,-3.8
Cuartel_Cabernet_2,2026-05-10T23:00:00,6.95,46.25,916.8,-3.91
Cuartel_Cabernet_2,2026-05-11T00:00:00,6.61,47.17,916.2,-4.07
Cuartel_Cabernet_2,2026-05-11T01:00:00,6.19,48.21,915.6,-4.23
Cuartel_Cabernet_2,2026-05-11T02:00:00,5.69,49.88,915.0,-4.32
Cuartel_Cabernet_2,2026-05-11T03:00:00,5.2,51.59,914.7,-4.42
Cuartel_Cabernet_2,2026-05-11T04:00:00,4.9,52.33,914.5,-4.57
Cuartel_Cabernet_2,2026-05-11T05:00:00,4.75,52.38,914.6,-4.74
Cuartel_Cabernet_2,2026-05-11T06:00:00,4.99,50.85,914.9,-4.85
Cuartel_Cabernet_2,2026-05-11T07:00:00,7.97,42.92,915.2,-4.06
Cuartel_Cabernet_2,2026-05-11T08:00:00,11.98,33.54,915.2,-3.66
Cuartel_Cabernet_2,2026-05-11T09:00:00,15.94,24.15,914.9,-4.74
Cuartel_Cabernet_2,2026-05-11T10:00:00,19.06,20.01,914.3,-4.54
Cuartel_Cabernet_2,2026-05-11T11:00:00,21.51,16.5,913.5,-4.91
Cuartel_Cabernet_2,2026-05-11T12:00:00,23.27,14.05,912.5,-5.51
Cuartel_Cabernet_2,2026-05-11T13:00:00,24.1,12.96,911.9,-5.86
Cuartel_Cabernet_2,2026-05-11T14:00:00,23.9,13.16,911.7,-5.81
Cuartel_Cabernet_2,2026-05-11T15:00:00,22.45,15.18,911.8,-5.15
Cuartel_Cabernet_2,2026-05-11T16:00:00,17.31,23.55,912.3,-3.63
Cuartel_Cabernet_2,2026-05-11T17:00:00,14.3,28.12,912.9,-3.82
Cuartel_Cabernet_2,2026-05-11T18:00:00,12.96,31.1,913.5,-3.68
Cuartel_Cabernet_2,2026-05-11T19:00:00,12.22,33.07,913.9,-3.55
Cuartel_Cabernet_2,2026-05-11T20:00:00,11.84,34.23,914.0,-3.53
Cuartel_Cabernet_2,2026-05-11T21:00:00,11.84,33.91,914.0,-3.78
Cuartel_Cabernet_2,2026-05-11T22:00:00,12.09,32.31,913.8,-4.28
Cuartel_Cabernet_2,2026-05-11T23:00:00,12.1,30.32,913.6,-5.12
Cuartel_Cabernet_2,2026-05-12T00:00:00,11.66,29.18,913.4,-5.99
Cuartel_Cabernet_2,2026-05-12T01:00:00,10.59,29.83,913.2,-6.54
Cuartel_Cabernet_2,2026-05-12T02:00:00,9.5,30.98,913.1,-6.92
Cuartel_Cabernet_2,2026-05-12T03:00:00,8.92,31.19,913.2,-7.24
Cuartel_Cabernet_2,2026-05-12T04:00:00,9.22,29.32,913.5,-7.74
Cuartel_Cabernet_2,2026-05-12T05:00:00,9.56,28.05,913.9,-7.98
Cuartel_Cabernet_2,2026-05-12T06:00:00,9.61,27.49,914.5,-8.17
Cuartel_Cabernet_2,2026-05-12T07:00:00,13.02,24.87,915.1,-6.53
Cuartel_Cabernet_2,2026-05-12T08:00:00,17.6,17.01,915.4,-7.53
Cuartel_Cabernet_2,2026-05-12T09:00:00,20.95,16.11,915.2,-5.64
Cuartel_Cabernet_2,2026-05-12T10:00:00,23.06,16.33,914.5,-3.87
Cuartel_Cabernet_2,2026-05-12T11:00:00,24.32,16.51,913.4,-2.74
Cuartel_Cabernet_2,2026-05-12T12:00:00,25.11,16.47,912.3,-2.13
Cuartel_Cabernet_2,2026-05-12T13:00:00,25.33,16.51,911.5,-1.88
Cuartel_Cabernet_2,2026-05-12T14:00:00,24.88,17.09,911.1,-1.77
Cuartel_Cabernet_2,2026-05-12T15:00:00,23.31,19.95,911.2,-0.93
Cuartel_Cabernet_2,2026-05-12T16:00:00,18.08,30.01,911.7,0.23
Cuartel_Cabernet_2,2026-05-12T17:00:00,15.74,34.52,912.5,0.08
Cuartel_Cabernet_2,2026-05-12T18:00:00,14.6,37.97,913.3,0.36
Cuartel_Cabernet_2,2026-05-12T19:00:00,13.41,41.9,913.9,0.56
Cuartel_Cabernet_2,2026-05-12T20:00:00,12.36,46.75,914.5,0.93
Cuartel_Cabernet_2,2026-05-12T21:00:00,11.45,52.81,915.1,1.64
Cuartel_Cabernet_2,2026-05-12T22:00:00,10.81,58.61,915.4,2.47
Cuartel_Cabernet_2,2026-05-12T23:00:00,10.26,63.01,915.2,2.92
Cuartel_Cabernet_2,2026-05-13T00:00:00,9.52,66.91,914.6,2.99
Cuartel_Cabernet_2,2026-05-13T01:00:00,8.86,69.91,913.9,2.79
Cuartel_Cabernet_2,2026-05-13T02:00:00,8.39,71.86,913.3,2.54
Cuartel_Cabernet_2,2026-05-13T03:00:00,8.12,73.17,913.1,2.39
Cuartel_Cabernet_2,2026-05-13T04:00:00,7.97,74.06,913.2,2.34
Cuartel_Cabernet_2,2026-05-13T05:00:00,7.91,74.91,913.1,2.38
Cuartel_Cabernet_2,2026-05-13T06:00:00,8.16,74.04,913.0,2.48
Cuartel_Cabernet_2,2026-05-13T07:00:00,11.21,61.3,912.9,3.01
Cuartel_Cabernet_2,2026-05-13T08:00:00,14.68,51.36,912.7,4.11
Cuartel_Cabernet_2,2026-05-13T09:00:00,17.77,41.94,912.3,4.02
Cuartel_Cabernet_2,2026-05-13T10:00:00,19.99,35.93,911.9,4.07
Cuartel_Cabernet_2,2026-05-13T11:00:00,21.36,31.97,911.3,3.75
Cuartel_Cabernet_2,2026-05-13T12:00:00,22.46,28.42,910.4,3.11
Cuartel_Cabernet_2,2026-05-13T13:00:00,23.55,25.09,909.7,2.33
Cuartel_Cabernet_2,2026-05-13T14:00:00,23.72,23.58,909.2,1.62
Cuartel_Cabernet_2,2026-05-13T15:00:00,22.66,24.67,909.3,1.42
Cuartel_Cabernet_2,2026-05-13T16:00:00,18.27,32.78,909.9,1.65
Cuartel_Cabernet_2,2026-05-13T17:00:00,15.51,37.85,910.5,1.2
Cuartel_Cabernet_2,2026-05-13T18:00:00,14.92,38.74,911.2,0.99
Cuartel_Cabernet_2,2026-05-13T19:00:00,14.11,40.66,911.7,0.91
Cuartel_Cabernet_2,2026-05-13T20:00:00,13.81,41.76,912.1,0.95
Cuartel_Cabernet_2,2026-05-13T21:00:00,13.34,43.54,912.2,1.06
Cuartel_Cabernet_2,2026-05-13T22:00:00,12.91,46.25,912.4,1.44
Cuartel_Cabernet_2,2026-05-13T23:00:00,12.24,52.14,912.7,2.43
Cuartel_Cabernet_2,2026-05-14T00:00:00,11.16,62.17,913.0,3.75
Cuartel_Cabernet_2,2026-05-14T01:00:00,10.04,72.81,913.3,4.78
Cuartel_Cabernet_2,2026-05-14T02:00:00,9.27,79.69,913.5,5.22
Cuartel_Cabernet_2,2026-05-14T03:00:00,9.02,83.1,913.8,5.58
Cuartel_Cabernet_2,2026-05-14T04:00:00,9.07,83.75,914.3,5.81
Cuartel_Cabernet_2,2026-05-14T05:00:00,9.25,82.69,915.2,5.87
Cuartel_Cabernet_2,2026-05-14T06:00:00,9.33,82.58,916.1,6.0
Cuartel_Cabernet_2,2026-05-14T07:00:00,10.37,78.7,916.8,6.4
Cuartel_Cabernet_2,2026-05-14T08:00:00,12.62,68.24,917.2,6.55
Cuartel_Cabernet_2,2026-05-14T09:00:00,15.0,57.42,917.1,6.38
Cuartel_Cabernet_2,2026-05-14T10:00:00,16.8,50.39,916.7,6.28
Cuartel_Cabernet_2,2026-05-14T11:00:00,18.04,45.84,915.9,6.12
Cuartel_Cabernet_2,2026-05-14T12:00:00,18.77,42.68,915.1,5.79
Cuartel_Cabernet_2,2026-05-14T13:00:00,18.92,40.78,914.4,5.31
Cuartel_Cabernet_2,2026-05-14T14:00:00,18.65,40.17,914.1,4.86
Cuartel_Cabernet_2,2026-05-14T15:00:00,17.84,41.26,913.9,4.51
Cuartel_Cabernet_2,2026-05-14T16:00:00,15.67,46.7,913.8,4.32
Cuartel_Cabernet_2,2026-05-14T17:00:00,12.86,54.75,914.0,3.99
Cuartel_Cabernet_2,2026-05-14T18:00:00,12.11,55.77,914.2,3.55
Cuartel_Cabernet_2,2026-05-14T19:00:00,11.55,56.16,914.2,3.09
Cuartel_Cabernet_2,2026-05-14T20:00:00,10.99,56.82,913.8,2.7
Cuartel_Cabernet_2,2026-05-14T21:00:00,10.42,57.95,913.5,2.37
Cuartel_Cabernet_2,2026-05-14T22:00:00,9.87,59.5,913.1,2.14
Cuartel_Cabernet_2,2026-05-14T23:00:00,9.24,62.06,912.8,2.05
Cuartel_Cabernet_2,2026-05-15T00:00:00,8.59,65.73,912.4,2.18
Cuartel_Cabernet_2,2026-05-15T01:00:00,8.0,70.16,912.1,2.47
Cuartel_Cabernet_2,2026-05-15T02:00:00,7.81,73.66,911.7,2.92
Cuartel_Cabernet_2,2026-05-15T03:00:00,7.96,75.88,911.5,3.48
Cuartel_Cabernet_2,2026-05-15T04:00:00,7.92,78.54,911.5,3.95
Cuartel_Cabernet_2,2026-05-15T05:00:00,7.6,81.81,911.5,4.27
Cuartel_Cabernet_2,2026-05-15T06:00:00,7.49,83.01,911.7,4.41
Cuartel_Cabernet_2,2026-05-15T07:00:00,9.33,74.39,911.9,4.71
Cuartel_Cabernet_2,2026-05-15T08:00:00,11.97,63.42,911.8,5.06
Cuartel_Cabernet_2,2026-05-15T09:00:00,14.65,52.34,911.3,4.84
Cuartel_Cabernet_2,2026-05-15T10:00:00,17.28,43.03,910.6,4.47
Cuartel_Cabernet_2,2026-05-15T11:00:00,19.31,36.68,909.6,4.05
Cuartel_Cabernet_2,2026-05-15T12:00:00,20.55,33.45,908.7,3.84
Cuartel_Cabernet_2,2026-05-15T13:00:00,21.15,31.58,908.1,3.56
Cuartel_Cabernet_2,2026-05-15T14:00:00,20.97,31.17,908.1,3.24
Cuartel_Cabernet_2,2026-05-15T15:00:00,19.73,33.73,908.6,3.28
Cuartel_Cabernet_2,2026-05-15T16:00:00,16.73,43.27,909.3,4.12
Cuartel_Cabernet_2,2026-05-15T17:00:00,14.3,54.2,910.4,5.12
Cuartel_Cabernet_2,2026-05-15T18:00:00,12.8,61.98,911.2,5.63
Cuartel_Cabernet_2,2026-05-15T19:00:00,11.74,66.49,911.7,5.62
Cuartel_Cabernet_2,2026-05-15T20:00:00,11.06,68.36,911.8,5.34
Cuartel_Cabernet_2,2026-05-15T21:00:00,10.42,69.38,911.9,4.93
Cuartel_Cabernet_2,2026-05-15T22:00:00,9.81,70.0,912.1,4.47
Cuartel_Cabernet_2,2026-05-15T23:00:00,9.05,71.56,912.4,4.06
Cuartel_Cabernet_2,2026-05-16T00:00:00,8.26,73.93,912.9,3.82
Cuartel_Cabernet_2,2026-05-16T01:00:00,7.58,76.49,913.3,3.68
Cuartel_Cabernet_2,2026-05-16T02:00:00,7.2,78.26,913.8,3.64
Cuartel_Cabernet_2,2026-05-16T03:00:00,6.77,80.07,914.5,3.53
Cuartel_Cabernet_2,2026-05-16T04:00:00,6.26,80.55,915.3,3.16
Cuartel_Cabernet_2,2026-05-16T05:00:00,5.75,79.87,916.2,2.54
Cuartel_Cabernet_2,2026-05-16T06:00:00,5.52,78.16,917.2,2.02
Cuartel_Cabernet_2,2026-05-16T07:00:00,5.92,74.36,918.0,1.73
Cuartel_Cabernet_2,2026-05-16T08:00:00,6.99,68.67,918.6,1.64
Cuartel_Cabernet_2,2026-05-16T09:00:00,8.08,64.18,919.0,1.73
Cuartel_Cabernet_2,2026-05-16T10:00:00,8.74,61.63,919.0,1.78
Cuartel_Cabernet_2,2026-05-16T11:00:00,9.09,59.78,918.6,1.69
Cuartel_Cabernet_2,2026-05-16T12:00:00,9.4,58.01,918.0,1.55
Cuartel_Cabernet_2,2026-05-16T13:00:00,9.5,57.1,917.6,1.43
Cuartel_Cabernet_2,2026-05-16T14:00:00,9.2,57.65,917.8,1.29
Cuartel_Cabernet_2,2026-05-16T15:00:00,8.38,60.17,918.3,1.11
Cuartel_Cabernet_2,2026-05-16T16:00:00,7.1,64.99,919.1,0.97
Cuartel_Cabernet_2,2026-05-16T17:00:00,5.75,70.93,920.1,0.89
Cuartel_Cabernet_2,2026-05-16T18:00:00,4.98,73.71,920.8,0.68
Cuartel_Cabernet_2,2026-05-16T19:00:00,4.12,77.07,921.3,0.46
Cuartel_Cabernet_2,2026-05-16T20:00:00,3.74,78.24,921.4,0.31
Cuartel_Cabernet_2,2026-05-16T21:00:00,3.47,79.37,921.4,0.25
Cuartel_Cabernet_2,2026-05-16T22:00:00,3.27,80.68,921.3,0.27
Cuartel_Cabernet_2,2026-05-16T23:00:00,3.11,81.78,921.1,0.28
Cuartel_Cabernet_2,2026-05-17T00:00:00,2.93,82.62,921.0,0.24
Cuartel_Cabernet_2,2026-05-17T01:00:00,2.86,82.43,920.9,0.15
Cuartel_Cabernet_2,2026-05-17T02:00:00,2.68,82.47,920.5,-0.01
Cuartel_Cabernet_2,2026-05-17T03:00:00,2.22,83.94,920.1,-0.25
Cuartel_Cabernet_2,2026-05-17T04:00:00,1.79,85.26,919.7,-0.52
Cuartel_Cabernet_2,2026-05-17T05:00:00,1.33,86.82,919.8,-0.76
Cuartel_Cabernet_2,2026-05-17T06:00:00,1.18,86.49,920.4,-0.96
Cuartel_Cabernet_2,2026-05-17T07:00:00,4.04,71.16,921.0,-0.8
Cuartel_Cabernet_2,2026-05-17T08:00:00,7.07,55.92,921.3,-1.15
Cuartel_Cabernet_2,2026-05-17T09:00:00,9.14,48.19,921.4,-1.24
Cuartel_Cabernet_2,2026-05-17T10:00:00,10.7,43.17,921.2,-1.3
Cuartel_Cabernet_2,2026-05-17T11:00:00,11.99,38.66,920.7,-1.63
Cuartel_Cabernet_2,2026-05-17T12:00:00,12.95,34.89,920.1,-2.15
Cuartel_Cabernet_2,2026-05-17T13:00:00,13.44,32.35,919.7,-2.72
Cuartel_Cabernet_2,2026-05-17T14:00:00,13.37,31.25,919.6,-3.24
Cuartel_Cabernet_2,2026-05-17T15:00:00,12.6,32.16,919.9,-3.51
Cuartel_Cabernet_2,2026-05-17T16:00:00,9.15,43.03,920.4,-2.7
Cuartel_Cabernet_2,2026-05-17T17:00:00,6.82,49.11,920.8,-3.05
Cuartel_Cabernet_2,2026-05-17T18:00:00,6.08,51.23,921.2,-3.14
Cuartel_Cabernet_2,2026-05-17T19:00:00,5.49,53.54,921.3,-3.14
Cuartel_Cabernet_2,2026-05-17T20:00:00,5.08,55.08,921.2,-3.11
Cuartel_Cabernet_2,2026-05-17T21:00:00,4.69,56.93,921.0,-3.05
Cuartel_Cabernet_2,2026-05-17T22:00:00,4.26,58.66,920.8,-3.03
Cuartel_Cabernet_2,2026-05-17T23:00:00,3.78,60.48,920.6,-3.07
Cuartel_Cabernet_2,2026-05-18T00:00:00,3.27,62.31,920.5,-3.15
Cuartel_Cabernet_2,2026-05-18T01:00:00,2.86,63.74,920.3,-3.26
Cuartel_Cabernet_2,2026-05-18T02:00:00,2.67,64.0,920.1,-3.36
Cuartel_Cabernet_2,2026-05-18T03:00:00,2.6,63.89,919.7,-3.45
Cuartel_Cabernet_2,2026-05-18T04:00:00,2.43,64.45,919.4,-3.52
Cuartel_Cabernet_2,2026-05-18T05:00:00,2.15,65.33,919.4,-3.63
Cuartel_Cabernet_2,2026-05-18T06:00:00,2.09,65.0,919.6,-3.82
Cuartel_Cabernet_2,2026-05-18T07:00:00,4.76,55.37,919.7,-3.42
Cuartel_Cabernet_2,2026-05-18T08:00:00,8.2,44.49,919.6,-3.24
Cuartel_Cabernet_2,2026-05-18T09:00:00,11.76,36.31,919.2,-2.78
Cuartel_Cabernet_2,2026-05-18T10:00:00,14.86,30.42,918.5,-2.41
Cuartel_Cabernet_2,2026-05-18T11:00:00,16.87,26.57,917.5,-2.46
Cuartel_Cabernet_2,2026-05-18T12:00:00,18.06,24.12,916.4,-2.73
Cuartel_Cabernet_2,2026-05-18T13:00:00,18.47,22.87,915.7,-3.04
Cuartel_Cabernet_2,2026-05-18T14:00:00,18.14,22.99,915.5,-3.23
Cuartel_Cabernet_2,2026-05-18T15:00:00,16.92,24.83,915.5,-3.25
Cuartel_Cabernet_2,2026-05-18T16:00:00,12.89,33.38,915.5,-2.78
Cuartel_Cabernet_2,2026-05-18T17:00:00,10.13,39.49,915.7,-2.97
Cuartel_Cabernet_2,2026-05-18T18:00:00,9.02,41.8,916.1,-3.21
Cuartel_Cabernet_2,2026-05-18T19:00:00,8.3,42.96,916.2,-3.55
Cuartel_Cabernet_2,2026-05-18T20:00:00,7.54,44.82,916.2,-3.79
Cuartel_Cabernet_2,2026-05-18T21:00:00,6.42,48.09,916.1,-3.94
Cuartel_Cabernet_2,2026-05-18T22:00:00,5.62,50.18,916.1,-4.21
Cuartel_Cabernet_2,2026-05-18T23:00:00,5.22,50.93,916.1,-4.53
Cuartel_Cabernet_2,2026-05-19T00:00:00,5.1,50.35,915.9,-4.93
Cuartel_Cabernet_2,2026-05-19T01:00:00,5.09,49.37,915.7,-5.3
Cuartel_Cabernet_2,2026-05-19T02:00:00,4.99,48.53,915.5,-5.66
Cuartel_Cabernet_2,2026-05-19T03:00:00,4.5,49.52,915.4,-5.85
Cuartel_Cabernet_2,2026-05-19T04:00:00,4.12,50.14,915.4,-6.03
Cuartel_Cabernet_2,2026-05-19T05:00:00,3.84,50.79,915.6,-6.22
Cuartel_Cabernet_2,2026-05-19T06:00:00,3.75,51.14,916.1,-6.24
Cuartel_Cabernet_2,2026-05-19T07:00:00,6.48,44.57,916.6,-5.1
Cuartel_Cabernet_2,2026-05-19T08:00:00,10.07,37.08,917.0,-4.11
Cuartel_Cabernet_2,2026-05-19T09:00:00,12.94,30.29,917.4,-4.49
Cuartel_Cabernet_2,2026-05-19T10:00:00,15.3,27.26,917.5,-3.74
Cuartel_Cabernet_2,2026-05-19T11:00:00,17.14,25.06,917.2,-3.17
Cuartel_Cabernet_2,2026-05-19T12:00:00,18.4,23.34,916.7,-2.97
Cuartel_Cabernet_2,2026-05-19T13:00:00,19.04,22.28,916.3,-3.01
Cuartel_Cabernet_2,2026-05-19T14:00:00,18.96,22.12,916.1,-3.13
Cuartel_Cabernet_2,2026-05-19T15:00:00,17.7,24.45,916.3,-2.82
Cuartel_Cabernet_2,2026-05-19T16:00:00,12.71,36.31,916.7,-1.83
Cuartel_Cabernet_2,2026-05-19T17:00:00,10.49,39.78,917.4,-2.54
Cuartel_Cabernet_2,2026-05-19T18:00:00,9.83,41.37,918.2,-2.61
Cuartel_Cabernet_2,2026-05-19T19:00:00,10.22,39.85,918.8,-2.77
Cuartel_Cabernet_2,2026-05-19T20:00:00,10.51,38.64,919.1,-2.91
Cuartel_Cabernet_2,2026-05-19T21:00:00,9.43,41.54,919.1,-2.91
Cuartel_Cabernet_2,2026-05-19T22:00:00,7.55,47.2,919.3,-2.91
Cuartel_Cabernet_2,2026-05-19T23:00:00,6.13,52.06,919.6,-2.92
Cuartel_Cabernet_2,2026-05-20T00:00:00,5.39,54.49,919.9,-2.97
Cuartel_Cabernet_2,2026-05-20T01:00:00,4.95,55.69,920.1,-3.12
Cuartel_Cabernet_2,2026-05-20T02:00:00,4.67,56.11,920.3,-3.28
Cuartel_Cabernet_2,2026-05-20T03:00:00,4.43,56.72,920.5,-3.37
Cuartel_Cabernet_2,2026-05-20T04:00:00,4.13,57.96,921.0,-3.36
Cuartel_Cabernet_2,2026-05-20T05:00:00,3.92,58.49,921.6,-3.47
Cuartel_Cabernet_2,2026-05-20T06:00:00,3.99,57.51,922.2,-3.62
Cuartel_Cabernet_2,2026-05-20T07:00:00,7.54,46.12,922.6,-3.28
Cuartel_Cabernet_2,2026-05-20T08:00:00,11.14,35.53,922.8,-3.47
Cuartel_Cabernet_2,2026-05-20T09:00:00,13.5,30.51,922.8,-3.43
Cuartel_Cabernet_2,2026-05-20T10:00:00,15.17,27.63,922.3,-3.33
Cuartel_Cabernet_2,2026-05-20T11:00:00,16.27,25.73,921.6,-3.31
Cuartel_Cabernet_2,2026-05-20T12:00:00,16.79,24.8,920.8,-3.36
Cuartel_Cabernet_2,2026-05-20T13:00:00,16.83,24.72,920.4,-3.38
Cuartel_Cabernet_2,2026-05-20T14:00:00,16.35,25.41,920.4,-3.41
Cuartel_Cabernet_2,2026-05-20T15:00:00,15.2,27.87,920.5,-3.16
Cuartel_Cabernet_2,2026-05-20T16:00:00,11.24,38.2,920.8,-2.43
Cuartel_Cabernet_2,2026-05-20T17:00:00,9.02,44.08,921.2,-2.51
Cuartel_Cabernet_2,2026-05-20T18:00:00,8.72,45.01,921.6,-2.47
Cuartel_Cabernet_2,2026-05-20T19:00:00,9.01,44.02,921.9,-2.51
Cuartel_Cabernet_2,2026-05-20T20:00:00,8.52,45.37,921.9,-2.56
Cuartel_Cabernet_2,2026-05-20T21:00:00,7.82,47.86,921.8,-2.5
Cuartel_Cabernet_2,2026-05-20T22:00:00,7.34,48.87,921.7,-2.65
Cuartel_Cabernet_2,2026-05-20T23:00:00,6.99,49.74,921.3,-2.75
Cuartel_Cabernet_2,2026-05-21T00:00:00,6.6,50.91,920.7,-2.81
Cuartel_Cabernet_2,2026-05-21T01:00:00,6.27,51.89,920.1,-2.87
Cuartel_Cabernet_2,2026-05-21T02:00:00,6.15,52.29,919.5,-2.89
Cuartel_Cabernet_2,2026-05-21T03:00:00,5.98,53.53,919.3,-2.79
Cuartel_Cabernet_2,2026-05-21T04:00:00,5.65,56.06,919.3,-2.47
Cuartel_Cabernet_2,2026-05-21T05:00:00,5.41,58.83,919.7,-2.06
Cuartel_Cabernet_2,2026-05-21T06:00:00,5.25,61.35,920.3,-1.68
Cuartel_Cabernet_2,2026-05-21T07:00:00,6.09,59.48,920.8,-1.27
Cuartel_Cabernet_2,2026-05-21T08:00:00,7.98,54.19,921.3,-0.76
Cuartel_Cabernet_2,2026-05-21T09:00:00,9.76,49.15,921.3,-0.43
Cuartel_Cabernet_2,2026-05-21T10:00:00,10.92,45.79,920.8,-0.3
Cuartel_Cabernet_2,2026-05-21T11:00:00,12.04,43.63,920.0,0.06
Cuartel_Cabernet_2,2026-05-21T12:00:00,13.67,40.87,919.1,0.61
Cuartel_Cabernet_2,2026-05-21T13:00:00,15.02,37.85,918.4,0.75
Cuartel_Cabernet_2,2026-05-21T14:00:00,15.27,36.98,918.1,0.67
Cuartel_Cabernet_2,2026-05-21T15:00:00,14.42,38.97,918.2,0.65
Cuartel_Cabernet_2,2026-05-21T16:00:00,11.2,48.7,918.4,0.82
Cuartel_Cabernet_2,2026-05-21T17:00:00,8.3,59.6,919.0,0.92
Cuartel_Cabernet_2,2026-05-21T18:00:00,7.31,63.95,919.5,0.97
Cuartel_Cabernet_2,2026-05-21T19:00:00,6.83,66.11,919.8,0.97
Cuartel_Cabernet_2,2026-05-21T20:00:00,6.59,67.2,919.7,0.97
Cuartel_Cabernet_2,2026-05-21T21:00:00,5.84,71.22,919.3,1.01
Cuartel_Cabernet_2,2026-05-21T22:00:00,5.04,75.27,919.0,1.01
Cuartel_Cabernet_2,2026-05-21T23:00:00,4.41,78.46,918.8,0.96
Cuartel_Cabernet_2,2026-05-22T00:00:00,3.79,81.76,918.5,0.9
Cuartel_Cabernet_2,2026-05-22T01:00:00,3.31,83.8,918.4,0.77
Cuartel_Cabernet_2,2026-05-22T02:00:00,2.98,84.81,918.3,0.59
Cuartel_Cabernet_2,2026-05-22T03:00:00,2.76,84.97,918.4,0.38
Cuartel_Cabernet_2,2026-05-22T04:00:00,2.59,84.23,918.7,0.09
Cuartel_Cabernet_2,2026-05-22T05:00:00,2.44,83.56,919.1,-0.21
Cuartel_Cabernet_2,2026-05-22T06:00:00,2.44,81.97,919.4,-0.49
Cuartel_Cabernet_2,2026-05-22T07:00:00,4.89,68.98,919.6,-0.44
Cuartel_Cabernet_2,2026-05-22T08:00:00,8.31,55.45,919.7,-0.17
Cuartel_Cabernet_2,2026-05-22T09:00:00,11.35,46.95,919.3,0.37
Cuartel_Cabernet_2,2026-05-22T10:00:00,13.86,41.36,918.7,0.91
Cuartel_Cabernet_2,2026-05-22T11:00:00,16.05,37.01,917.7,1.33
Cuartel_Cabernet_2,2026-05-22T12:00:00,17.5,34.45,916.7,1.64
Cuartel_Cabernet_2,2026-05-22T13:00:00,18.0,34.06,916.0,1.94
Cuartel_Cabernet_2,2026-05-22T14:00:00,17.71,35.19,915.7,2.15
Cuartel_Cabernet_2,2026-05-22T15:00:00,16.54,38.36,915.8,2.32
Cuartel_Cabernet_2,2026-05-22T16:00:00,12.94,49.3,916.2,2.58
Cuartel_Cabernet_2,2026-05-22T17:00:00,10.41,58.89,916.7,2.73
Cuartel_Cabernet_2,2026-05-22T18:00:00,9.26,64.4,917.2,2.91
Cuartel_Cabernet_2,2026-05-22T19:00:00,8.43,68.67,917.4,3.01
Cuartel_Cabernet_2,2026-05-22T20:00:00,7.73,72.56,917.2,3.09
Cuartel_Cabernet_2,2026-05-22T21:00:00,6.8,77.91,917.1,3.17
Cuartel_Cabernet_2,2026-05-22T22:00:00,5.8,83.63,917.0,3.19
Cuartel_Cabernet_2,2026-05-22T23:00:00,5.14,87.23,917.0,3.11
Cuartel_Cabernet_2,2026-05-23T00:00:00,4.73,89.23,916.9,2.98
Cuartel_Cabernet_2,2026-05-23T01:00:00,4.14,92.43,916.5,2.82
Cuartel_Cabernet_2,2026-05-23T02:00:00,4.13,90.66,916.0,2.5
Cuartel_Cabernet_2,2026-05-23T03:00:00,4.03,88.2,915.6,1.94
Cuartel_Cabernet_2,2026-05-23T04:00:00,3.98,85.07,915.3,1.35
Cuartel_Cabernet_2,2026-05-23T05:00:00,3.98,83.43,915.1,1.02
Cuartel_Cabernet_2,2026-05-23T06:00:00,3.99,83.21,915.3,0.94
Cuartel_Cabernet_2,2026-05-23T07:00:00,5.75,74.56,915.6,1.22
Cuartel_Cabernet_2,2026-05-23T08:00:00,7.97,65.52,915.6,1.57
Cuartel_Cabernet_2,2026-05-23T09:00:00,10.01,58.14,915.3,1.83
Cuartel_Cabernet_2,2026-05-23T10:00:00,12.73,49.3,914.6,2.13
Cuartel_Cabernet_2,2026-05-23T11:00:00,15.08,42.27,913.5,2.22
Cuartel_Cabernet_2,2026-05-23T12:00:00,16.9,37.35,912.3,2.17
Cuartel_Cabernet_2,2026-05-23T13:00:00,17.72,35.22,911.6,2.14
Cuartel_Cabernet_2,2026-05-23T14:00:00,17.54,35.69,911.4,2.17
Cuartel_Cabernet_2,2026-05-23T15:00:00,16.19,39.61,911.7,2.45
Cuartel_Cabernet_2,2026-05-23T16:00:00,13.21,49.27,912.0,2.82
Cuartel_Cabernet_2,2026-05-23T17:00:00,11.07,57.53,912.4,2.99
Cuartel_Cabernet_2,2026-05-23T18:00:00,9.54,63.39,912.9,2.88
Cuartel_Cabernet_2,2026-05-23T19:00:00,8.34,68.48,912.9,2.75
Cuartel_Cabernet_2,2026-05-23T20:00:00,7.38,72.97,912.9,2.61
Cuartel_Cabernet_2,2026-05-23T21:00:00,6.42,77.5,913.0,2.39
Cuartel_Cabernet_2,2026-05-23T22:00:00,5.49,81.84,912.9,2.1
Cuartel_Cabernet_2,2026-05-23T23:00:00,4.75,84.78,912.6,1.66
Cuartel_Cabernet_2,2026-05-24T00:00:00,4.36,85.17,912.2,1.18
Cuartel_Cabernet_2,2026-05-24T01:00:00,4.24,82.87,912.0,0.56
Cuartel_Cabernet_2,2026-05-24T02:00:00,3.9,81.78,911.6,-0.02
Cuartel_Cabernet_2,2026-05-24T03:00:00,3.58,81.77,911.3,-0.36
Cuartel_Cabernet_2,2026-05-24T04:00:00,3.79,80.74,911.2,-0.31
Cuartel_Cabernet_2,2026-05-24T05:00:00,4.27,79.52,911.8,-0.01
Cuartel_Cabernet_2,2026-05-24T06:00:00,4.75,77.8,912.5,0.2
Cuartel_Cabernet_2,2026-05-24T07:00:00,5.9,71.55,913.1,0.38
Cuartel_Cabernet_2,2026-05-24T08:00:00,9.01,56.72,913.5,0.19
Cuartel_Cabernet_2,2026-05-24T09:00:00,10.97,50.53,913.7,0.63
Cuartel_Cabernet_2,2026-05-24T10:00:00,12.1,44.81,913.5,-0.05
Cuartel_Cabernet_2,2026-05-24T11:00:00,13.24,39.83,912.9,-0.62
Cuartel_Cabernet_2,2026-05-24T12:00:00,13.82,37.76,912.0,-0.81
Cuartel_Cabernet_2,2026-05-24T13:00:00,13.95,38.06,911.5,-0.55
Cuartel_Cabernet_2,2026-05-24T14:00:00,14.3,38.37,911.6,-0.07
Cuartel_Cabernet_2,2026-05-24T15:00:00,14.04,41.22,911.9,0.75
Cuartel_Cabernet_2,2026-05-24T16:00:00,10.3,56.84,912.4,1.91
Cuartel_Cabernet_2,2026-05-24T17:00:00,9.12,63.72,913.1,2.44
Cuartel_Cabernet_2,2026-05-24T18:00:00,8.87,65.47,913.5,2.58
Cuartel_Cabernet_2,2026-05-24T19:00:00,8.27,68.06,913.6,2.52
Cuartel_Cabernet_2,2026-05-24T20:00:00,7.06,73.05,913.6,2.32
Cuartel_Cabernet_2,2026-05-24T21:00:00,6.21,76.53,913.6,2.11
Cuartel_Cabernet_2,2026-05-24T22:00:00,5.74,77.96,913.7,1.82
Cuartel_Cabernet_2,2026-05-24T23:00:00,5.5,78.31,913.8,1.52
Cuartel_Cabernet_2,2026-05-25T00:00:00,5.14,79.97,913.9,1.36
Cuartel_Cabernet_2,2026-05-25T01:00:00,4.69,81.65,913.7,1.14
Cuartel_Cabernet_2,2026-05-25T02:00:00,4.28,82.43,913.6,0.77
Cuartel_Cabernet_2,2026-05-25T03:00:00,3.98,82.03,913.5,0.3
Cuartel_Cabernet_2,2026-05-25T04:00:00,3.79,81.14,913.7,-0.14
Cuartel_Cabernet_2,2026-05-25T05:00:00,3.67,80.4,914.1,-0.41
Cuartel_Cabernet_2,2026-05-25T06:00:00,3.74,79.14,914.7,-0.53
Cuartel_Cabernet_2,2026-05-25T07:00:00,6.51,67.41,915.4,0.22
Cuartel_Cabernet_2,2026-05-25T08:00:00,9.68,59.36,915.9,1.63
Cuartel_Cabernet_2,2026-05-25T09:00:00,12.57,52.51,916.0,2.82
Cuartel_Cabernet_2,2026-05-25T10:00:00,15.18,44.55,915.6,3.0
Cuartel_Cabernet_2,2026-05-25T11:00:00,17.05,38.9,914.8,2.88
Cuartel_Cabernet_2,2026-05-25T12:00:00,18.07,36.45,914.0,2.9
Cuartel_Cabernet_2,2026-05-25T13:00:00,18.51,35.57,913.5,2.98
Cuartel_Cabernet_2,2026-05-25T14:00:00,18.35,36.35,913.5,3.15
Cuartel_Cabernet_2,2026-05-25T15:00:00,17.33,39.66,913.9,3.48
Cuartel_Cabernet_2,2026-05-25T16:00:00,13.4,52.6,914.5,3.92
Cuartel_Cabernet_2,2026-05-25T17:00:00,11.18,62.02,915.2,4.18
Cuartel_Cabernet_2,2026-05-25T18:00:00,10.49,65.67,915.9,4.35
Cuartel_Cabernet_2,2026-05-25T19:00:00,9.95,68.35,916.2,4.38
Cuartel_Cabernet_2,2026-05-25T20:00:00,9.47,70.48,916.3,4.32
Cuartel_Cabernet_2,2026-05-25T21:00:00,8.81,73.03,916.2,4.17
Cuartel_Cabernet_2,2026-05-25T22:00:00,8.14,75.33,916.0,3.93
Cuartel_Cabernet_2,2026-05-25T23:00:00,7.5,77.26,915.8,3.61
Cuartel_Cabernet_2,2026-05-26T00:00:00,7.05,77.91,915.5,3.23
Cuartel_Cabernet_2,2026-05-26T01:00:00,6.82,77.79,915.2,2.89
Cuartel_Cabernet_2,2026-05-26T02:00:00,6.47,79.05,914.8,2.69
Cuartel_Cabernet_2,2026-05-26T03:00:00,6.24,79.99,914.6,2.53
Cuartel_Cabernet_2,2026-05-26T04:00:00,5.96,82.03,914.6,2.52
Cuartel_Cabernet_2,2026-05-26T05:00:00,5.73,84.18,915.0,2.58
Cuartel_Cabernet_2,2026-05-26T06:00:00,6.06,82.47,915.4,2.52
Cuartel_Cabernet_2,2026-05-26T07:00:00,8.05,73.47,915.8,2.92
Cuartel_Cabernet_2,2026-05-26T08:00:00,11.1,62.74,916.0,3.8
Cuartel_Cabernet_2,2026-05-26T09:00:00,14.65,50.15,915.9,3.99
Cuartel_Cabernet_2,2026-05-26T10:00:00,17.93,40.38,915.4,4.09
Cuartel_Cabernet_2,2026-05-26T11:00:00,19.87,34.85,914.4,3.82
Cuartel_Cabernet_2,2026-05-26T12:00:00,20.91,32.41,913.3,3.74
Cuartel_Cabernet_2,2026-05-26T13:00:00,21.15,32.14,912.5,3.85
Cuartel_Cabernet_2,2026-05-26T14:00:00,20.82,33.2,912.2,4.05
Cuartel_Cabernet_2,2026-05-26T15:00:00,19.68,36.45,912.2,4.37
Cuartel_Cabernet_2,2026-05-26T16:00:00,15.51,48.43,912.5,4.69
Cuartel_Cabernet_2,2026-05-26T17:00:00,12.95,57.49,912.9,4.78
Cuartel_Cabernet_2,2026-05-26T18:00:00,11.72,62.48,913.5,4.8
Cuartel_Cabernet_2,2026-05-26T19:00:00,10.9,65.88,913.8,4.75
Cuartel_Cabernet_2,2026-05-26T20:00:00,10.06,69.66,913.5,4.7
Cuartel_Cabernet_2,2026-05-26T21:00:00,9.06,74.48,913.3,4.67
Cuartel_Cabernet_2,2026-05-26T22:00:00,8.3,78.39,913.0,4.6
Cuartel_Cabernet_2,2026-05-26T23:00:00,7.86,80.48,912.7,4.5
Cuartel_Cabernet_2,2026-05-27T00:00:00,7.43,82.99,912.4,4.47
Cuartel_Cabernet_2,2026-05-27T01:00:00,7.02,85.46,912.0,4.4
Cuartel_Cabernet_2,2026-05-27T02:00:00,6.63,87.45,911.6,4.31
Cuartel_Cabernet_2,2026-05-27T03:00:00,6.65,86.41,911.3,4.09
Cuartel_Cabernet_2,2026-05-27T04:00:00,6.63,84.75,911.4,3.72
Cuartel_Cabernet_2,2026-05-27T05:00:00,6.58,83.59,911.8,3.38
Cuartel_Cabernet_2,2026-05-27T06:00:00,6.9,80.34,912.3,3.07
Cuartel_Cabernet_2,2026-05-27T07:00:00,8.05,74.83,912.6,3.31
Cuartel_Cabernet_2,2026-05-27T08:00:00,10.5,65.74,912.6,3.99
Cuartel_Cabernet_2,2026-05-27T09:00:00,13.61,52.97,912.3,3.73
Cuartel_Cabernet_2,2026-05-27T10:00:00,16.69,43.12,911.7,3.52
Cuartel_Cabernet_2,2026-05-27T11:00:00,18.87,38.14,910.6,3.82
Cuartel_Cabernet_2,2026-05-27T12:00:00,20.49,34.8,909.4,4.06
Cuartel_Cabernet_2,2026-05-27T13:00:00,21.46,33.04,908.6,4.25
Cuartel_Cabernet_2,2026-05-27T14:00:00,21.41,33.99,908.3,4.69
Cuartel_Cabernet_2,2026-05-27T15:00:00,20.17,38.35,908.7,5.42
Cuartel_Cabernet_2,2026-05-27T16:00:00,16.04,52.29,909.1,6.21
Cuartel_Cabernet_2,2026-05-27T17:00:00,14.24,60.17,909.7,6.53
Cuartel_Cabernet_2,2026-05-27T18:00:00,13.6,63.14,910.2,6.53
Cuartel_Cabernet_2,2026-05-27T19:00:00,12.54,68.2,910.6,6.56
Cuartel_Cabernet_2,2026-05-27T20:00:00,11.35,73.89,910.7,6.47
Cuartel_Cabernet_2,2026-05-27T21:00:00,10.27,79.17,910.7,6.28
Cuartel_Cabernet_2,2026-05-27T22:00:00,9.73,81.61,910.8,6.1
Cuartel_Cabernet_2,2026-05-27T23:00:00,9.61,81.89,910.7,5.92
Cuartel_Cabernet_2,2026-05-28T00:00:00,9.28,82.97,910.5,5.71
Cuartel_Cabernet_2,2026-05-28T01:00:00,9.15,82.31,910.3,5.42
Cuartel_Cabernet_2,2026-05-28T02:00:00,9.28,79.96,910.2,5.13
Cuartel_Cabernet_2,2026-05-28T03:00:00,9.33,78.7,910.1,5.0
Cuartel_Cabernet_2,2026-05-28T04:00:00,9.19,78.59,910.3,4.93
Cuartel_Cabernet_2,2026-05-28T05:00:00,9.05,78.37,910.8,4.82
Cuartel_Cabernet_2,2026-05-28T06:00:00,8.99,77.98,911.4,4.73
Cuartel_Cabernet_2,2026-05-28T07:00:00,9.42,76.41,911.9,4.93
Cuartel_Cabernet_2,2026-05-28T08:00:00,10.15,74.32,912.4,5.34
Cuartel_Cabernet_2,2026-05-28T09:00:00,10.97,72.17,912.8,5.79
Cuartel_Cabernet_2,2026-05-28T10:00:00,11.93,67.83,912.8,5.85
Cuartel_Cabernet_2,2026-05-28T11:00:00,13.09,61.88,912.7,5.6
Cuartel_Cabernet_2,2026-05-28T12:00:00,14.11,57.62,912.4,5.55
Cuartel_Cabernet_2,2026-05-28T13:00:00,14.8,55.71,912.5,5.75
Cuartel_Cabernet_2,2026-05-28T14:00:00,15.33,54.78,912.8,6.06
Cuartel_Cabernet_2,2026-05-28T15:00:00,15.03,57.93,913.3,6.64
Cuartel_Cabernet_2,2026-05-28T16:00:00,11.64,75.73,914.1,7.4
Cuartel_Cabernet_2,2026-05-28T17:00:00,10.05,86.52,915.0,7.83
Cuartel_Cabernet_2,2026-05-28T18:00:00,9.5,89.86,915.9,7.8
Cuartel_Cabernet_2,2026-05-28T19:00:00,8.95,92.41,916.4,7.61
Cuartel_Cabernet_2,2026-05-28T20:00:00,8.47,93.25,916.6,7.2
Cuartel_Cabernet_2,2026-05-28T21:00:00,8.53,88.8,916.7,6.45
Cuartel_Cabernet_2,2026-05-28T22:00:00,8.61,84.8,916.7,5.73
Cuartel_Cabernet_2,2026-05-28T23:00:00,8.54,83.76,916.8,5.43
Cuartel_Cabernet_2,2026-05-29T00:00:00,8.3,84.06,916.8,5.22
Cuartel_Cabernet_2,2026-05-29T01:00:00,8.12,83.06,916.7,4.83
Cuartel_Cabernet_2,2026-05-29T02:00:00,7.97,81.86,916.7,4.39
Cuartel_Cabernet_2,2026-05-29T03:00:00,7.94,80.25,916.7,3.99
Cuartel_Cabernet_2,2026-05-29T04:00:00,8.09,78.24,916.9,3.74
Cuartel_Cabernet_2,2026-05-29T05:00:00,8.25,78.1,917.3,3.88
Cuartel_Cabernet_2,2026-05-29T06:00:00,8.16,79.57,917.9,4.12
Cuartel_Cabernet_2,2026-05-29T07:00:00,8.71,77.61,918.4,4.37
Cuartel_Cabernet_2,2026-05-29T08:00:00,10.03,72.94,918.8,4.92
Cuartel_Cabernet_2,2026-05-29T09:00:00,11.94,65.82,918.8,5.28
Cuartel_Cabernet_2,2026-05-29T10:00:00,13.71,61.57,918.3,6.07
Cuartel_Cabernet_2,2026-05-29T11:00:00,15.5,58.29,917.5,7.05
Cuartel_Cabernet_2,2026-05-29T12:00:00,17.37,54.41,916.5,7.9
Cuartel_Cabernet_2,2026-05-29T13:00:00,18.71,51.12,915.7,8.31
Cuartel_Cabernet_2,2026-05-29T14:00:00,19.02,50.58,915.3,8.5
Cuartel_Cabernet_2,2026-05-29T15:00:00,18.22,53.74,915.4,8.69
Cuartel_Cabernet_2,2026-05-29T16:00:00,14.51,68.8,915.7,8.85
Cuartel_Cabernet_2,2026-05-29T17:00:00,12.96,76.42,916.1,8.93
Cuartel_Cabernet_2,2026-05-29T18:00:00,12.87,76.52,916.5,8.85
Cuartel_Cabernet_2,2026-05-29T19:00:00,12.61,77.36,916.8,8.73
Cuartel_Cabernet_2,2026-05-29T20:00:00,12.26,79.06,916.9,8.69
Cuartel_Cabernet_2,2026-05-29T21:00:00,11.65,82.4,916.8,8.67
Cuartel_Cabernet_2,2026-05-29T22:00:00,11.02,86.24,916.7,8.69
Cuartel_Cabernet_2,2026-05-29T23:00:00,10.49,89.57,916.7,8.67
Cuartel_Cabernet_2,2026-05-30T00:00:00,10.19,91.37,916.6,8.58
Cuartel_Cabernet_2,2026-05-30T01:00:00,9.95,92.24,916.4,8.38
Cuartel_Cabernet_2,2026-05-30T02:00:00,9.98,90.84,916.2,8.05
Cuartel_Cabernet_2,2026-05-30T03:00:00,10.12,88.33,916.0,7.65
Cuartel_Cabernet_2,2026-05-30T04:00:00,10.17,85.79,915.9,7.17
Cuartel_Cabernet_2,2026-05-30T05:00:00,10.15,83.57,916.1,6.7
Cuartel_Cabernet_2,2026-05-30T06:00:00,10.04,81.97,916.5,6.28
Cuartel_Cabernet_2,2026-05-30T07:00:00,10.71,77.5,916.8,6.22
Cuartel_Cabernet_2,2026-05-30T08:00:00,12.83,70.23,916.8,6.91
Cuartel_Cabernet_2,2026-05-30T09:00:00,15.64,62.06,916.5,7.8
Cuartel_Cabernet_2,2026-05-30T10:00:00,18.5,52.9,915.9,8.27
Cuartel_Cabernet_2,2026-05-30T11:00:00,20.55,46.15,914.8,8.3
Cuartel_Cabernet_2,2026-05-30T12:00:00,21.77,42.33,913.8,8.23
Cuartel_Cabernet_2,2026-05-30T13:00:00,22.32,40.36,913.2,8.11
Cuartel_Cabernet_2,2026-05-30T14:00:00,22.09,40.76,913.0,8.09
Cuartel_Cabernet_2,2026-05-30T15:00:00,20.86,44.38,913.2,8.27
Cuartel_Cabernet_2,2026-05-30T16:00:00,16.92,57.7,913.8,8.54
Cuartel_Cabernet_2,2026-05-30T17:00:00,14.79,66.7,914.6,8.67
Cuartel_Cabernet_2,2026-05-30T18:00:00,13.84,70.72,915.4,8.6
Cuartel_Cabernet_2,2026-05-30T19:00:00,13.1,73.39,916.0,8.36
Cuartel_Cabernet_2,2026-05-30T20:00:00,12.37,76.61,916.2,8.17
Cuartel_Cabernet_2,2026-05-30T21:00:00,11.32,81.58,916.4,7.97
Cuartel_Cabernet_2,2026-05-30T22:00:00,10.43,85.75,916.5,7.66
Cuartel_Cabernet_2,2026-05-30T23:00:00,9.93,87.69,916.2,7.28
Cuartel_Cabernet_2,2026-05-31T00:00:00,10.2,84.44,915.8,6.78
Cuartel_Cabernet_2,2026-05-31T01:00:00,10.61,79.14,915.3,6.07
Cuartel_Cabernet_2,2026-05-31T02:00:00,10.74,75.03,914.8,5.3
Cuartel_Cabernet_2,2026-05-31T03:00:00,10.69,72.19,914.4,4.58
Cuartel_Cabernet_2,2026-05-31T04:00:00,10.35,71.76,914.5,4.08
Cuartel_Cabernet_2,2026-05-31T05:00:00,9.95,72.06,914.8,3.71
Cuartel_Cabernet_2,2026-05-31T06:00:00,9.72,71.51,915.1,3.41
Cuartel_Cabernet_2,2026-05-31T07:00:00,10.74,67.49,915.4,3.94
Cuartel_Cabernet_2,2026-05-31T08:00:00,13.19,61.96,915.5,5.42
Cuartel_Cabernet_2,2026-05-31T09:00:00,15.66,53.63,915.5,5.19
Cuartel_Cabernet_2,2026-05-31T10:00:00,18.18,46.37,915.0,5.63
Cuartel_Cabernet_2,2026-05-31T11:00:00,19.9,41.86,913.9,6.05
Cuartel_Cabernet_2,2026-05-31T12:00:00,21.08,38.81,912.8,6.18
Cuartel_Cabernet_2,2026-05-31T13:00:00,21.68,37.32,912.0,6.28
Cuartel_Cabernet_2,2026-05-31T14:00:00,21.49,38.03,911.6,6.48
Cuartel_Cabernet_2,2026-05-31T15:00:00,20.27,41.55,911.9,6.74
Cuartel_Cabernet_2,2026-05-31T16:00:00,16.24,54.57,912.4,7.06
Cuartel_Cabernet_2,2026-05-31T17:00:00,15.34,58.18,913.0,7.16
Cuartel_Cabernet_2,2026-05-31T18:00:00,15.01,59.31,913.8,7.12
Cuartel_Cabernet_2,2026-05-31T19:00:00,14.41,62.4,914.3,7.24
Cuartel_Cabernet_2,2026-05-31T20:00:00,13.49,67.77,914.7,7.52
Cuartel_Cabernet_2,2026-05-31T21:00:00,12.61,73.3,914.8,7.77
Cuartel_Cabernet_2,2026-05-31T22:00:00,11.92,77.76,915.0,7.9
Cuartel_Cabernet_2,2026-05-31T23:00:00,11.53,80.34,915.2,7.91
Cuartel_Cabernet_2,2026-06-01T00:00:00,11.25,86.91,908.8,9.14
Cuartel_Cabernet_2,2026-06-01T01:00:00,11.39,85.34,908.6,9.01
Cuartel_Cabernet_2,2026-06-01T02:00:00,11.07,86.27,908.3,8.85
Cuartel_Cabernet_2,2026-06-01T03:00:00,10.49,88.72,908.0,8.69
Cuartel_Cabernet_2,2026-06-01T04:00:00,9.61,93.36,907.7,8.57
Cuartel_Cabernet_2,2026-06-01T05:00:00,8.97,96.73,907.9,8.46
Cuartel_Cabernet_2,2026-06-01T06:00:00,8.45,99.21,908.5,8.33
Cuartel_Cabernet_2,2026-06-01T07:00:00,8.98,95.77,908.9,8.32
Cuartel_Cabernet_2,2026-06-01T08:00:00,10.57,88.82,909.2,8.78
Cuartel_Cabernet_2,2026-06-01T09:00:00,12.06,84.06,909.2,9.45
Cuartel_Cabernet_2,2026-06-01T10:00:00,13.81,75.85,908.8,9.67
Cuartel_Cabernet_2,2026-06-01T11:00:00,14.99,69.87,908.1,9.61
Cuartel_Cabernet_2,2026-06-01T12:00:00,15.46,67.32,907.3,9.51
Cuartel_Cabernet_2,2026-06-01T13:00:00,15.8,65.67,906.7,9.47
Cuartel_Cabernet_2,2026-06-01T14:00:00,15.76,65.74,906.4,9.44
Cuartel_Cabernet_2,2026-06-01T15:00:00,15.29,67.65,906.2,9.42
Cuartel_Cabernet_2,2026-06-01T16:00:00,14.21,72.46,906.4,9.39
Cuartel_Cabernet_2,2026-06-01T17:00:00,12.9,78.57,906.9,9.3
Cuartel_Cabernet_2,2026-06-01T18:00:00,11.98,83.32,907.5,9.24
Cuartel_Cabernet_2,2026-06-01T19:00:00,11.25,87.59,907.9,9.25
Cuartel_Cabernet_2,2026-06-01T20:00:00,10.73,91.11,907.8,9.32
Cuartel_Cabernet_2,2026-06-01T21:00:00,10.39,93.85,907.5,9.42
Cuartel_Cabernet_2,2026-06-01T22:00:00,10.18,95.95,907.1,9.54
Cuartel_Cabernet_2,2026-06-01T23:00:00,10.03,98.31,906.9,9.76
Cuartel_Cabernet_2,2026-06-02T00:00:00,10.04,100.0,906.7,10.04
Cuartel_Cabernet_2,2026-06-02T01:00:00,10.11,100.0,906.4,10.11
Cuartel_Cabernet_2,2026-06-02T02:00:00,10.43,98.48,906.1,10.19
Cuartel_Cabernet_2,2026-06-02T03:00:00,10.46,97.0,905.8,9.99
Cuartel_Cabernet_2,2026-06-02T04:00:00,10.67,94.41,905.8,9.79
Cuartel_Cabernet_2,2026-06-02T05:00:00,10.92,92.35,906.2,9.7
Cuartel_Cabernet_2,2026-06-02T06:00:00,11.02,91.37,907.0,9.64
Cuartel_Cabernet_2,2026-06-02T07:00:00,11.16,91.04,907.8,9.73
Cuartel_Cabernet_2,2026-06-02T08:00:00,11.6,90.04,908.1,10.0
Cuartel_Cabernet_2,2026-06-02T09:00:00,12.44,87.68,908.0,10.44
Cuartel_Cabernet_2,2026-06-02T10:00:00,13.63,82.0,907.5,10.63
Cuartel_Cabernet_2,2026-06-02T11:00:00,14.92,76.48,906.9,10.87
Cuartel_Cabernet_2,2026-06-02T12:00:00,16.14,71.3,906.3,11.02
Cuartel_Cabernet_2,2026-06-02T13:00:00,17.27,66.47,905.8,11.05
Cuartel_Cabernet_2,2026-06-02T14:00:00,17.83,64.55,905.3,11.14
Cuartel_Cabernet_2,2026-06-02T15:00:00,17.4,66.67,905.1,11.22
Cuartel_Cabernet_2,2026-06-02T16:00:00,15.98,73.23,905.4,11.26
Cuartel_Cabernet_2,2026-06-02T17:00:00,14.43,80.6,905.8,11.16
Cuartel_Cabernet_2,2026-06-02T18:00:00,13.58,85.12,906.4,11.13
Cuartel_Cabernet_2,2026-06-02T19:00:00,12.94,88.13,906.8,11.01
Cuartel_Cabernet_2,2026-06-02T20:00:00,12.27,90.59,907.0,10.75
Cuartel_Cabernet_2,2026-06-02T21:00:00,11.64,92.59,906.5,10.46
Cuartel_Cabernet_2,2026-06-02T22:00:00,11.01,94.85,906.1,10.19
Cuartel_Cabernet_2,2026-06-02T23:00:00,10.52,96.51,905.9,9.97
Cuartel_Cabernet_2,2026-06-03T00:00:00,10.13,97.65,905.8,9.76
Cuartel_Cabernet_2,2026-06-03T01:00:00,10.25,95.12,905.7,9.48
Cuartel_Cabernet_2,2026-06-03T02:00:00,10.58,90.84,905.1,9.12
Cuartel_Cabernet_2,2026-06-03T03:00:00,10.71,88.67,904.6,8.9
Cuartel_Cabernet_2,2026-06-03T04:00:00,10.76,87.58,904.5,8.77
Cuartel_Cabernet_2,2026-06-03T05:00:00,10.73,87.48,905.1,8.72
Cuartel_Cabernet_2,2026-06-03T06:00:00,10.69,87.26,906.1,8.65
Cuartel_Cabernet_2,2026-06-03T07:00:00,10.76,87.48,906.8,8.75
Cuartel_Cabernet_2,2026-06-03T08:00:00,11.17,87.78,907.3,9.21
Cuartel_Cabernet_2,2026-06-03T09:00:00,12.06,84.31,907.4,9.49
Cuartel_Cabernet_2,2026-06-03T10:00:00,13.22,76.58,907.1,9.24
Cuartel_Cabernet_2,2026-06-03T11:00:00,14.5,70.53,906.7,9.27
Cuartel_Cabernet_2,2026-06-03T12:00:00,15.2,67.4,906.5,9.28
Cuartel_Cabernet_2,2026-06-03T13:00:00,15.52,66.36,906.6,9.36
Cuartel_Cabernet_2,2026-06-03T14:00:00,15.47,67.09,906.9,9.47
Cuartel_Cabernet_2,2026-06-03T15:00:00,14.88,70.3,907.1,9.59
Cuartel_Cabernet_2,2026-06-03T16:00:00,13.61,76.36,907.5,9.57
Cuartel_Cabernet_2,2026-06-03T17:00:00,12.24,82.88,908.2,9.42
Cuartel_Cabernet_2,2026-06-03T18:00:00,11.65,85.59,908.8,9.31
Cuartel_Cabernet_2,2026-06-03T19:00:00,11.56,85.62,909.3,9.23
Cuartel_Cabernet_2,2026-06-03T20:00:00,11.36,86.48,909.7,9.18
Cuartel_Cabernet_2,2026-06-03T21:00:00,10.82,89.21,910.0,9.1
Cuartel_Cabernet_2,2026-06-03T22:00:00,10.19,92.68,909.8,9.03
Cuartel_Cabernet_2,2026-06-03T23:00:00,9.82,94.51,909.6,8.96
Cuartel_Cabernet_2,2026-06-04T00:00:00,9.82,94.16,909.7,8.9
Cuartel_Cabernet_2,2026-06-04T01:00:00,9.69,95.08,909.4,8.92
Cuartel_Cabernet_2,2026-06-04T02:00:00,9.5,96.48,908.8,8.95
Cuartel_Cabernet_2,2026-06-04T03:00:00,9.35,97.5,908.1,8.96
Cuartel_Cabernet_2,2026-06-04T04:00:00,9.22,98.32,907.7,8.96
Cuartel_Cabernet_2,2026-06-04T05:00:00,9.1,99.01,907.9,8.95
Cuartel_Cabernet_2,2026-06-04T06:00:00,9.01,99.67,908.3,8.96
Cuartel_Cabernet_2,2026-06-04T07:00:00,9.24,98.78,908.6,9.05
Cuartel_Cabernet_2,2026-06-04T08:00:00,10.79,91.95,908.7,9.51
Cuartel_Cabernet_2,2026-06-04T09:00:00,12.8,81.87,908.6,9.79
Cuartel_Cabernet_2,2026-06-04T10:00:00,14.43,72.0,908.0,9.51
Cuartel_Cabernet_2,2026-06-04T11:00:00,15.46,66.58,907.3,9.35
Cuartel_Cabernet_2,2026-06-04T12:00:00,16.2,63.07,906.6,9.25
Cuartel_Cabernet_2,2026-06-04T13:00:00,16.96,59.85,906.3,9.18
Cuartel_Cabernet_2,2026-06-04T14:00:00,17.31,58.59,906.0,9.19
Cuartel_Cabernet_2,2026-06-04T15:00:00,16.83,60.47,906.0,9.21
Cuartel_Cabernet_2,2026-06-04T16:00:00,15.18,66.71,906.3,9.11
Cuartel_Cabernet_2,2026-06-04T17:00:00,13.29,74.52,906.9,8.91
Cuartel_Cabernet_2,2026-06-04T18:00:00,12.48,78.95,907.8,8.96
Cuartel_Cabernet_2,2026-06-04T19:00:00,12.17,81.65,908.4,9.14
Cuartel_Cabernet_2,2026-06-04T20:00:00,12.17,82.48,908.5,9.28
Cuartel_Cabernet_2,2026-06-04T21:00:00,12.15,82.66,908.2,9.3
Cuartel_Cabernet_2,2026-06-04T22:00:00,11.85,84.19,908.1,9.27
Cuartel_Cabernet_2,2026-06-04T23:00:00,11.38,87.16,908.0,9.31
Cuartel_Cabernet_2,2026-06-05T00:00:00,10.74,91.07,908.0,9.32
Cuartel_Cabernet_2,2026-06-05T01:00:00,10.04,95.29,907.8,9.3
Cuartel_Cabernet_2,2026-06-05T02:00:00,9.68,97.23,907.6,9.25
Cuartel_Cabernet_2,2026-06-05T03:00:00,9.59,95.85,907.2,8.94
Cuartel_Cabernet_2,2026-06-05T04:00:00,9.74,92.13,907.2,8.5
Cuartel_Cabernet_2,2026-06-05T05:00:00,10.27,87.36,907.8,8.25
Cuartel_Cabernet_2,2026-06-05T06:00:00,10.51,85.51,909.0,8.18
Cuartel_Cabernet_2,2026-06-05T07:00:00,10.65,84.8,909.9,8.19
Cuartel_Cabernet_2,2026-06-05T08:00:00,11.13,85.15,910.5,8.72
Cuartel_Cabernet_2,2026-06-05T09:00:00,12.1,82.02,910.6,9.14
Cuartel_Cabernet_2,2026-06-05T10:00:00,13.31,76.47,910.0,9.3
Cuartel_Cabernet_2,2026-06-05T11:00:00,14.44,70.74,909.4,9.26
Cuartel_Cabernet_2,2026-06-05T12:00:00,15.43,65.89,908.5,9.16
Cuartel_Cabernet_2,2026-06-05T13:00:00,16.25,62.72,907.9,9.21
Cuartel_Cabernet_2,2026-06-05T14:00:00,16.71,61.34,907.5,9.31
Cuartel_Cabernet_2,2026-06-05T15:00:00,16.34,63.33,907.3,9.44
Cuartel_Cabernet_2,2026-06-05T16:00:00,14.76,70.87,907.4,9.59
Cuartel_Cabernet_2,2026-06-05T17:00:00,13.25,78.19,907.7,9.57
Cuartel_Cabernet_2,2026-06-05T18:00:00,12.73,81.42,908.1,9.65
Cuartel_Cabernet_2,2026-06-05T19:00:00,12.37,84.1,908.4,9.76
Cuartel_Cabernet_2,2026-06-05T20:00:00,12.03,86.63,908.5,9.86
Cuartel_Cabernet_2,2026-06-05T21:00:00,11.7,88.64,908.4,9.87
Cuartel_Cabernet_2,2026-06-05T22:00:00,11.44,90.05,908.2,9.85
Cuartel_Cabernet_2,2026-06-05T23:00:00,11.14,91.61,907.9,9.8
Cuartel_Cabernet_2,2026-06-06T00:00:00,10.71,93.34,907.6,9.65
Cuartel_Cabernet_2,2026-06-06T01:00:00,10.24,95.12,907.3,9.47
Cuartel_Cabernet_2,2026-06-06T02:00:00,9.96,95.79,906.6,9.3
Cuartel_Cabernet_2,2026-06-06T03:00:00,9.42,98.51,905.8,9.19
Cuartel_Cabernet_2,2026-06-06T04:00:00,9.05,99.47,905.6,8.97
Cuartel_Cabernet_2,2026-06-06T05:00:00,9.15,96.73,906.0,8.64
Cuartel_Cabernet_2,2026-06-06T06:00:00,9.45,92.31,906.7,8.24
Cuartel_Cabernet_2,2026-06-06T07:00:00,9.61,91.13,907.2,8.21
Cuartel_Cabernet_2,2026-06-06T08:00:00,10.13,91.3,907.5,8.75
Cuartel_Cabernet_2,2026-06-06T09:00:00,11.32,86.82,907.5,9.19
Cuartel_Cabernet_2,2026-06-06T10:00:00,12.59,82.5,907.4,9.7
Cuartel_Cabernet_2,2026-06-06T11:00:00,13.86,77.08,906.9,9.95
Cuartel_Cabernet_2,2026-06-06T12:00:00,15.14,70.9,906.1,9.97
Cuartel_Cabernet_2,2026-06-06T13:00:00,15.73,67.91,905.7,9.9
Cuartel_Cabernet_2,2026-06-06T14:00:00,15.46,68.99,905.4,9.87
Cuartel_Cabernet_2,2026-06-06T15:00:00,14.38,74.24,905.5,9.91
Cuartel_Cabernet_2,2026-06-06T16:00:00,13.17,81.02,906.0,10.0
Cuartel_Cabernet_2,2026-06-06T17:00:00,12.39,85.95,906.8,10.1
Cuartel_Cabernet_2,2026-06-06T18:00:00,11.91,88.92,907.9,10.12
Cuartel_Cabernet_2,2026-06-06T19:00:00,11.46,91.57,908.6,10.11
Cuartel_Cabernet_2,2026-06-06T20:00:00,10.92,94.49,908.8,10.05
Cuartel_Cabernet_2,2026-06-06T21:00:00,10.49,96.56,908.8,9.95
Cuartel_Cabernet_2,2026-06-06T22:00:00,10.36,96.6,908.9,9.82
Cuartel_Cabernet_2,2026-06-06T23:00:00,10.25,96.26,908.8,9.66
Cuartel_Cabernet_2,2026-06-07T00:00:00,10.03,96.17,908.9,9.43
Cuartel_Cabernet_2,2026-06-07T01:00:00,9.68,96.52,908.8,9.13
Cuartel_Cabernet_2,2026-06-07T02:00:00,9.31,96.94,908.4,8.83
Cuartel_Cabernet_2,2026-06-07T03:00:00,8.99,97.52,908.2,8.6
Cuartel_Cabernet_2,2026-06-07T04:00:00,8.44,99.65,908.3,8.39
Cuartel_Cabernet_2,2026-06-07T05:00:00,8.11,100.0,908.8,8.11
Cuartel_Cabernet_2,2026-06-07T06:00:00,8.24,99.98,909.7,8.24
Cuartel_Cabernet_2,2026-06-07T07:00:00,8.88,96.56,910.3,8.34
Cuartel_Cabernet_2,2026-06-07T08:00:00,10.15,89.38,910.5,8.46
Cuartel_Cabernet_2,2026-06-07T09:00:00,11.39,81.1,910.5,8.28
Cuartel_Cabernet_2,2026-06-07T10:00:00,12.64,72.48,910.1,7.88
Cuartel_Cabernet_2,2026-06-07T11:00:00,13.29,67.52,909.6,7.48
Cuartel_Cabernet_2,2026-06-07T12:00:00,13.23,67.09,909.2,7.32
Cuartel_Cabernet_2,2026-06-07T13:00:00,12.91,68.12,909.2,7.24
Cuartel_Cabernet_2,2026-06-07T14:00:00,12.36,70.32,909.3,7.17
Cuartel_Cabernet_2,2026-06-07T15:00:00,11.7,72.84,909.5,7.04
Cuartel_Cabernet_2,2026-06-07T16:00:00,11.01,75.41,910.1,6.87
Cuartel_Cabernet_2,2026-06-07T17:00:00,10.37,77.85,910.9,6.7
Cuartel_Cabernet_2,2026-06-07T18:00:00,9.76,80.59,912.0,6.6
Cuartel_Cabernet_2,2026-06-07T19:00:00,9.15,83.53,912.8,6.51
Cuartel_Cabernet_2,2026-06-07T20:00:00,8.63,86.29,913.1,6.46
Cuartel_Cabernet_2,2026-06-07T21:00:00,8.07,89.23,913.0,6.38
Cuartel_Cabernet_2,2026-06-07T22:00:00,7.56,91.94,912.8,6.31
Cuartel_Cabernet_2,2026-06-07T23:00:00,7.25,93.31,912.5,6.22
Cuartel_Cabernet_2,2026-06-08T00:00:00,6.87,95.02,912.2,6.1
Cuartel_Cabernet_2,2026-06-08T01:00:00,6.43,97.16,912.0,6.0
Cuartel_Cabernet_2,2026-06-08T02:00:00,6.26,96.88,911.5,5.78
Cuartel_Cabernet_2,2026-06-08T03:00:00,6.16,96.12,911.1,5.57
Cuartel_Cabernet_2,2026-06-08T04:00:00,6.13,95.38,910.9,5.42
Cuartel_Cabernet_2,2026-06-08T05:00:00,6.19,94.57,911.3,5.36
Cuartel_Cabernet_2,2026-06-08T06:00:00,6.22,94.14,912.1,5.32
Cuartel_Cabernet_2,2026-06-08T07:00:00,6.61,91.71,912.8,5.33
Cuartel_Cabernet_2,2026-06-08T08:00:00,7.7,84.57,913.0,5.26
Cuartel_Cabernet_2,2026-06-08T09:00:00,9.23,75.84,912.7,5.22
Cuartel_Cabernet_2,2026-06-08T10:00:00,10.72,68.44,911.7,5.21
Cuartel_Cabernet_2,2026-06-08T11:00:00,11.82,63.43,910.4,5.16
Cuartel_Cabernet_2,2026-06-08T12:00:00,12.66,60.05,909.3,5.16
Cuartel_Cabernet_2,2026-06-08T13:00:00,13.35,57.64,908.6,5.21
Cuartel_Cabernet_2,2026-06-08T14:00:00,13.6,56.86,908.1,5.25
Cuartel_Cabernet_2,2026-06-08T15:00:00,13.06,58.87,907.7,5.25
Cuartel_Cabernet_2,2026-06-08T16:00:00,11.67,64.49,907.4,5.26
Cuartel_Cabernet_2,2026-06-08T17:00:00,10.21,70.61,907.6,5.16
Cuartel_Cabernet_2,2026-06-08T18:00:00,9.39,73.78,908.1,4.99
Cuartel_Cabernet_2,2026-06-08T19:00:00,8.77,76.07,908.4,4.82
Cuartel_Cabernet_2,2026-06-08T20:00:00,8.21,78.2,908.3,4.66
Cuartel_Cabernet_2,2026-06-08T21:00:00,7.7,79.97,907.9,4.48
Cuartel_Cabernet_2,2026-06-08T22:00:00,7.25,81.26,907.1,4.26
Cuartel_Cabernet_2,2026-06-08T23:00:00,6.84,82.49,906.4,4.07
Cuartel_Cabernet_2,2026-06-09T00:00:00,6.63,83.06,906.0,3.96
Cuartel_Cabernet_2,2026-06-09T01:00:00,6.63,82.7,905.3,3.9
Cuartel_Cabernet_2,2026-06-09T02:00:00,6.66,82.46,904.5,3.88
Cuartel_Cabernet_2,2026-06-09T03:00:00,6.73,81.87,904.0,3.85
Cuartel_Cabernet_2,2026-06-09T04:00:00,6.79,81.23,903.8,3.8
Cuartel_Cabernet_2,2026-06-09T05:00:00,6.92,80.28,904.5,3.77
Cuartel_Cabernet_2,2026-06-09T06:00:00,6.74,81.35,905.3,3.78
Cuartel_Cabernet_2,2026-06-09T07:00:00,6.72,82.08,905.7,3.88
Cuartel_Cabernet_2,2026-06-09T08:00:00,7.43,81.11,905.6,4.41
Cuartel_Cabernet_2,2026-06-09T09:00:00,8.58,75.38,905.4,4.51
Cuartel_Cabernet_2,2026-06-09T10:00:00,9.62,71.2,905.0,4.71
Cuartel_Cabernet_2,2026-06-09T11:00:00,10.58,68.41,904.3,5.07
Cuartel_Cabernet_2,2026-06-09T12:00:00,11.43,65.97,903.3,5.36
Cuartel_Cabernet_2,2026-06-09T13:00:00,12.46,62.47,902.4,5.55
Cuartel_Cabernet_2,2026-06-09T14:00:00,13.13,60.81,902.0,5.79
Cuartel_Cabernet_2,2026-06-09T15:00:00,12.83,63.28,902.0,6.09
Cuartel_Cabernet_2,2026-06-09T16:00:00,11.49,71.58,902.4,6.59
Cuartel_Cabernet_2,2026-06-09T17:00:00,10.17,77.39,902.9,6.42
Cuartel_Cabernet_2,2026-06-09T18:00:00,9.33,81.28,903.0,6.3
Cuartel_Cabernet_2,2026-06-09T19:00:00,8.56,84.98,903.1,6.17
Cuartel_Cabernet_2,2026-06-09T20:00:00,8.02,88.14,903.0,6.16
Cuartel_Cabernet_2,2026-06-09T21:00:00,7.9,89.11,902.7,6.2
Cuartel_Cabernet_2,2026-06-09T22:00:00,7.93,89.57,902.4,6.3
Cuartel_Cabernet_2,2026-06-09T23:00:00,7.82,90.76,902.1,6.38
Cuartel_Cabernet_2,2026-06-10T00:00:00,7.79,91.06,901.9,6.4
Cuartel_Cabernet_2,2026-06-10T01:00:00,7.91,89.61,901.6,6.29
Cuartel_Cabernet_2,2026-06-10T02:00:00,8.3,84.88,901.3,5.9
Cuartel_Cabernet_2,2026-06-10T03:00:00,8.49,81.04,901.0,5.43
Cuartel_Cabernet_2,2026-06-10T04:00:00,8.0,82.96,900.8,5.28
Cuartel_Cabernet_2,2026-06-10T05:00:00,7.45,85.34,901.2,5.14
Cuartel_Cabernet_2,2026-06-10T06:00:00,7.2,84.34,902.0,4.73
Cuartel_Cabernet_2,2026-06-10T07:00:00,7.54,78.72,902.7,4.1
Cuartel_Cabernet_2,2026-06-10T08:00:00,9.31,66.17,903.3,3.38
Cuartel_Cabernet_2,2026-06-10T09:00:00,10.79,58.85,904.0,3.11
Cuartel_Cabernet_2,2026-06-10T10:00:00,11.64,53.42,904.2,2.51
Cuartel_Cabernet_2,2026-06-10T11:00:00,12.53,50.66,903.9,2.56
Cuartel_Cabernet_2,2026-06-10T12:00:00,13.58,47.83,903.4,2.7
Cuartel_Cabernet_2,2026-06-10T13:00:00,14.09,47.34,903.3,3.02
Cuartel_Cabernet_2,2026-06-10T14:00:00,13.76,50.02,903.4,3.52
Cuartel_Cabernet_2,2026-06-10T15:00:00,12.96,54.27,903.8,3.97
Cuartel_Cabernet_2,2026-06-10T16:00:00,11.73,60.77,904.4,4.46
Cuartel_Cabernet_2,2026-06-10T17:00:00,10.48,66.3,905.0,4.52
Cuartel_Cabernet_2,2026-06-10T18:00:00,9.67,69.79,905.4,4.47
Cuartel_Cabernet_2,2026-06-10T19:00:00,8.93,73.01,905.9,4.4
Cuartel_Cabernet_2,2026-06-10T20:00:00,8.09,76.93,906.2,4.31
Cuartel_Cabernet_2,2026-06-10T21:00:00,7.5,79.29,906.7,4.16
Cuartel_Cabernet_2,2026-06-10T22:00:00,7.18,79.08,907.1,3.81
Cuartel_Cabernet_2,2026-06-10T23:00:00,7.03,76.89,907.4,3.28
Cuartel_Cabernet_2,2026-06-11T00:00:00,6.93,73.37,907.6,2.53
Cuartel_Cabernet_2,2026-06-11T01:00:00,6.95,68.91,907.6,1.68
Cuartel_Cabernet_2,2026-06-11T02:00:00,7.31,63.39,907.4,0.86
Cuartel_Cabernet_2,2026-06-11T03:00:00,7.55,59.27,907.0,0.15
Cuartel_Cabernet_2,2026-06-11T04:00:00,7.53,57.51,906.8,-0.29
Cuartel_Cabernet_2,2026-06-11T05:00:00,6.66,60.89,906.6,-0.31
Cuartel_Cabernet_2,2026-06-11T06:00:00,6.25,62.19,906.8,-0.41
Cuartel_Cabernet_2,2026-06-11T07:00:00,6.45,62.11,907.0,-0.24
Cuartel_Cabernet_2,2026-06-11T08:00:00,8.36,61.89,907.1,1.52
Cuartel_Cabernet_2,2026-06-11T09:00:00,11.34,53.89,906.7,2.35
Cuartel_Cabernet_2,2026-06-11T10:00:00,13.6,50.3,905.6,3.45
Cuartel_Cabernet_2,2026-06-11T11:00:00,15.16,45.82,904.3,3.52
Cuartel_Cabernet_2,2026-06-11T12:00:00,16.16,42.7,903.3,3.4
Cuartel_Cabernet_2,2026-06-11T13:00:00,16.64,41.68,902.6,3.49
Cuartel_Cabernet_2,2026-06-11T14:00:00,16.53,42.33,902.1,3.61
Cuartel_Cabernet_2,2026-06-11T15:00:00,15.64,46.25,901.8,4.1
Cuartel_Cabernet_2,2026-06-11T16:00:00,13.9,53.56,901.8,4.65
Cuartel_Cabernet_2,2026-06-11T17:00:00,12.37,56.71,902.2,4.06
Cuartel_Cabernet_2,2026-06-11T18:00:00,11.0,61.01,902.4,3.82
Cuartel_Cabernet_2,2026-06-11T19:00:00,9.82,65.31,902.6,3.68
Cuartel_Cabernet_2,2026-06-11T20:00:00,8.99,68.41,902.3,3.54
Cuartel_Cabernet_2,2026-06-11T21:00:00,8.7,68.73,902.1,3.33
Cuartel_Cabernet_2,2026-06-11T22:00:00,8.94,65.83,901.7,2.95
Cuartel_Cabernet_2,2026-06-11T23:00:00,8.96,64.19,901.1,2.61
Cuartel_Cabernet_2,2026-06-12T00:00:00,8.63,65.07,900.4,2.49
Cuartel_Cabernet_2,2026-06-12T01:00:00,8.16,67.95,900.1,2.65
Cuartel_Cabernet_2,2026-06-12T02:00:00,7.67,72.01,899.7,2.99
Cuartel_Cabernet_2,2026-06-12T03:00:00,7.26,75.86,899.3,3.31
Cuartel_Cabernet_2,2026-06-12T04:00:00,7.06,78.17,899.0,3.54
Cuartel_Cabernet_2,2026-06-12T05:00:00,6.87,80.07,899.2,3.68
Cuartel_Cabernet_2,2026-06-12T06:00:00,6.65,81.9,899.4,3.78
Cuartel_Cabernet_2,2026-06-12T07:00:00,6.94,81.18,899.7,3.94
Cuartel_Cabernet_2,2026-06-12T08:00:00,8.56,75.17,900.2,4.45
Cuartel_Cabernet_2,2026-06-12T09:00:00,10.83,70.22,900.7,5.68
Cuartel_Cabernet_2,2026-06-12T10:00:00,12.91,59.86,900.7,5.35
Cuartel_Cabernet_2,2026-06-12T11:00:00,14.68,54.0,900.0,5.5
Cuartel_Cabernet_2,2026-06-12T12:00:00,16.2,49.41,899.2,5.59
Cuartel_Cabernet_2,2026-06-12T13:00:00,17.37,46.35,898.8,5.72
Cuartel_Cabernet_2,2026-06-12T14:00:00,17.82,46.52,898.7,6.18
Cuartel_Cabernet_2,2026-06-12T15:00:00,17.21,52.38,899.0,7.4
Cuartel_Cabernet_2,2026-06-12T16:00:00,14.91,60.1,899.3,7.3
Cuartel_Cabernet_2,2026-06-12T17:00:00,12.49,65.81,899.6,6.34
Cuartel_Cabernet_2,2026-06-12T18:00:00,11.16,69.72,899.9,5.89
Cuartel_Cabernet_2,2026-06-12T19:00:00,10.33,71.87,900.1,5.53
Cuartel_Cabernet_2,2026-06-12T20:00:00,10.14,71.07,900.4,5.19
Cuartel_Cabernet_2,2026-06-12T21:00:00,10.43,67.34,900.7,4.7
Cuartel_Cabernet_2,2026-06-12T22:00:00,9.3,71.1,901.3,4.38
Cuartel_Cabernet_2,2026-06-12T23:00:00,8.33,77.58,902.2,4.67
Cuartel_Cabernet_2,2026-06-13T00:00:00,8.05,81.83,903.2,5.14
Cuartel_Cabernet_2,2026-06-13T01:00:00,7.84,83.06,903.8,5.14
Cuartel_Cabernet_2,2026-06-13T02:00:00,7.41,84.71,903.9,5.0
Cuartel_Cabernet_2,2026-06-13T03:00:00,6.96,86.06,903.9,4.78
Cuartel_Cabernet_2,2026-06-13T04:00:00,6.48,87.47,904.0,4.53
Cuartel_Cabernet_2,2026-06-13T05:00:00,6.02,89.27,904.6,4.37
Cuartel_Cabernet_2,2026-06-13T06:00:00,5.51,91.02,905.9,4.13
Cuartel_Cabernet_2,2026-06-13T07:00:00,5.73,87.4,907.1,3.78
Cuartel_Cabernet_2,2026-06-13T08:00:00,6.94,82.97,908.3,4.25
Cuartel_Cabernet_2,2026-06-13T09:00:00,8.4,73.86,909.2,4.05
Cuartel_Cabernet_2,2026-06-13T10:00:00,9.67,68.74,909.1,4.26
Cuartel_Cabernet_2,2026-06-13T11:00:00,10.74,64.74,908.5,4.43
Cuartel_Cabernet_2,2026-06-13T12:00:00,11.15,63.94,907.9,4.64
Cuartel_Cabernet_2,2026-06-13T13:00:00,10.96,64.98,908.0,4.69
Cuartel_Cabernet_2,2026-06-13T14:00:00,10.41,66.65,908.7,4.53
Cuartel_Cabernet_2,2026-06-13T15:00:00,9.5,69.44,909.5,4.24
Cuartel_Cabernet_2,2026-06-13T16:00:00,8.21,74.0,910.6,3.89
Cuartel_Cabernet_2,2026-06-13T17:00:00,6.98,78.84,911.8,3.58
Cuartel_Cabernet_2,2026-06-13T18:00:00,6.1,81.52,912.5,3.18
Cuartel_Cabernet_2,2026-06-13T19:00:00,5.4,83.31,912.7,2.79
Cuartel_Cabernet_2,2026-06-13T20:00:00,4.76,84.91,912.8,2.43
Cuartel_Cabernet_2,2026-06-13T21:00:00,4.24,85.94,912.7,2.08
Cuartel_Cabernet_2,2026-06-13T22:00:00,3.86,86.45,912.7,1.79
Cuartel_Cabernet_2,2026-06-13T23:00:00,3.66,86.21,912.7,1.55
Cuartel_Cabernet_2,2026-06-14T00:00:00,3.51,85.62,912.4,1.31
Cuartel_Cabernet_2,2026-06-14T01:00:00,3.31,85.49,912.2,1.1
Cuartel_Cabernet_2,2026-06-14T02:00:00,2.99,86.44,911.6,0.93
Cuartel_Cabernet_2,2026-06-14T03:00:00,2.7,87.21,911.2,0.77
Cuartel_Cabernet_2,2026-06-14T04:00:00,2.51,87.58,911.0,0.64
Cuartel_Cabernet_2,2026-06-14T05:00:00,2.39,87.55,911.1,0.51
Cuartel_Cabernet_2,2026-06-14T06:00:00,2.2,88.17,911.5,0.42
Cuartel_Cabernet_2,2026-06-14T07:00:00,2.49,86.57,911.6,0.46
Cuartel_Cabernet_2,2026-06-14T08:00:00,4.08,81.97,911.3,1.28
Cuartel_Cabernet_2,2026-06-14T09:00:00,6.45,71.6,911.2,1.73
Cuartel_Cabernet_2,2026-06-14T10:00:00,8.49,63.04,910.7,1.91
Cuartel_Cabernet_2,2026-06-14T11:00:00,10.59,56.28,909.9,2.27
Cuartel_Cabernet_2,2026-06-14T12:00:00,12.26,52.26,908.9,2.77
Cuartel_Cabernet_2,2026-06-14T13:00:00,13.1,52.11,908.2,3.5
Cuartel_Cabernet_2,2026-06-14T14:00:00,13.32,53.63,908.0,4.13
Cuartel_Cabernet_2,2026-06-14T15:00:00,12.86,57.52,908.0,4.72
Cuartel_Cabernet_2,2026-06-14T16:00:00,11.26,68.05,908.1,5.64
Cuartel_Cabernet_2,2026-06-14T17:00:00,9.51,75.42,908.5,5.42
Cuartel_Cabernet_2,2026-06-14T18:00:00,8.43,80.65,909.0,5.31
Cuartel_Cabernet_2,2026-06-14T19:00:00,7.64,84.98,909.2,5.27
Cuartel_Cabernet_2,2026-06-14T20:00:00,6.96,88.75,909.3,5.21
Cuartel_Cabernet_2,2026-06-14T21:00:00,6.43,91.59,909.2,5.14
Cuartel_Cabernet_2,2026-06-14T22:00:00,6.04,93.47,909.1,5.04
Cuartel_Cabernet_2,2026-06-14T23:00:00,5.83,94.21,909.2,4.95
Cuartel_Cabernet_2,2026-06-15T00:00:00,5.82,93.49,909.2,4.82
Cuartel_Cabernet_2,2026-06-15T01:00:00,5.81,92.58,908.9,4.67
Cuartel_Cabernet_2,2026-06-15T02:00:00,5.65,92.62,908.5,4.52
Cuartel_Cabernet_2,2026-06-15T03:00:00,5.39,93.0,908.3,4.32
Cuartel_Cabernet_2,2026-06-15T04:00:00,5.34,90.41,908.5,3.87
Cuartel_Cabernet_2,2026-06-15T05:00:00,5.58,84.98,909.1,3.24
Cuartel_Cabernet_2,2026-06-15T06:00:00,5.73,81.16,909.7,2.76
Cuartel_Cabernet_2,2026-06-15T07:00:00,6.07,77.74,909.9,2.5
Cuartel_Cabernet_2,2026-06-15T08:00:00,7.24,73.87,910.0,2.93
Cuartel_Cabernet_2,2026-06-15T09:00:00,9.45,71.19,910.0,4.54
Cuartel_Cabernet_2,2026-06-15T10:00:00,11.7,59.35,909.7,4.09
Cuartel_Cabernet_2,2026-06-15T11:00:00,13.59,53.52,909.3,4.35
Cuartel_Cabernet_2,2026-06-15T12:00:00,14.25,52.76,908.7,4.76
Cuartel_Cabernet_2,2026-06-15T13:00:00,14.55,52.42,908.4,4.94
Cuartel_Cabernet_2,2026-06-15T14:00:00,14.42,53.83,908.3,5.21
Cuartel_Cabernet_2,2026-06-15T15:00:00,13.54,58.68,908.3,5.66
Cuartel_Cabernet_2,2026-06-15T16:00:00,11.95,66.49,908.4,5.97
Cuartel_Cabernet_2,2026-06-15T17:00:00,10.33,72.46,908.9,5.64
Cuartel_Cabernet_2,2026-06-15T18:00:00,9.38,76.16,909.4,5.43
Cuartel_Cabernet_2,2026-06-15T19:00:00,9.02,76.28,909.6,5.1
Cuartel_Cabernet_2,2026-06-15T20:00:00,8.9,74.6,909.4,4.67
Cuartel_Cabernet_2,2026-06-15T21:00:00,8.42,75.31,908.9,4.34
Cuartel_Cabernet_2,2026-06-15T22:00:00,7.97,76.66,908.4,4.15
Cuartel_Cabernet_2,2026-06-15T23:00:00,7.91,75.87,908.2,3.95
Cuartel_Cabernet_2,2026-06-16T00:00:00,7.84,75.26,908.1,3.77
Cuartel_Cabernet_2,2026-06-16T01:00:00,7.66,75.35,907.9,3.61
Cuartel_Cabernet_2,2026-06-16T02:00:00,7.71,74.23,907.5,3.45
Cuartel_Cabernet_2,2026-06-16T03:00:00,7.84,72.59,907.1,3.26
Cuartel_Cabernet_2,2026-06-16T04:00:00,7.62,72.98,907.0,3.13
Cuartel_Cabernet_2,2026-06-16T05:00:00,7.04,76.27,907.4,3.17
Cuartel_Cabernet_2,2026-06-16T06:00:00,6.9,76.32,908.0,3.05
Cuartel_Cabernet_2,2026-06-16T07:00:00,7.01,74.17,908.2,2.76
Cuartel_Cabernet_2,2026-06-16T08:00:00,8.77,66.71,908.5,2.97
Cuartel_Cabernet_2,2026-06-16T09:00:00,11.47,60.29,908.6,4.1
Cuartel_Cabernet_2,2026-06-16T10:00:00,13.89,49.6,908.4,3.51
Cuartel_Cabernet_2,2026-06-16T11:00:00,15.89,44.29,907.8,3.69
Cuartel_Cabernet_2,2026-06-16T12:00:00,16.24,45.55,907.0,4.42
Cuartel_Cabernet_2,2026-06-16T13:00:00,15.67,49.07,906.2,5.0
Cuartel_Cabernet_2,2026-06-16T14:00:00,15.78,49.62,906.4,5.27
Cuartel_Cabernet_2,2026-06-16T15:00:00,15.4,51.95,906.9,5.6
Cuartel_Cabernet_2,2026-06-16T16:00:00,13.33,60.95,907.5,6.02
Cuartel_Cabernet_2,2026-06-16T17:00:00,11.55,66.33,908.2,5.55
Cuartel_Cabernet_2,2026-06-16T18:00:00,10.91,68.9,908.5,5.48
Cuartel_Cabernet_2,2026-06-16T19:00:00,10.82,69.1,908.6,5.44
Cuartel_Cabernet_2,2026-06-16T20:00:00,10.77,68.89,908.7,5.35
Cuartel_Cabernet_2,2026-06-16T21:00:00,10.5,69.91,908.8,5.3
Cuartel_Cabernet_2,2026-06-16T22:00:00,10.33,70.6,908.8,5.27
Cuartel_Cabernet_2,2026-06-16T23:00:00,10.29,70.32,908.7,5.18
Cuartel_Cabernet_2,2026-06-17T00:00:00,10.39,69.17,908.8,5.04
Cuartel_Cabernet_2,2026-06-17T01:00:00,9.68,71.73,909.3,4.87
Cuartel_Cabernet_2,2026-06-17T02:00:00,8.12,80.22,909.0,4.93
Cuartel_Cabernet_2,2026-06-17T03:00:00,7.99,80.4,909.0,4.83
Cuartel_Cabernet_2,2026-06-17T04:00:00,8.0,79.9,908.7,4.76
Cuartel_Cabernet_2,2026-06-17T05:00:00,8.76,74.47,908.7,4.51
Cuartel_Cabernet_2,2026-06-17T06:00:00,8.8,72.85,908.5,4.24
Cuartel_Cabernet_2,2026-06-17T07:00:00,8.62,73.07,908.2,4.11
Cuartel_Cabernet_2,2026-06-17T08:00:00,9.54,71.94,908.0,4.78
Cuartel_Cabernet_2,2026-06-17T09:00:00,11.2,64.59,907.8,4.83
Cuartel_Cabernet_2,2026-06-17T10:00:00,12.72,61.82,907.0,5.65
Cuartel_Cabernet_2,2026-06-17T11:00:00,14.44,56.86,905.7,6.04
Cuartel_Cabernet_2,2026-06-17T12:00:00,15.77,52.51,904.1,6.1
Cuartel_Cabernet_2,2026-06-17T13:00:00,16.24,50.89,902.9,6.07
Cuartel_Cabernet_2,2026-06-17T14:00:00,16.05,51.33,902.6,6.02
Cuartel_Cabernet_2,2026-06-17T15:00:00,15.14,54.28,901.8,6.01
Cuartel_Cabernet_2,2026-06-17T16:00:00,13.93,59.8,902.0,6.3
Cuartel_Cabernet_2,2026-06-17T17:00:00,12.93,64.96,901.7,6.57
Cuartel_Cabernet_2,2026-06-17T18:00:00,12.16,69.73,901.4,6.86
Cuartel_Cabernet_2,2026-06-17T19:00:00,11.4,75.12,901.3,7.19
Cuartel_Cabernet_2,2026-06-17T20:00:00,10.88,78.83,900.9,7.37
Cuartel_Cabernet_2,2026-06-17T21:00:00,10.2,82.34,900.6,7.33
Cuartel_Cabernet_2,2026-06-17T22:00:00,9.8,84.82,900.6,7.36
Cuartel_Cabernet_2,2026-06-17T23:00:00,9.55,86.66,899.8,7.42
Cuartel_Cabernet_2,2026-06-18T00:00:00,9.27,87.46,899.9,7.28
Cuartel_Cabernet_2,2026-06-18T01:00:00,8.99,87.87,899.8,7.07
Cuartel_Cabernet_2,2026-06-18T02:00:00,8.44,90.29,899.8,6.92
Cuartel_Cabernet_2,2026-06-18T03:00:00,7.89,92.41,900.0,6.71
Cuartel_Cabernet_2,2026-06-18T04:00:00,7.64,92.15,900.7,6.42
Cuartel_Cabernet_2,2026-06-18T05:00:00,7.73,89.1,901.7,6.03
Cuartel_Cabernet_2,2026-06-18T06:00:00,8.09,82.19,902.3,5.24
Cuartel_Cabernet_2,2026-06-18T07:00:00,9.13,69.54,902.6,3.9
Cuartel_Cabernet_2,2026-06-18T08:00:00,10.87,59.95,903.6,3.45
Cuartel_Cabernet_2,2026-06-18T09:00:00,12.92,52.35,905.0,3.4
Cuartel_Cabernet_2,2026-06-18T10:00:00,14.54,50.57,905.8,4.4
Cuartel_Cabernet_2,2026-06-18T11:00:00,15.64,49.47,905.9,5.09
Cuartel_Cabernet_2,2026-06-18T12:00:00,15.93,49.19,905.7,5.28
Cuartel_Cabernet_2,2026-06-18T13:00:00,16.08,48.7,905.3,5.27
Cuartel_Cabernet_2,2026-06-18T14:00:00,16.33,47.14,905.1,5.01
Cuartel_Cabernet_2,2026-06-18T15:00:00,16.02,47.52,905.0,4.85
Cuartel_Cabernet_2,2026-06-18T16:00:00,14.21,53.94,905.2,5.04
Cuartel_Cabernet_2,2026-06-18T17:00:00,12.23,58.29,906.0,4.33
Cuartel_Cabernet_2,2026-06-18T18:00:00,10.72,64.16,907.1,4.28
Cuartel_Cabernet_2,2026-06-18T19:00:00,9.56,69.29,908.0,4.27
Cuartel_Cabernet_2,2026-06-18T20:00:00,9.03,71.25,908.8,4.15
Cuartel_Cabernet_2,2026-06-18T21:00:00,8.54,72.92,909.5,4.0
Cuartel_Cabernet_2,2026-06-18T22:00:00,7.79,76.1,910.1,3.87
Cuartel_Cabernet_2,2026-06-18T23:00:00,7.04,79.27,910.5,3.71
Cuartel_Chardonnay_3,2026-04-20T00:00:00,9.47,79.28,912.5,6.03
Cuartel_Chardonnay_3,2026-04-20T01:00:00,9.04,80.68,912.0,5.85
Cuartel_Chardonnay_3,2026-04-20T02:00:00,8.64,81.55,911.5,5.61
Cuartel_Chardonnay_3,2026-04-20T03:00:00,8.56,80.54,911.4,5.34
Cuartel_Chardonnay_3,2026-04-20T04:00:00,8.43,79.06,911.9,4.95
Cuartel_Chardonnay_3,2026-04-20T05:00:00,8.26,77.78,912.7,4.55
Cuartel_Chardonnay_3,2026-04-20T06:00:00,8.28,75.77,913.8,4.22
Cuartel_Chardonnay_3,2026-04-20T07:00:00,9.38,69.79,914.8,4.11
Cuartel_Chardonnay_3,2026-04-20T08:00:00,10.77,64.86,915.2,4.35
Cuartel_Chardonnay_3,2026-04-20T09:00:00,12.08,60.69,914.8,4.62
Cuartel_Chardonnay_3,2026-04-20T10:00:00,13.53,56.39,914.5,4.95
Cuartel_Chardonnay_3,2026-04-20T11:00:00,14.67,53.56,913.8,5.27
Cuartel_Chardonnay_3,2026-04-20T12:00:00,15.44,51.59,913.1,5.47
Cuartel_Chardonnay_3,2026-04-20T13:00:00,15.59,51.22,912.5,5.5
Cuartel_Chardonnay_3,2026-04-20T14:00:00,15.09,52.72,912.4,5.47
Cuartel_Chardonnay_3,2026-04-20T15:00:00,13.94,56.72,912.8,5.44
Cuartel_Chardonnay_3,2026-04-20T16:00:00,12.19,63.64,913.4,5.48
Cuartel_Chardonnay_3,2026-04-20T17:00:00,10.28,73.12,914.2,5.65
Cuartel_Chardonnay_3,2026-04-20T18:00:00,9.26,78.39,915.1,5.66
Cuartel_Chardonnay_3,2026-04-20T19:00:00,8.63,80.81,915.8,5.5
Cuartel_Chardonnay_3,2026-04-20T20:00:00,8.06,83.23,916.3,5.38
Cuartel_Chardonnay_3,2026-04-20T21:00:00,7.41,86.47,916.7,5.29
Cuartel_Chardonnay_3,2026-04-20T22:00:00,6.72,90.08,916.8,5.18
Cuartel_Chardonnay_3,2026-04-20T23:00:00,6.23,92.25,916.7,5.04
Cuartel_Chardonnay_3,2026-04-21T00:00:00,5.93,93.54,916.6,4.92
Cuartel_Chardonnay_3,2026-04-21T01:00:00,5.96,93.15,916.2,4.89
Cuartel_Chardonnay_3,2026-04-21T02:00:00,6.08,92.66,915.9,4.9
Cuartel_Chardonnay_3,2026-04-21T03:00:00,6.18,92.17,915.9,4.92
Cuartel_Chardonnay_3,2026-04-21T04:00:00,6.33,91.7,916.1,4.98
Cuartel_Chardonnay_3,2026-04-21T05:00:00,6.62,90.97,916.5,5.11
Cuartel_Chardonnay_3,2026-04-21T06:00:00,6.98,89.96,916.9,5.32
Cuartel_Chardonnay_3,2026-04-21T07:00:00,8.16,84.38,917.3,5.59
Cuartel_Chardonnay_3,2026-04-21T08:00:00,9.9,75.03,917.4,5.58
Cuartel_Chardonnay_3,2026-04-21T09:00:00,12.63,61.87,917.0,5.38
Cuartel_Chardonnay_3,2026-04-21T10:00:00,15.24,51.07,916.0,5.12
Cuartel_Chardonnay_3,2026-04-21T11:00:00,17.12,44.65,915.0,4.95
Cuartel_Chardonnay_3,2026-04-21T12:00:00,18.39,40.48,914.0,4.7
Cuartel_Chardonnay_3,2026-04-21T13:00:00,19.14,37.87,913.1,4.43
Cuartel_Chardonnay_3,2026-04-21T14:00:00,19.28,36.99,912.6,4.23
Cuartel_Chardonnay_3,2026-04-21T15:00:00,18.67,38.29,912.5,4.19
Cuartel_Chardonnay_3,2026-04-21T16:00:00,16.83,43.77,912.7,4.45
Cuartel_Chardonnay_3,2026-04-21T17:00:00,13.6,55.03,913.3,4.75
Cuartel_Chardonnay_3,2026-04-21T18:00:00,12.57,58.6,913.9,4.67
Cuartel_Chardonnay_3,2026-04-21T19:00:00,12.07,59.85,914.2,4.5
Cuartel_Chardonnay_3,2026-04-21T20:00:00,11.65,61.11,914.2,4.4
Cuartel_Chardonnay_3,2026-04-21T21:00:00,11.04,63.62,914.0,4.39
Cuartel_Chardonnay_3,2026-04-21T22:00:00,10.42,66.4,913.6,4.37
Cuartel_Chardonnay_3,2026-04-21T23:00:00,9.78,69.39,913.2,4.36
Cuartel_Chardonnay_3,2026-04-22T00:00:00,9.12,72.52,912.9,4.34
Cuartel_Chardonnay_3,2026-04-22T01:00:00,8.58,74.92,912.5,4.24
Cuartel_Chardonnay_3,2026-04-22T02:00:00,8.06,76.91,912.2,4.05
Cuartel_Chardonnay_3,2026-04-22T03:00:00,7.65,78.13,912.3,3.84
Cuartel_Chardonnay_3,2026-04-22T04:00:00,7.22,79.64,912.8,3.6
Cuartel_Chardonnay_3,2026-04-22T05:00:00,6.93,79.7,913.5,3.23
Cuartel_Chardonnay_3,2026-04-22T06:00:00,7.96,73.24,914.2,2.94
Cuartel_Chardonnay_3,2026-04-22T07:00:00,11.82,57.95,914.9,3.48
Cuartel_Chardonnay_3,2026-04-22T08:00:00,15.4,45.5,915.2,2.94
Cuartel_Chardonnay_3,2026-04-22T09:00:00,18.41,38.0,915.3,3.27
Cuartel_Chardonnay_3,2026-04-22T10:00:00,20.53,33.85,915.3,3.76
Cuartel_Chardonnay_3,2026-04-22T11:00:00,21.85,31.94,915.0,4.23
Cuartel_Chardonnay_3,2026-04-22T12:00:00,22.5,30.95,914.7,4.44
Cuartel_Chardonnay_3,2026-04-22T13:00:00,22.6,30.44,914.6,4.35
Cuartel_Chardonnay_3,2026-04-22T14:00:00,22.17,30.76,914.7,4.13
Cuartel_Chardonnay_3,2026-04-22T15:00:00,21.18,32.28,914.9,3.98
Cuartel_Chardonnay_3,2026-04-22T16:00:00,18.67,40.44,915.3,4.93
Cuartel_Chardonnay_3,2026-04-22T17:00:00,14.94,53.52,915.9,5.58
Cuartel_Chardonnay_3,2026-04-22T18:00:00,13.96,57.89,916.5,5.8
Cuartel_Chardonnay_3,2026-04-22T19:00:00,13.24,61.18,917.0,5.91
Cuartel_Chardonnay_3,2026-04-22T20:00:00,12.63,63.28,917.2,5.82
Cuartel_Chardonnay_3,2026-04-22T21:00:00,12.12,64.61,917.1,5.59
Cuartel_Chardonnay_3,2026-04-22T22:00:00,11.68,65.44,916.9,5.31
Cuartel_Chardonnay_3,2026-04-22T23:00:00,11.24,66.25,916.5,4.99
Cuartel_Chardonnay_3,2026-04-23T00:00:00,10.82,66.74,916.1,4.61
Cuartel_Chardonnay_3,2026-04-23T01:00:00,10.42,67.11,915.5,4.17
Cuartel_Chardonnay_3,2026-04-23T02:00:00,9.91,68.2,915.0,3.74
Cuartel_Chardonnay_3,2026-04-23T03:00:00,9.48,69.56,914.6,3.49
Cuartel_Chardonnay_3,2026-04-23T04:00:00,9.23,70.74,914.6,3.47
Cuartel_Chardonnay_3,2026-04-23T05:00:00,9.16,70.83,914.7,3.36
Cuartel_Chardonnay_3,2026-04-23T06:00:00,9.95,67.43,915.0,3.36
Cuartel_Chardonnay_3,2026-04-23T07:00:00,12.83,58.39,915.3,4.26
Cuartel_Chardonnay_3,2026-04-23T08:00:00,16.39,49.45,915.3,5.0
Cuartel_Chardonnay_3,2026-04-23T09:00:00,19.78,41.77,914.8,5.76
Cuartel_Chardonnay_3,2026-04-23T10:00:00,21.69,37.16,914.0,5.96
Cuartel_Chardonnay_3,2026-04-23T11:00:00,23.05,34.43,913.1,6.23
Cuartel_Chardonnay_3,2026-04-23T12:00:00,23.91,32.95,912.2,6.46
Cuartel_Chardonnay_3,2026-04-23T13:00:00,24.26,32.43,911.4,6.59
Cuartel_Chardonnay_3,2026-04-23T14:00:00,24.03,33.31,911.2,6.78
Cuartel_Chardonnay_3,2026-04-23T15:00:00,23.07,36.07,911.3,7.13
Cuartel_Chardonnay_3,2026-04-23T16:00:00,20.56,44.83,911.8,8.1
Cuartel_Chardonnay_3,2026-04-23T17:00:00,16.86,59.2,912.5,8.83
Cuartel_Chardonnay_3,2026-04-23T18:00:00,16.05,63.5,913.2,9.11
Cuartel_Chardonnay_3,2026-04-23T19:00:00,15.1,67.52,913.6,9.07
Cuartel_Chardonnay_3,2026-04-23T20:00:00,14.23,70.17,913.7,8.68
Cuartel_Chardonnay_3,2026-04-23T21:00:00,13.66,71.24,913.7,8.1
Cuartel_Chardonnay_3,2026-04-23T22:00:00,13.11,72.28,913.5,7.5
Cuartel_Chardonnay_3,2026-04-23T23:00:00,12.52,73.1,913.2,6.78
Cuartel_Chardonnay_3,2026-04-24T00:00:00,12.15,72.61,912.8,5.98
Cuartel_Chardonnay_3,2026-04-24T01:00:00,11.84,72.39,912.4,5.42
Cuartel_Chardonnay_3,2026-04-24T02:00:00,11.26,74.21,911.9,5.05
Cuartel_Chardonnay_3,2026-04-24T03:00:00,10.62,76.52,911.8,4.71
Cuartel_Chardonnay_3,2026-04-24T04:00:00,10.43,77.06,912.0,4.46
Cuartel_Chardonnay_3,2026-04-24T05:00:00,10.47,76.54,912.5,4.33
Cuartel_Chardonnay_3,2026-04-24T06:00:00,10.89,74.36,913.0,4.48
Cuartel_Chardonnay_3,2026-04-24T07:00:00,13.95,64.22,913.4,6.15
Cuartel_Chardonnay_3,2026-04-24T08:00:00,17.75,51.29,913.4,5.64
Cuartel_Chardonnay_3,2026-04-24T09:00:00,21.12,42.61,912.9,6.55
Cuartel_Chardonnay_3,2026-04-24T10:00:00,23.01,37.53,912.2,7.01
Cuartel_Chardonnay_3,2026-04-24T11:00:00,24.28,34.31,911.5,7.18
Cuartel_Chardonnay_3,2026-04-24T12:00:00,25.14,31.92,910.6,7.09
Cuartel_Chardonnay_3,2026-04-24T13:00:00,25.39,30.99,910.0,6.96
Cuartel_Chardonnay_3,2026-04-24T14:00:00,24.92,31.68,910.0,6.92
Cuartel_Chardonnay_3,2026-04-24T15:00:00,23.71,34.43,910.5,7.09
Cuartel_Chardonnay_3,2026-04-24T16:00:00,21.35,41.77,911.4,7.83
Cuartel_Chardonnay_3,2026-04-24T17:00:00,18.2,52.31,912.5,8.28
Cuartel_Chardonnay_3,2026-04-24T18:00:00,16.75,55.71,913.5,7.85
Cuartel_Chardonnay_3,2026-04-24T19:00:00,15.7,55.38,914.3,6.73
Cuartel_Chardonnay_3,2026-04-24T20:00:00,14.94,52.87,915.0,5.3
Cuartel_Chardonnay_3,2026-04-24T21:00:00,14.01,53.15,915.3,4.58
Cuartel_Chardonnay_3,2026-04-24T22:00:00,13.0,55.21,915.4,4.22
Cuartel_Chardonnay_3,2026-04-24T23:00:00,12.25,56.56,915.3,3.89
Cuartel_Chardonnay_3,2026-04-25T00:00:00,11.47,57.48,915.0,3.39
Cuartel_Chardonnay_3,2026-04-25T01:00:00,10.6,58.6,914.8,2.81
Cuartel_Chardonnay_3,2026-04-25T02:00:00,9.56,61.34,914.6,2.43
Cuartel_Chardonnay_3,2026-04-25T03:00:00,8.78,63.11,914.7,2.01
Cuartel_Chardonnay_3,2026-04-25T04:00:00,8.22,64.65,915.2,1.71
Cuartel_Chardonnay_3,2026-04-25T05:00:00,7.73,66.74,915.7,1.59
Cuartel_Chardonnay_3,2026-04-25T06:00:00,8.1,65.65,916.0,1.65
Cuartel_Chardonnay_3,2026-04-25T07:00:00,10.75,57.43,916.3,2.43
Cuartel_Chardonnay_3,2026-04-25T08:00:00,14.06,45.37,916.0,2.18
Cuartel_Chardonnay_3,2026-04-25T09:00:00,16.84,36.7,915.3,1.7
Cuartel_Chardonnay_3,2026-04-25T10:00:00,18.71,32.26,914.6,1.56
Cuartel_Chardonnay_3,2026-04-25T11:00:00,20.08,29.4,913.5,1.45
Cuartel_Chardonnay_3,2026-04-25T12:00:00,21.11,27.03,912.1,1.19
Cuartel_Chardonnay_3,2026-04-25T13:00:00,21.55,25.77,911.0,0.95
Cuartel_Chardonnay_3,2026-04-25T14:00:00,21.29,25.82,910.6,0.85
Cuartel_Chardonnay_3,2026-04-25T15:00:00,20.35,27.18,910.7,0.77
Cuartel_Chardonnay_3,2026-04-25T16:00:00,17.77,33.94,910.9,1.62
Cuartel_Chardonnay_3,2026-04-25T17:00:00,14.31,43.87,911.3,2.11
Cuartel_Chardonnay_3,2026-04-25T18:00:00,13.22,46.74,911.8,1.97
Cuartel_Chardonnay_3,2026-04-25T19:00:00,11.99,49.85,912.0,1.66
Cuartel_Chardonnay_3,2026-04-25T20:00:00,11.02,52.27,912.1,1.28
Cuartel_Chardonnay_3,2026-04-25T21:00:00,10.11,54.6,912.1,0.85
Cuartel_Chardonnay_3,2026-04-25T22:00:00,9.5,55.64,912.0,0.3
Cuartel_Chardonnay_3,2026-04-25T23:00:00,9.36,54.18,911.8,-0.42
Cuartel_Chardonnay_3,2026-04-26T00:00:00,9.54,50.2,911.5,-1.42
Cuartel_Chardonnay_3,2026-04-26T01:00:00,9.78,46.13,911.1,-2.37
Cuartel_Chardonnay_3,2026-04-26T02:00:00,9.42,45.51,910.7,-2.83
Cuartel_Chardonnay_3,2026-04-26T03:00:00,8.59,46.96,910.7,-3.06
Cuartel_Chardonnay_3,2026-04-26T04:00:00,7.94,47.61,911.4,-3.42
Cuartel_Chardonnay_3,2026-04-26T05:00:00,7.97,43.75,912.5,-4.4
Cuartel_Chardonnay_3,2026-04-26T06:00:00,8.66,38.68,913.8,-4.96
Cuartel_Chardonnay_3,2026-04-26T07:00:00,11.33,33.71,915.3,-4.09
Cuartel_Chardonnay_3,2026-04-26T08:00:00,14.3,26.7,916.3,-4.67
Cuartel_Chardonnay_3,2026-04-26T09:00:00,16.18,25.74,916.5,-3.61
Cuartel_Chardonnay_3,2026-04-26T10:00:00,17.38,25.09,916.0,-2.88
Cuartel_Chardonnay_3,2026-04-26T11:00:00,18.17,24.2,915.3,-2.62
Cuartel_Chardonnay_3,2026-04-26T12:00:00,18.66,23.32,914.7,-2.64
Cuartel_Chardonnay_3,2026-04-26T13:00:00,18.68,23.01,914.2,-2.79
Cuartel_Chardonnay_3,2026-04-26T14:00:00,18.05,23.58,914.3,-3.0
Cuartel_Chardonnay_3,2026-04-26T15:00:00,16.49,25.58,914.9,-3.21
Cuartel_Chardonnay_3,2026-04-26T16:00:00,13.98,29.9,915.8,-3.26
Cuartel_Chardonnay_3,2026-04-26T17:00:00,10.87,37.4,916.8,-3.04
Cuartel_Chardonnay_3,2026-04-26T18:00:00,9.23,41.43,918.1,-3.12
Cuartel_Chardonnay_3,2026-04-26T19:00:00,7.95,44.67,918.9,-3.26
Cuartel_Chardonnay_3,2026-04-26T20:00:00,6.93,47.34,919.6,-3.43
Cuartel_Chardonnay_3,2026-04-26T21:00:00,6.06,49.67,920.0,-3.56
Cuartel_Chardonnay_3,2026-04-26T22:00:00,5.45,50.51,920.2,-3.93
Cuartel_Chardonnay_3,2026-04-26T23:00:00,5.03,49.82,920.1,-4.45
Cuartel_Chardonnay_3,2026-04-27T00:00:00,4.6,49.4,919.7,-4.98
Cuartel_Chardonnay_3,2026-04-27T01:00:00,4.21,48.95,919.0,-5.44
Cuartel_Chardonnay_3,2026-04-27T02:00:00,3.83,48.95,918.2,-5.79
Cuartel_Chardonnay_3,2026-04-27T03:00:00,3.35,49.85,917.6,-6.03
Cuartel_Chardonnay_3,2026-04-27T04:00:00,2.82,51.15,917.4,-6.17
Cuartel_Chardonnay_3,2026-04-27T05:00:00,2.45,52.52,917.4,-6.24
Cuartel_Chardonnay_3,2026-04-27T06:00:00,2.95,51.06,917.2,-6.13
Cuartel_Chardonnay_3,2026-04-27T07:00:00,6.72,38.92,916.8,-6.15
Cuartel_Chardonnay_3,2026-04-27T08:00:00,10.85,24.21,915.9,-8.4
Cuartel_Chardonnay_3,2026-04-27T09:00:00,14.03,20.53,914.7,-7.87
Cuartel_Chardonnay_3,2026-04-27T10:00:00,16.37,19.06,913.7,-6.97
Cuartel_Chardonnay_3,2026-04-27T11:00:00,18.06,18.03,912.9,-6.35
Cuartel_Chardonnay_3,2026-04-27T12:00:00,19.29,17.19,911.6,-6.0
Cuartel_Chardonnay_3,2026-04-27T13:00:00,20.06,16.8,910.4,-5.68
Cuartel_Chardonnay_3,2026-04-27T14:00:00,19.97,17.57,909.8,-5.21
Cuartel_Chardonnay_3,2026-04-27T15:00:00,18.49,20.23,910.1,-4.59
Cuartel_Chardonnay_3,2026-04-27T16:00:00,15.87,26.73,910.7,-3.14
Cuartel_Chardonnay_3,2026-04-27T17:00:00,14.18,31.08,911.1,-2.62
Cuartel_Chardonnay_3,2026-04-27T18:00:00,13.47,32.46,911.2,-2.65
Cuartel_Chardonnay_3,2026-04-27T19:00:00,12.72,34.89,911.3,-2.33
Cuartel_Chardonnay_3,2026-04-27T20:00:00,12.17,37.42,911.8,-1.9
Cuartel_Chardonnay_3,2026-04-27T21:00:00,11.44,41.12,912.0,-1.32
Cuartel_Chardonnay_3,2026-04-27T22:00:00,10.75,44.52,912.1,-0.87
Cuartel_Chardonnay_3,2026-04-27T23:00:00,10.47,45.81,911.9,-0.73
Cuartel_Chardonnay_3,2026-04-28T00:00:00,9.27,50.51,911.6,-0.53
Cuartel_Chardonnay_3,2026-04-28T01:00:00,8.55,53.79,911.3,-0.35
Cuartel_Chardonnay_3,2026-04-28T02:00:00,8.2,55.49,911.3,-0.24
Cuartel_Chardonnay_3,2026-04-28T03:00:00,7.2,60.76,912.2,0.06
Cuartel_Chardonnay_3,2026-04-28T04:00:00,6.51,64.07,913.1,0.14
Cuartel_Chardonnay_3,2026-04-28T05:00:00,6.5,63.09,913.5,-0.05
Cuartel_Chardonnay_3,2026-04-28T06:00:00,7.22,60.21,913.9,-0.02
Cuartel_Chardonnay_3,2026-04-28T07:00:00,11.02,46.93,914.0,0.12
Cuartel_Chardonnay_3,2026-04-28T08:00:00,14.21,39.49,913.6,0.56
Cuartel_Chardonnay_3,2026-04-28T09:00:00,17.33,32.9,912.7,0.74
Cuartel_Chardonnay_3,2026-04-28T10:00:00,19.78,26.98,911.5,0.14
Cuartel_Chardonnay_3,2026-04-28T11:00:00,21.49,23.11,910.3,-0.47
Cuartel_Chardonnay_3,2026-04-28T12:00:00,22.7,20.49,908.8,-1.09
Cuartel_Chardonnay_3,2026-04-28T13:00:00,23.39,18.92,907.5,-1.62
Cuartel_Chardonnay_3,2026-04-28T14:00:00,23.67,18.08,906.5,-1.97
Cuartel_Chardonnay_3,2026-04-28T15:00:00,22.74,19.17,905.9,-1.94
Cuartel_Chardonnay_3,2026-04-28T16:00:00,19.61,25.26,905.8,-0.78
Cuartel_Chardonnay_3,2026-04-28T17:00:00,15.65,33.58,906.1,-0.33
Cuartel_Chardonnay_3,2026-04-28T18:00:00,14.59,36.84,906.5,-0.02
Cuartel_Chardonnay_3,2026-04-28T19:00:00,14.15,39.17,906.7,0.36
Cuartel_Chardonnay_3,2026-04-28T20:00:00,13.67,42.36,906.8,0.95
Cuartel_Chardonnay_3,2026-04-28T21:00:00,12.86,46.72,907.0,1.51
Cuartel_Chardonnay_3,2026-04-28T22:00:00,11.95,51.04,906.8,1.88
Cuartel_Chardonnay_3,2026-04-28T23:00:00,11.52,53.35,906.5,2.12
Cuartel_Chardonnay_3,2026-04-29T00:00:00,10.43,58.53,906.9,2.43
Cuartel_Chardonnay_3,2026-04-29T01:00:00,9.43,64.34,907.4,2.85
Cuartel_Chardonnay_3,2026-04-29T02:00:00,9.36,65.18,908.1,2.96
Cuartel_Chardonnay_3,2026-04-29T03:00:00,9.84,62.3,908.4,2.79
Cuartel_Chardonnay_3,2026-04-29T04:00:00,10.52,57.61,908.7,2.36
Cuartel_Chardonnay_3,2026-04-29T05:00:00,10.69,54.75,909.5,1.84
Cuartel_Chardonnay_3,2026-04-29T06:00:00,11.14,53.08,910.4,1.84
Cuartel_Chardonnay_3,2026-04-29T07:00:00,14.91,43.74,911.2,2.65
Cuartel_Chardonnay_3,2026-04-29T08:00:00,17.53,37.47,911.8,2.78
Cuartel_Chardonnay_3,2026-04-29T09:00:00,19.34,34.69,912.0,3.31
Cuartel_Chardonnay_3,2026-04-29T10:00:00,21.17,30.92,911.8,3.31
Cuartel_Chardonnay_3,2026-04-29T11:00:00,23.29,25.68,911.2,2.55
Cuartel_Chardonnay_3,2026-04-29T12:00:00,24.15,23.83,910.4,2.22
Cuartel_Chardonnay_3,2026-04-29T13:00:00,24.43,23.04,909.7,1.99
Cuartel_Chardonnay_3,2026-04-29T14:00:00,24.18,23.18,909.1,1.86
Cuartel_Chardonnay_3,2026-04-29T15:00:00,23.25,24.76,908.9,2.03
Cuartel_Chardonnay_3,2026-04-29T16:00:00,20.31,31.46,909.0,2.86
Cuartel_Chardonnay_3,2026-04-29T17:00:00,16.45,41.11,909.5,3.21
Cuartel_Chardonnay_3,2026-04-29T18:00:00,15.31,43.92,910.1,3.11
Cuartel_Chardonnay_3,2026-04-29T19:00:00,14.4,45.69,910.3,2.83
Cuartel_Chardonnay_3,2026-04-29T20:00:00,13.67,46.98,910.2,2.55
Cuartel_Chardonnay_3,2026-04-29T21:00:00,12.97,48.86,909.8,2.41
Cuartel_Chardonnay_3,2026-04-29T22:00:00,12.13,52.01,909.3,2.43
Cuartel_Chardonnay_3,2026-04-29T23:00:00,11.32,55.27,908.6,2.49
Cuartel_Chardonnay_3,2026-04-30T00:00:00,10.73,58.0,908.0,2.52
Cuartel_Chardonnay_3,2026-04-30T01:00:00,10.25,60.3,907.2,2.58
Cuartel_Chardonnay_3,2026-04-30T02:00:00,9.82,63.09,906.6,2.81
Cuartel_Chardonnay_3,2026-04-30T03:00:00,9.37,66.73,906.2,3.16
Cuartel_Chardonnay_3,2026-04-30T04:00:00,8.95,70.9,906.0,3.62
Cuartel_Chardonnay_3,2026-04-30T05:00:00,8.62,75.22,906.0,4.15
Cuartel_Chardonnay_3,2026-04-30T06:00:00,9.06,75.3,906.3,4.6
Cuartel_Chardonnay_3,2026-04-30T07:00:00,12.24,63.38,906.7,5.27
Cuartel_Chardonnay_3,2026-04-30T08:00:00,16.11,50.18,906.7,5.46
Cuartel_Chardonnay_3,2026-04-30T09:00:00,19.42,41.41,906.1,5.69
Cuartel_Chardonnay_3,2026-04-30T10:00:00,22.07,34.82,905.3,5.62
Cuartel_Chardonnay_3,2026-04-30T11:00:00,24.24,28.64,904.2,4.8
Cuartel_Chardonnay_3,2026-04-30T12:00:00,25.66,25.19,903.1,4.21
Cuartel_Chardonnay_3,2026-04-30T13:00:00,26.32,23.62,902.3,3.87
Cuartel_Chardonnay_3,2026-04-30T14:00:00,26.26,23.4,902.1,3.69
Cuartel_Chardonnay_3,2026-04-30T15:00:00,25.24,25.31,902.4,3.93
Cuartel_Chardonnay_3,2026-04-30T16:00:00,21.72,33.81,902.9,5.06
Cuartel_Chardonnay_3,2026-04-30T17:00:00,18.11,44.2,903.6,5.67
Cuartel_Chardonnay_3,2026-04-30T18:00:00,16.79,50.12,904.4,6.2
Cuartel_Chardonnay_3,2026-04-30T19:00:00,15.52,55.94,904.9,6.47
Cuartel_Chardonnay_3,2026-04-30T20:00:00,14.76,59.87,905.1,6.58
Cuartel_Chardonnay_3,2026-04-30T21:00:00,13.9,64.84,905.1,6.84
Cuartel_Chardonnay_3,2026-04-30T22:00:00,12.99,69.78,905.2,6.93
Cuartel_Chardonnay_3,2026-04-30T23:00:00,12.16,74.09,905.2,6.91
Cuartel_Chardonnay_3,2026-05-01T00:00:00,11.31,79.12,905.1,7.03
Cuartel_Chardonnay_3,2026-05-01T01:00:00,10.69,83.11,905.0,7.17
Cuartel_Chardonnay_3,2026-05-01T02:00:00,10.16,85.52,905.0,6.98
Cuartel_Chardonnay_3,2026-05-01T03:00:00,10.06,81.79,905.2,6.15
Cuartel_Chardonnay_3,2026-05-01T04:00:00,10.36,72.3,905.9,4.67
Cuartel_Chardonnay_3,2026-05-01T05:00:00,10.66,62.58,906.6,3.1
Cuartel_Chardonnay_3,2026-05-01T06:00:00,11.59,51.47,907.8,1.45
Cuartel_Chardonnay_3,2026-05-01T07:00:00,15.51,36.47,909.0,0.48
Cuartel_Chardonnay_3,2026-05-01T08:00:00,18.43,30.95,909.9,0.62
Cuartel_Chardonnay_3,2026-05-01T09:00:00,20.48,24.83,910.0,-0.55
Cuartel_Chardonnay_3,2026-05-01T10:00:00,22.11,22.25,909.9,-0.57
Cuartel_Chardonnay_3,2026-05-01T11:00:00,23.15,22.78,909.9,0.6
Cuartel_Chardonnay_3,2026-05-01T12:00:00,23.72,24.34,909.7,1.98
Cuartel_Chardonnay_3,2026-05-01T13:00:00,23.84,25.05,909.8,2.49
Cuartel_Chardonnay_3,2026-05-01T14:00:00,23.36,25.34,910.2,2.26
Cuartel_Chardonnay_3,2026-05-01T15:00:00,22.01,26.2,910.9,1.69
Cuartel_Chardonnay_3,2026-05-01T16:00:00,19.29,30.19,912.4,1.4
Cuartel_Chardonnay_3,2026-05-01T17:00:00,15.85,38.08,914.4,1.6
Cuartel_Chardonnay_3,2026-05-01T18:00:00,14.06,42.81,916.0,1.61
Cuartel_Chardonnay_3,2026-05-01T19:00:00,12.59,47.0,917.5,1.58
Cuartel_Chardonnay_3,2026-05-01T20:00:00,11.44,50.88,918.8,1.62
Cuartel_Chardonnay_3,2026-05-01T21:00:00,10.51,54.79,920.2,1.8
Cuartel_Chardonnay_3,2026-05-01T22:00:00,9.61,58.74,921.1,1.93
Cuartel_Chardonnay_3,2026-05-01T23:00:00,8.81,62.31,921.8,2.0
Cuartel_Chardonnay_3,2026-05-02T00:00:00,8.16,65.54,922.1,2.07
Cuartel_Chardonnay_3,2026-05-02T01:00:00,7.4,68.47,922.2,1.97
Cuartel_Chardonnay_3,2026-05-02T02:00:00,6.58,70.33,922.5,1.55
Cuartel_Chardonnay_3,2026-05-02T03:00:00,5.75,70.33,922.7,0.75
Cuartel_Chardonnay_3,2026-05-02T04:00:00,5.2,68.42,923.0,-0.2
Cuartel_Chardonnay_3,2026-05-02T05:00:00,4.79,66.83,923.4,-0.94
Cuartel_Chardonnay_3,2026-05-02T06:00:00,4.91,63.23,923.8,-1.62
Cuartel_Chardonnay_3,2026-05-02T07:00:00,7.84,45.54,924.1,-3.26
Cuartel_Chardonnay_3,2026-05-02T08:00:00,11.02,30.0,923.9,-5.71
Cuartel_Chardonnay_3,2026-05-02T09:00:00,13.57,22.78,923.1,-7.0
Cuartel_Chardonnay_3,2026-05-02T10:00:00,15.32,19.89,922.1,-7.26
Cuartel_Chardonnay_3,2026-05-02T11:00:00,16.61,18.76,920.9,-6.93
Cuartel_Chardonnay_3,2026-05-02T12:00:00,17.58,18.5,919.6,-6.38
Cuartel_Chardonnay_3,2026-05-02T13:00:00,18.19,18.77,918.6,-5.72
Cuartel_Chardonnay_3,2026-05-02T14:00:00,18.25,19.81,918.0,-5.05
Cuartel_Chardonnay_3,2026-05-02T15:00:00,17.52,21.98,917.8,-4.31
Cuartel_Chardonnay_3,2026-05-02T16:00:00,15.07,27.84,917.8,-3.3
Cuartel_Chardonnay_3,2026-05-02T17:00:00,11.84,36.28,918.0,-2.58
Cuartel_Chardonnay_3,2026-05-02T18:00:00,11.13,38.81,918.1,-2.32
Cuartel_Chardonnay_3,2026-05-02T19:00:00,10.79,40.15,918.0,-2.19
Cuartel_Chardonnay_3,2026-05-02T20:00:00,10.56,41.33,917.5,-2.03
Cuartel_Chardonnay_3,2026-05-02T21:00:00,10.27,43.63,916.9,-1.58
Cuartel_Chardonnay_3,2026-05-02T22:00:00,9.91,48.37,916.0,-0.61
Cuartel_Chardonnay_3,2026-05-02T23:00:00,9.61,55.3,915.1,0.79
Cuartel_Chardonnay_3,2026-05-03T00:00:00,9.34,63.1,914.2,2.18
Cuartel_Chardonnay_3,2026-05-03T01:00:00,8.72,68.45,913.3,2.65
Cuartel_Chardonnay_3,2026-05-03T02:00:00,8.2,68.71,912.5,2.24
Cuartel_Chardonnay_3,2026-05-03T03:00:00,7.66,66.52,912.1,1.38
Cuartel_Chardonnay_3,2026-05-03T04:00:00,7.06,65.25,912.0,0.58
Cuartel_Chardonnay_3,2026-05-03T05:00:00,6.46,65.3,912.3,0.03
Cuartel_Chardonnay_3,2026-05-03T06:00:00,6.59,63.21,912.2,-0.3
Cuartel_Chardonnay_3,2026-05-03T07:00:00,9.86,51.68,912.0,0.2
Cuartel_Chardonnay_3,2026-05-03T08:00:00,13.59,39.53,911.7,-0.13
Cuartel_Chardonnay_3,2026-05-03T09:00:00,16.93,31.65,911.2,-0.34
Cuartel_Chardonnay_3,2026-05-03T10:00:00,19.8,26.54,910.3,-0.27
Cuartel_Chardonnay_3,2026-05-03T11:00:00,22.2,22.86,909.1,-0.23
Cuartel_Chardonnay_3,2026-05-03T12:00:00,23.8,20.49,908.1,-0.35
Cuartel_Chardonnay_3,2026-05-03T13:00:00,24.58,19.26,907.5,-0.52
Cuartel_Chardonnay_3,2026-05-03T14:00:00,24.43,19.38,907.2,-0.56
Cuartel_Chardonnay_3,2026-05-03T15:00:00,23.34,21.19,907.3,-0.22
Cuartel_Chardonnay_3,2026-05-03T16:00:00,19.7,28.9,907.6,1.1
Cuartel_Chardonnay_3,2026-05-03T17:00:00,16.32,36.31,908.1,1.27
Cuartel_Chardonnay_3,2026-05-03T18:00:00,14.77,41.17,908.7,1.53
Cuartel_Chardonnay_3,2026-05-03T19:00:00,13.63,45.27,909.0,1.72
Cuartel_Chardonnay_3,2026-05-03T20:00:00,13.33,47.0,908.7,1.89
Cuartel_Chardonnay_3,2026-05-03T21:00:00,12.56,49.22,908.5,1.73
Cuartel_Chardonnay_3,2026-05-03T22:00:00,11.22,52.77,908.1,1.39
Cuartel_Chardonnay_3,2026-05-03T23:00:00,10.67,53.24,907.5,1.0
Cuartel_Chardonnay_3,2026-05-04T00:00:00,10.6,53.13,907.3,0.9
Cuartel_Chardonnay_3,2026-05-04T01:00:00,10.04,56.21,907.2,1.17
Cuartel_Chardonnay_3,2026-05-04T02:00:00,9.12,61.19,907.4,1.5
Cuartel_Chardonnay_3,2026-05-04T03:00:00,8.73,63.72,907.4,1.7
Cuartel_Chardonnay_3,2026-05-04T04:00:00,8.65,63.69,907.5,1.62
Cuartel_Chardonnay_3,2026-05-04T05:00:00,8.21,64.45,907.9,1.36
Cuartel_Chardonnay_3,2026-05-04T06:00:00,8.49,62.74,908.3,1.28
Cuartel_Chardonnay_3,2026-05-04T07:00:00,12.24,50.18,908.7,1.92
Cuartel_Chardonnay_3,2026-05-04T08:00:00,16.24,37.55,908.8,1.42
Cuartel_Chardonnay_3,2026-05-04T09:00:00,19.38,30.41,908.4,1.2
Cuartel_Chardonnay_3,2026-05-04T10:00:00,21.64,26.37,907.7,1.28
Cuartel_Chardonnay_3,2026-05-04T11:00:00,23.49,22.94,906.6,1.0
Cuartel_Chardonnay_3,2026-05-04T12:00:00,24.74,21.03,905.5,0.87
Cuartel_Chardonnay_3,2026-05-04T13:00:00,25.02,20.61,904.6,0.81
Cuartel_Chardonnay_3,2026-05-04T14:00:00,24.69,21.01,904.3,0.79
Cuartel_Chardonnay_3,2026-05-04T15:00:00,23.87,22.56,904.3,1.1
Cuartel_Chardonnay_3,2026-05-04T16:00:00,20.36,29.94,904.4,2.16
Cuartel_Chardonnay_3,2026-05-04T17:00:00,17.11,36.63,904.9,2.11
Cuartel_Chardonnay_3,2026-05-04T18:00:00,15.95,39.95,905.6,2.23
Cuartel_Chardonnay_3,2026-05-04T19:00:00,14.78,44.23,906.4,2.53
Cuartel_Chardonnay_3,2026-05-04T20:00:00,13.86,48.26,907.1,2.86
Cuartel_Chardonnay_3,2026-05-04T21:00:00,13.17,51.64,907.4,3.12
Cuartel_Chardonnay_3,2026-05-04T22:00:00,12.66,53.89,907.5,3.24
Cuartel_Chardonnay_3,2026-05-04T23:00:00,12.34,54.84,907.6,3.16
Cuartel_Chardonnay_3,2026-05-05T00:00:00,12.11,54.76,907.7,2.9
Cuartel_Chardonnay_3,2026-05-05T01:00:00,12.11,53.64,907.8,2.58
Cuartel_Chardonnay_3,2026-05-05T02:00:00,11.93,53.97,907.8,2.48
Cuartel_Chardonnay_3,2026-05-05T03:00:00,11.29,56.42,908.0,2.46
Cuartel_Chardonnay_3,2026-05-05T04:00:00,10.45,59.91,908.2,2.46
Cuartel_Chardonnay_3,2026-05-05T05:00:00,9.46,64.54,908.6,2.54
Cuartel_Chardonnay_3,2026-05-05T06:00:00,9.56,64.76,909.2,2.69
Cuartel_Chardonnay_3,2026-05-05T07:00:00,13.02,53.83,909.7,3.62
Cuartel_Chardonnay_3,2026-05-05T08:00:00,16.83,41.97,909.9,3.42
Cuartel_Chardonnay_3,2026-05-05T09:00:00,19.88,35.02,909.6,3.65
Cuartel_Chardonnay_3,2026-05-05T10:00:00,22.01,31.08,908.9,3.93
Cuartel_Chardonnay_3,2026-05-05T11:00:00,23.37,29.1,908.0,4.22
Cuartel_Chardonnay_3,2026-05-05T12:00:00,24.25,27.91,907.2,4.42
Cuartel_Chardonnay_3,2026-05-05T13:00:00,24.66,27.45,906.6,4.56
Cuartel_Chardonnay_3,2026-05-05T14:00:00,24.35,28.43,906.4,4.82
Cuartel_Chardonnay_3,2026-05-05T15:00:00,23.26,31.32,906.5,5.29
Cuartel_Chardonnay_3,2026-05-05T16:00:00,19.8,41.05,907.0,6.15
Cuartel_Chardonnay_3,2026-05-05T17:00:00,16.72,50.98,907.6,6.5
Cuartel_Chardonnay_3,2026-05-05T18:00:00,15.88,53.18,908.3,6.3
Cuartel_Chardonnay_3,2026-05-05T19:00:00,14.89,54.99,908.8,5.82
Cuartel_Chardonnay_3,2026-05-05T20:00:00,13.93,56.8,909.0,5.34
Cuartel_Chardonnay_3,2026-05-05T21:00:00,13.05,59.37,908.8,5.05
Cuartel_Chardonnay_3,2026-05-05T22:00:00,12.42,62.15,908.5,4.97
Cuartel_Chardonnay_3,2026-05-05T23:00:00,11.94,64.62,907.9,4.96
Cuartel_Chardonnay_3,2026-05-06T00:00:00,11.45,67.0,907.0,4.95
Cuartel_Chardonnay_3,2026-05-06T01:00:00,11.08,68.18,906.3,4.77
Cuartel_Chardonnay_3,2026-05-06T02:00:00,10.76,68.71,905.8,4.55
Cuartel_Chardonnay_3,2026-05-06T03:00:00,10.4,69.32,905.4,4.36
Cuartel_Chardonnay_3,2026-05-06T04:00:00,9.96,69.16,905.5,3.96
Cuartel_Chardonnay_3,2026-05-06T05:00:00,9.75,66.33,905.7,3.23
Cuartel_Chardonnay_3,2026-05-06T06:00:00,10.26,61.32,905.7,2.71
Cuartel_Chardonnay_3,2026-05-06T07:00:00,13.9,49.23,905.4,3.15
Cuartel_Chardonnay_3,2026-05-06T08:00:00,17.55,40.53,905.0,3.39
Cuartel_Chardonnay_3,2026-05-06T09:00:00,21.37,31.03,904.3,2.46
Cuartel_Chardonnay_3,2026-05-06T10:00:00,24.94,20.36,903.4,-0.66
Cuartel_Chardonnay_3,2026-05-06T11:00:00,27.57,12.32,902.2,-4.72
Cuartel_Chardonnay_3,2026-05-06T12:00:00,28.94,7.61,901.5,-8.74
Cuartel_Chardonnay_3,2026-05-06T13:00:00,28.84,6.09,901.2,-11.01
Cuartel_Chardonnay_3,2026-05-06T14:00:00,27.6,6.86,901.6,-10.61
Cuartel_Chardonnay_3,2026-05-06T15:00:00,25.3,8.85,902.4,-9.43
Cuartel_Chardonnay_3,2026-05-06T16:00:00,20.54,14.86,903.0,-6.85
Cuartel_Chardonnay_3,2026-05-06T17:00:00,16.62,22.22,903.4,-4.88
Cuartel_Chardonnay_3,2026-05-06T18:00:00,16.07,24.05,903.7,-4.36
Cuartel_Chardonnay_3,2026-05-06T19:00:00,15.87,24.84,903.5,-4.11
Cuartel_Chardonnay_3,2026-05-06T20:00:00,15.85,24.79,903.5,-4.12
Cuartel_Chardonnay_3,2026-05-06T21:00:00,15.1,26.19,903.8,-4.06
Cuartel_Chardonnay_3,2026-05-06T22:00:00,13.82,28.57,904.7,-4.05
Cuartel_Chardonnay_3,2026-05-06T23:00:00,12.55,38.45,905.8,-1.53
Cuartel_Chardonnay_3,2026-05-07T00:00:00,11.19,56.38,906.6,2.48
Cuartel_Chardonnay_3,2026-05-07T01:00:00,10.79,65.78,907.3,4.32
Cuartel_Chardonnay_3,2026-05-07T02:00:00,10.67,68.73,908.0,4.85
Cuartel_Chardonnay_3,2026-05-07T03:00:00,10.01,70.22,908.5,4.47
Cuartel_Chardonnay_3,2026-05-07T04:00:00,9.04,69.18,908.8,3.33
Cuartel_Chardonnay_3,2026-05-07T05:00:00,7.65,68.47,909.7,1.79
Cuartel_Chardonnay_3,2026-05-07T06:00:00,7.35,65.14,910.6,0.67
Cuartel_Chardonnay_3,2026-05-07T07:00:00,11.14,47.19,911.2,-0.32
Cuartel_Chardonnay_3,2026-05-07T08:00:00,14.4,32.7,911.4,-2.49
Cuartel_Chardonnay_3,2026-05-07T09:00:00,16.77,25.32,910.9,-3.56
Cuartel_Chardonnay_3,2026-05-07T10:00:00,18.48,21.48,910.0,-4.08
Cuartel_Chardonnay_3,2026-05-07T11:00:00,19.72,18.34,909.2,-5.04
Cuartel_Chardonnay_3,2026-05-07T12:00:00,20.67,15.73,908.3,-6.27
Cuartel_Chardonnay_3,2026-05-07T13:00:00,21.21,13.99,908.0,-7.26
Cuartel_Chardonnay_3,2026-05-07T14:00:00,21.15,13.12,907.8,-8.08
Cuartel_Chardonnay_3,2026-05-07T15:00:00,20.28,13.04,907.7,-8.69
Cuartel_Chardonnay_3,2026-05-07T16:00:00,16.41,18.89,907.8,-7.1
Cuartel_Chardonnay_3,2026-05-07T17:00:00,13.68,21.51,908.4,-7.64
Cuartel_Chardonnay_3,2026-05-07T18:00:00,12.24,23.56,909.3,-7.66
Cuartel_Chardonnay_3,2026-05-07T19:00:00,10.82,27.03,910.1,-7.1
Cuartel_Chardonnay_3,2026-05-07T20:00:00,9.83,29.73,910.6,-6.75
Cuartel_Chardonnay_3,2026-05-07T21:00:00,8.7,32.37,911.2,-6.66
Cuartel_Chardonnay_3,2026-05-07T22:00:00,7.92,34.43,912.0,-6.59
Cuartel_Chardonnay_3,2026-05-07T23:00:00,6.9,36.94,912.4,-6.59
Cuartel_Chardonnay_3,2026-05-08T00:00:00,5.94,39.61,912.2,-6.5
Cuartel_Chardonnay_3,2026-05-08T01:00:00,5.36,41.55,911.9,-6.42
Cuartel_Chardonnay_3,2026-05-08T02:00:00,4.87,43.16,911.8,-6.4
Cuartel_Chardonnay_3,2026-05-08T03:00:00,4.4,44.6,911.7,-6.4
Cuartel_Chardonnay_3,2026-05-08T04:00:00,4.0,46.05,911.7,-6.35
Cuartel_Chardonnay_3,2026-05-08T05:00:00,3.76,47.21,911.9,-6.26
Cuartel_Chardonnay_3,2026-05-08T06:00:00,3.97,47.07,912.2,-6.15
Cuartel_Chardonnay_3,2026-05-08T07:00:00,6.92,39.52,912.3,-5.75
Cuartel_Chardonnay_3,2026-05-08T08:00:00,10.12,31.91,911.8,-5.74
Cuartel_Chardonnay_3,2026-05-08T09:00:00,12.83,26.24,910.5,-5.95
Cuartel_Chardonnay_3,2026-05-08T10:00:00,15.08,22.38,909.0,-6.13
Cuartel_Chardonnay_3,2026-05-08T11:00:00,16.93,19.7,907.4,-6.25
Cuartel_Chardonnay_3,2026-05-08T12:00:00,18.48,17.63,905.8,-6.37
Cuartel_Chardonnay_3,2026-05-08T13:00:00,19.55,16.34,904.7,-6.44
Cuartel_Chardonnay_3,2026-05-08T14:00:00,19.99,15.83,903.9,-6.51
Cuartel_Chardonnay_3,2026-05-08T15:00:00,19.37,16.64,903.6,-6.36
Cuartel_Chardonnay_3,2026-05-08T16:00:00,15.69,22.96,904.7,-5.21
Cuartel_Chardonnay_3,2026-05-08T17:00:00,12.53,31.5,908.2,-3.87
Cuartel_Chardonnay_3,2026-05-08T18:00:00,8.64,56.44,913.2,0.34
Cuartel_Chardonnay_3,2026-05-08T19:00:00,5.42,76.68,916.3,1.64
Cuartel_Chardonnay_3,2026-05-08T20:00:00,4.66,76.52,917.9,0.9
Cuartel_Chardonnay_3,2026-05-08T21:00:00,4.72,72.51,919.1,0.21
Cuartel_Chardonnay_3,2026-05-08T22:00:00,4.89,67.63,919.8,-0.59
Cuartel_Chardonnay_3,2026-05-08T23:00:00,4.18,66.46,920.1,-1.52
Cuartel_Chardonnay_3,2026-05-09T00:00:00,3.95,63.92,920.3,-2.29
Cuartel_Chardonnay_3,2026-05-09T01:00:00,4.02,61.98,920.3,-2.64
Cuartel_Chardonnay_3,2026-05-09T02:00:00,3.94,62.33,920.3,-2.65
Cuartel_Chardonnay_3,2026-05-09T03:00:00,3.81,63.1,920.5,-2.56
Cuartel_Chardonnay_3,2026-05-09T04:00:00,3.63,64.12,920.8,-2.52
Cuartel_Chardonnay_3,2026-05-09T05:00:00,3.49,64.79,921.3,-2.48
Cuartel_Chardonnay_3,2026-05-09T06:00:00,3.8,63.25,922.0,-2.51
Cuartel_Chardonnay_3,2026-05-09T07:00:00,6.04,52.4,922.7,-2.91
Cuartel_Chardonnay_3,2026-05-09T08:00:00,8.34,41.95,923.0,-3.76
Cuartel_Chardonnay_3,2026-05-09T09:00:00,10.18,37.04,922.8,-3.76
Cuartel_Chardonnay_3,2026-05-09T10:00:00,11.7,33.46,922.2,-3.77
Cuartel_Chardonnay_3,2026-05-09T11:00:00,12.85,30.6,921.3,-3.93
Cuartel_Chardonnay_3,2026-05-09T12:00:00,13.64,28.46,920.4,-4.19
Cuartel_Chardonnay_3,2026-05-09T13:00:00,14.03,27.09,919.9,-4.49
Cuartel_Chardonnay_3,2026-05-09T14:00:00,13.9,26.76,919.8,-4.75
Cuartel_Chardonnay_3,2026-05-09T15:00:00,13.15,27.81,919.9,-4.86
Cuartel_Chardonnay_3,2026-05-09T16:00:00,10.52,34.13,919.9,-4.5
Cuartel_Chardonnay_3,2026-05-09T17:00:00,7.67,42.21,919.8,-4.23
Cuartel_Chardonnay_3,2026-05-09T18:00:00,6.83,45.31,920.0,-4.06
Cuartel_Chardonnay_3,2026-05-09T19:00:00,6.12,48.06,920.1,-3.95
Cuartel_Chardonnay_3,2026-05-09T20:00:00,5.59,50.35,920.3,-3.84
Cuartel_Chardonnay_3,2026-05-09T21:00:00,4.85,53.52,920.2,-3.72
Cuartel_Chardonnay_3,2026-05-09T22:00:00,4.07,56.71,920.2,-3.7
Cuartel_Chardonnay_3,2026-05-09T23:00:00,3.5,59.03,920.1,-3.72
Cuartel_Chardonnay_3,2026-05-10T00:00:00,3.06,60.68,919.7,-3.77
Cuartel_Chardonnay_3,2026-05-10T01:00:00,2.92,60.66,919.2,-3.94
Cuartel_Chardonnay_3,2026-05-10T02:00:00,2.99,59.35,918.7,-4.21
Cuartel_Chardonnay_3,2026-05-10T03:00:00,2.9,58.93,918.3,-4.46
Cuartel_Chardonnay_3,2026-05-10T04:00:00,2.81,58.3,917.9,-4.77
Cuartel_Chardonnay_3,2026-05-10T05:00:00,2.95,56.53,917.5,-5.14
Cuartel_Chardonnay_3,2026-05-10T06:00:00,3.39,54.23,917.5,-5.32
Cuartel_Chardonnay_3,2026-05-10T07:00:00,6.15,46.13,917.8,-4.69
Cuartel_Chardonnay_3,2026-05-10T08:00:00,9.54,36.74,917.9,-4.68
Cuartel_Chardonnay_3,2026-05-10T09:00:00,12.95,29.2,917.8,-4.67
Cuartel_Chardonnay_3,2026-05-10T10:00:00,15.86,24.26,917.4,-4.54
Cuartel_Chardonnay_3,2026-05-10T11:00:00,18.32,20.4,917.1,-4.68
Cuartel_Chardonnay_3,2026-05-10T12:00:00,19.5,18.88,916.9,-4.68
Cuartel_Chardonnay_3,2026-05-10T13:00:00,19.96,18.28,916.6,-4.72
Cuartel_Chardonnay_3,2026-05-10T14:00:00,19.74,18.34,916.7,-4.85
Cuartel_Chardonnay_3,2026-05-10T15:00:00,18.59,19.92,917.0,-4.71
Cuartel_Chardonnay_3,2026-05-10T16:00:00,14.39,27.47,917.4,-4.01
Cuartel_Chardonnay_3,2026-05-10T17:00:00,11.24,33.67,917.8,-4.05
Cuartel_Chardonnay_3,2026-05-10T18:00:00,10.09,36.61,918.3,-3.95
Cuartel_Chardonnay_3,2026-05-10T19:00:00,9.14,39.42,918.5,-3.85
Cuartel_Chardonnay_3,2026-05-10T20:00:00,8.42,41.64,918.4,-3.8
Cuartel_Chardonnay_3,2026-05-10T21:00:00,7.75,43.84,917.9,-3.77
Cuartel_Chardonnay_3,2026-05-10T22:00:00,7.28,45.39,917.3,-3.8
Cuartel_Chardonnay_3,2026-05-10T23:00:00,6.95,46.25,916.8,-3.91
Cuartel_Chardonnay_3,2026-05-11T00:00:00,6.61,47.17,916.2,-4.07
Cuartel_Chardonnay_3,2026-05-11T01:00:00,6.19,48.21,915.6,-4.23
Cuartel_Chardonnay_3,2026-05-11T02:00:00,5.69,49.88,915.0,-4.32
Cuartel_Chardonnay_3,2026-05-11T03:00:00,5.2,51.59,914.7,-4.42
Cuartel_Chardonnay_3,2026-05-11T04:00:00,4.9,52.33,914.5,-4.57
Cuartel_Chardonnay_3,2026-05-11T05:00:00,4.75,52.38,914.6,-4.74
Cuartel_Chardonnay_3,2026-05-11T06:00:00,4.99,50.85,914.9,-4.85
Cuartel_Chardonnay_3,2026-05-11T07:00:00,7.97,42.92,915.2,-4.06
Cuartel_Chardonnay_3,2026-05-11T08:00:00,11.98,33.54,915.2,-3.66
Cuartel_Chardonnay_3,2026-05-11T09:00:00,15.94,24.15,914.9,-4.74
Cuartel_Chardonnay_3,2026-05-11T10:00:00,19.06,20.01,914.3,-4.54
Cuartel_Chardonnay_3,2026-05-11T11:00:00,21.51,16.5,913.5,-4.91
Cuartel_Chardonnay_3,2026-05-11T12:00:00,23.27,14.05,912.5,-5.51
Cuartel_Chardonnay_3,2026-05-11T13:00:00,24.1,12.96,911.9,-5.86
Cuartel_Chardonnay_3,2026-05-11T14:00:00,23.9,13.16,911.7,-5.81
Cuartel_Chardonnay_3,2026-05-11T15:00:00,22.45,15.18,911.8,-5.15
Cuartel_Chardonnay_3,2026-05-11T16:00:00,17.31,23.55,912.3,-3.63
Cuartel_Chardonnay_3,2026-05-11T17:00:00,14.3,28.12,912.9,-3.82
Cuartel_Chardonnay_3,2026-05-11T18:00:00,12.96,31.1,913.5,-3.68
Cuartel_Chardonnay_3,2026-05-11T19:00:00,12.22,33.07,913.9,-3.55
Cuartel_Chardonnay_3,2026-05-11T20:00:00,11.84,34.23,914.0,-3.53
Cuartel_Chardonnay_3,2026-05-11T21:00:00,11.84,33.91,914.0,-3.78
Cuartel_Chardonnay_3,2026-05-11T22:00:00,12.09,32.31,913.8,-4.28
Cuartel_Chardonnay_3,2026-05-11T23:00:00,12.1,30.32,913.6,-5.12
Cuartel_Chardonnay_3,2026-05-12T00:00:00,11.66,29.18,913.4,-5.99
Cuartel_Chardonnay_3,2026-05-12T01:00:00,10.59,29.83,913.2,-6.54
Cuartel_Chardonnay_3,2026-05-12T02:00:00,9.5,30.98,913.1,-6.92
Cuartel_Chardonnay_3,2026-05-12T03:00:00,8.92,31.19,913.2,-7.24
Cuartel_Chardonnay_3,2026-05-12T04:00:00,9.22,29.32,913.5,-7.74
Cuartel_Chardonnay_3,2026-05-12T05:00:00,9.56,28.05,913.9,-7.98
Cuartel_Chardonnay_3,2026-05-12T06:00:00,9.61,27.49,914.5,-8.17
Cuartel_Chardonnay_3,2026-05-12T07:00:00,13.02,24.87,915.1,-6.53
Cuartel_Chardonnay_3,2026-05-12T08:00:00,17.6,17.01,915.4,-7.53
Cuartel_Chardonnay_3,2026-05-12T09:00:00,20.95,16.11,915.2,-5.64
Cuartel_Chardonnay_3,2026-05-12T10:00:00,23.06,16.33,914.5,-3.87
Cuartel_Chardonnay_3,2026-05-12T11:00:00,24.32,16.51,913.4,-2.74
Cuartel_Chardonnay_3,2026-05-12T12:00:00,25.11,16.47,912.3,-2.13
Cuartel_Chardonnay_3,2026-05-12T13:00:00,25.33,16.51,911.5,-1.88
Cuartel_Chardonnay_3,2026-05-12T14:00:00,24.88,17.09,911.1,-1.77
Cuartel_Chardonnay_3,2026-05-12T15:00:00,23.31,19.95,911.2,-0.93
Cuartel_Chardonnay_3,2026-05-12T16:00:00,18.08,30.01,911.7,0.23
Cuartel_Chardonnay_3,2026-05-12T17:00:00,15.74,34.52,912.5,0.08
Cuartel_Chardonnay_3,2026-05-12T18:00:00,14.6,37.97,913.3,0.36
Cuartel_Chardonnay_3,2026-05-12T19:00:00,13.41,41.9,913.9,0.56
Cuartel_Chardonnay_3,2026-05-12T20:00:00,12.36,46.75,914.5,0.93
Cuartel_Chardonnay_3,2026-05-12T21:00:00,11.45,52.81,915.1,1.64
Cuartel_Chardonnay_3,2026-05-12T22:00:00,10.81,58.61,915.4,2.47
Cuartel_Chardonnay_3,2026-05-12T23:00:00,10.26,63.01,915.2,2.92
Cuartel_Chardonnay_3,2026-05-13T00:00:00,9.52,66.91,914.6,2.99
Cuartel_Chardonnay_3,2026-05-13T01:00:00,8.86,69.91,913.9,2.79
Cuartel_Chardonnay_3,2026-05-13T02:00:00,8.39,71.86,913.3,2.54
Cuartel_Chardonnay_3,2026-05-13T03:00:00,8.12,73.17,913.1,2.39
Cuartel_Chardonnay_3,2026-05-13T04:00:00,7.97,74.06,913.2,2.34
Cuartel_Chardonnay_3,2026-05-13T05:00:00,7.91,74.91,913.1,2.38
Cuartel_Chardonnay_3,2026-05-13T06:00:00,8.16,74.04,913.0,2.48
Cuartel_Chardonnay_3,2026-05-13T07:00:00,11.21,61.3,912.9,3.01
Cuartel_Chardonnay_3,2026-05-13T08:00:00,14.68,51.36,912.7,4.11
Cuartel_Chardonnay_3,2026-05-13T09:00:00,17.77,41.94,912.3,4.02
Cuartel_Chardonnay_3,2026-05-13T10:00:00,19.99,35.93,911.9,4.07
Cuartel_Chardonnay_3,2026-05-13T11:00:00,21.36,31.97,911.3,3.75
Cuartel_Chardonnay_3,2026-05-13T12:00:00,22.46,28.42,910.4,3.11
Cuartel_Chardonnay_3,2026-05-13T13:00:00,23.55,25.09,909.7,2.33
Cuartel_Chardonnay_3,2026-05-13T14:00:00,23.72,23.58,909.2,1.62
Cuartel_Chardonnay_3,2026-05-13T15:00:00,22.66,24.67,909.3,1.42
Cuartel_Chardonnay_3,2026-05-13T16:00:00,18.27,32.78,909.9,1.65
Cuartel_Chardonnay_3,2026-05-13T17:00:00,15.51,37.85,910.5,1.2
Cuartel_Chardonnay_3,2026-05-13T18:00:00,14.92,38.74,911.2,0.99
Cuartel_Chardonnay_3,2026-05-13T19:00:00,14.11,40.66,911.7,0.91
Cuartel_Chardonnay_3,2026-05-13T20:00:00,13.81,41.76,912.1,0.95
Cuartel_Chardonnay_3,2026-05-13T21:00:00,13.34,43.54,912.2,1.06
Cuartel_Chardonnay_3,2026-05-13T22:00:00,12.91,46.25,912.4,1.44
Cuartel_Chardonnay_3,2026-05-13T23:00:00,12.24,52.14,912.7,2.43
Cuartel_Chardonnay_3,2026-05-14T00:00:00,11.16,62.17,913.0,3.75
Cuartel_Chardonnay_3,2026-05-14T01:00:00,10.04,72.81,913.3,4.78
Cuartel_Chardonnay_3,2026-05-14T02:00:00,9.27,79.69,913.5,5.22
Cuartel_Chardonnay_3,2026-05-14T03:00:00,9.02,83.1,913.8,5.58
Cuartel_Chardonnay_3,2026-05-14T04:00:00,9.07,83.75,914.3,5.81
Cuartel_Chardonnay_3,2026-05-14T05:00:00,9.25,82.69,915.2,5.87
Cuartel_Chardonnay_3,2026-05-14T06:00:00,9.33,82.58,916.1,6.0
Cuartel_Chardonnay_3,2026-05-14T07:00:00,10.37,78.7,916.8,6.4
Cuartel_Chardonnay_3,2026-05-14T08:00:00,12.62,68.24,917.2,6.55
Cuartel_Chardonnay_3,2026-05-14T09:00:00,15.0,57.42,917.1,6.38
Cuartel_Chardonnay_3,2026-05-14T10:00:00,16.8,50.39,916.7,6.28
Cuartel_Chardonnay_3,2026-05-14T11:00:00,18.04,45.84,915.9,6.12
Cuartel_Chardonnay_3,2026-05-14T12:00:00,18.77,42.68,915.1,5.79
Cuartel_Chardonnay_3,2026-05-14T13:00:00,18.92,40.78,914.4,5.31
Cuartel_Chardonnay_3,2026-05-14T14:00:00,18.65,40.17,914.1,4.86
Cuartel_Chardonnay_3,2026-05-14T15:00:00,17.84,41.26,913.9,4.51
Cuartel_Chardonnay_3,2026-05-14T16:00:00,15.67,46.7,913.8,4.32
Cuartel_Chardonnay_3,2026-05-14T17:00:00,12.86,54.75,914.0,3.99
Cuartel_Chardonnay_3,2026-05-14T18:00:00,12.11,55.77,914.2,3.55
Cuartel_Chardonnay_3,2026-05-14T19:00:00,11.55,56.16,914.2,3.09
Cuartel_Chardonnay_3,2026-05-14T20:00:00,10.99,56.82,913.8,2.7
Cuartel_Chardonnay_3,2026-05-14T21:00:00,10.42,57.95,913.5,2.37
Cuartel_Chardonnay_3,2026-05-14T22:00:00,9.87,59.5,913.1,2.14
Cuartel_Chardonnay_3,2026-05-14T23:00:00,9.24,62.06,912.8,2.05
Cuartel_Chardonnay_3,2026-05-15T00:00:00,8.59,65.73,912.4,2.18
Cuartel_Chardonnay_3,2026-05-15T01:00:00,8.0,70.16,912.1,2.47
Cuartel_Chardonnay_3,2026-05-15T02:00:00,7.81,73.66,911.7,2.92
Cuartel_Chardonnay_3,2026-05-15T03:00:00,7.96,75.88,911.5,3.48
Cuartel_Chardonnay_3,2026-05-15T04:00:00,7.92,78.54,911.5,3.95
Cuartel_Chardonnay_3,2026-05-15T05:00:00,7.6,81.81,911.5,4.27
Cuartel_Chardonnay_3,2026-05-15T06:00:00,7.49,83.01,911.7,4.41
Cuartel_Chardonnay_3,2026-05-15T07:00:00,9.33,74.39,911.9,4.71
Cuartel_Chardonnay_3,2026-05-15T08:00:00,11.97,63.42,911.8,5.06
Cuartel_Chardonnay_3,2026-05-15T09:00:00,14.65,52.34,911.3,4.84
Cuartel_Chardonnay_3,2026-05-15T10:00:00,17.28,43.03,910.6,4.47
Cuartel_Chardonnay_3,2026-05-15T11:00:00,19.31,36.68,909.6,4.05
Cuartel_Chardonnay_3,2026-05-15T12:00:00,20.55,33.45,908.7,3.84
Cuartel_Chardonnay_3,2026-05-15T13:00:00,21.15,31.58,908.1,3.56
Cuartel_Chardonnay_3,2026-05-15T14:00:00,20.97,31.17,908.1,3.24
Cuartel_Chardonnay_3,2026-05-15T15:00:00,19.73,33.73,908.6,3.28
Cuartel_Chardonnay_3,2026-05-15T16:00:00,16.73,43.27,909.3,4.12
Cuartel_Chardonnay_3,2026-05-15T17:00:00,14.3,54.2,910.4,5.12
Cuartel_Chardonnay_3,2026-05-15T18:00:00,12.8,61.98,911.2,5.63
Cuartel_Chardonnay_3,2026-05-15T19:00:00,11.74,66.49,911.7,5.62
Cuartel_Chardonnay_3,2026-05-15T20:00:00,11.06,68.36,911.8,5.34
Cuartel_Chardonnay_3,2026-05-15T21:00:00,10.42,69.38,911.9,4.93
Cuartel_Chardonnay_3,2026-05-15T22:00:00,9.81,70.0,912.1,4.47
Cuartel_Chardonnay_3,2026-05-15T23:00:00,9.05,71.56,912.4,4.06
Cuartel_Chardonnay_3,2026-05-16T00:00:00,8.26,73.93,912.9,3.82
Cuartel_Chardonnay_3,2026-05-16T01:00:00,7.58,76.49,913.3,3.68
Cuartel_Chardonnay_3,2026-05-16T02:00:00,7.2,78.26,913.8,3.64
Cuartel_Chardonnay_3,2026-05-16T03:00:00,6.77,80.07,914.5,3.53
Cuartel_Chardonnay_3,2026-05-16T04:00:00,6.26,80.55,915.3,3.16
Cuartel_Chardonnay_3,2026-05-16T05:00:00,5.75,79.87,916.2,2.54
Cuartel_Chardonnay_3,2026-05-16T06:00:00,5.52,78.16,917.2,2.02
Cuartel_Chardonnay_3,2026-05-16T07:00:00,5.92,74.36,918.0,1.73
Cuartel_Chardonnay_3,2026-05-16T08:00:00,6.99,68.67,918.6,1.64
Cuartel_Chardonnay_3,2026-05-16T09:00:00,8.08,64.18,919.0,1.73
Cuartel_Chardonnay_3,2026-05-16T10:00:00,8.74,61.63,919.0,1.78
Cuartel_Chardonnay_3,2026-05-16T11:00:00,9.09,59.78,918.6,1.69
Cuartel_Chardonnay_3,2026-05-16T12:00:00,9.4,58.01,918.0,1.55
Cuartel_Chardonnay_3,2026-05-16T13:00:00,9.5,57.1,917.6,1.43
Cuartel_Chardonnay_3,2026-05-16T14:00:00,9.2,57.65,917.8,1.29
Cuartel_Chardonnay_3,2026-05-16T15:00:00,8.38,60.17,918.3,1.11
Cuartel_Chardonnay_3,2026-05-16T16:00:00,7.1,64.99,919.1,0.97
Cuartel_Chardonnay_3,2026-05-16T17:00:00,5.75,70.93,920.1,0.89
Cuartel_Chardonnay_3,2026-05-16T18:00:00,4.98,73.71,920.8,0.68
Cuartel_Chardonnay_3,2026-05-16T19:00:00,4.12,77.07,921.3,0.46
Cuartel_Chardonnay_3,2026-05-16T20:00:00,3.74,78.24,921.4,0.31
Cuartel_Chardonnay_3,2026-05-16T21:00:00,3.47,79.37,921.4,0.25
Cuartel_Chardonnay_3,2026-05-16T22:00:00,3.27,80.68,921.3,0.27
Cuartel_Chardonnay_3,2026-05-16T23:00:00,3.11,81.78,921.1,0.28
Cuartel_Chardonnay_3,2026-05-17T00:00:00,2.93,82.62,921.0,0.24
Cuartel_Chardonnay_3,2026-05-17T01:00:00,2.86,82.43,920.9,0.15
Cuartel_Chardonnay_3,2026-05-17T02:00:00,2.68,82.47,920.5,-0.01
Cuartel_Chardonnay_3,2026-05-17T03:00:00,2.22,83.94,920.1,-0.25
Cuartel_Chardonnay_3,2026-05-17T04:00:00,1.79,85.26,919.7,-0.52
Cuartel_Chardonnay_3,2026-05-17T05:00:00,1.33,86.82,919.8,-0.76
Cuartel_Chardonnay_3,2026-05-17T06:00:00,1.18,86.49,920.4,-0.96
Cuartel_Chardonnay_3,2026-05-17T07:00:00,4.04,71.16,921.0,-0.8
Cuartel_Chardonnay_3,2026-05-17T08:00:00,7.07,55.92,921.3,-1.15
Cuartel_Chardonnay_3,2026-05-17T09:00:00,9.14,48.19,921.4,-1.24
Cuartel_Chardonnay_3,2026-05-17T10:00:00,10.7,43.17,921.2,-1.3
Cuartel_Chardonnay_3,2026-05-17T11:00:00,11.99,38.66,920.7,-1.63
Cuartel_Chardonnay_3,2026-05-17T12:00:00,12.95,34.89,920.1,-2.15
Cuartel_Chardonnay_3,2026-05-17T13:00:00,13.44,32.35,919.7,-2.72
Cuartel_Chardonnay_3,2026-05-17T14:00:00,13.37,31.25,919.6,-3.24
Cuartel_Chardonnay_3,2026-05-17T15:00:00,12.6,32.16,919.9,-3.51
Cuartel_Chardonnay_3,2026-05-17T16:00:00,9.15,43.03,920.4,-2.7
Cuartel_Chardonnay_3,2026-05-17T17:00:00,6.82,49.11,920.8,-3.05
Cuartel_Chardonnay_3,2026-05-17T18:00:00,6.08,51.23,921.2,-3.14
Cuartel_Chardonnay_3,2026-05-17T19:00:00,5.49,53.54,921.3,-3.14
Cuartel_Chardonnay_3,2026-05-17T20:00:00,5.08,55.08,921.2,-3.11
Cuartel_Chardonnay_3,2026-05-17T21:00:00,4.69,56.93,921.0,-3.05
Cuartel_Chardonnay_3,2026-05-17T22:00:00,4.26,58.66,920.8,-3.03
Cuartel_Chardonnay_3,2026-05-17T23:00:00,3.78,60.48,920.6,-3.07
Cuartel_Chardonnay_3,2026-05-18T00:00:00,3.27,62.31,920.5,-3.15
Cuartel_Chardonnay_3,2026-05-18T01:00:00,2.86,63.74,920.3,-3.26
Cuartel_Chardonnay_3,2026-05-18T02:00:00,2.67,64.0,920.1,-3.36
Cuartel_Chardonnay_3,2026-05-18T03:00:00,2.6,63.89,919.7,-3.45
Cuartel_Chardonnay_3,2026-05-18T04:00:00,2.43,64.45,919.4,-3.52
Cuartel_Chardonnay_3,2026-05-18T05:00:00,2.15,65.33,919.4,-3.63
Cuartel_Chardonnay_3,2026-05-18T06:00:00,2.09,65.0,919.6,-3.82
Cuartel_Chardonnay_3,2026-05-18T07:00:00,4.76,55.37,919.7,-3.42
Cuartel_Chardonnay_3,2026-05-18T08:00:00,8.2,44.49,919.6,-3.24
Cuartel_Chardonnay_3,2026-05-18T09:00:00,11.76,36.31,919.2,-2.78
Cuartel_Chardonnay_3,2026-05-18T10:00:00,14.86,30.42,918.5,-2.41
Cuartel_Chardonnay_3,2026-05-18T11:00:00,16.87,26.57,917.5,-2.46
Cuartel_Chardonnay_3,2026-05-18T12:00:00,18.06,24.12,916.4,-2.73
Cuartel_Chardonnay_3,2026-05-18T13:00:00,18.47,22.87,915.7,-3.04
Cuartel_Chardonnay_3,2026-05-18T14:00:00,18.14,22.99,915.5,-3.23
Cuartel_Chardonnay_3,2026-05-18T15:00:00,16.92,24.83,915.5,-3.25
Cuartel_Chardonnay_3,2026-05-18T16:00:00,12.89,33.38,915.5,-2.78
Cuartel_Chardonnay_3,2026-05-18T17:00:00,10.13,39.49,915.7,-2.97
Cuartel_Chardonnay_3,2026-05-18T18:00:00,9.02,41.8,916.1,-3.21
Cuartel_Chardonnay_3,2026-05-18T19:00:00,8.3,42.96,916.2,-3.55
Cuartel_Chardonnay_3,2026-05-18T20:00:00,7.54,44.82,916.2,-3.79
Cuartel_Chardonnay_3,2026-05-18T21:00:00,6.42,48.09,916.1,-3.94
Cuartel_Chardonnay_3,2026-05-18T22:00:00,5.62,50.18,916.1,-4.21
Cuartel_Chardonnay_3,2026-05-18T23:00:00,5.22,50.93,916.1,-4.53
Cuartel_Chardonnay_3,2026-05-19T00:00:00,5.1,50.35,915.9,-4.93
Cuartel_Chardonnay_3,2026-05-19T01:00:00,5.09,49.37,915.7,-5.3
Cuartel_Chardonnay_3,2026-05-19T02:00:00,4.99,48.53,915.5,-5.66
Cuartel_Chardonnay_3,2026-05-19T03:00:00,4.5,49.52,915.4,-5.85
Cuartel_Chardonnay_3,2026-05-19T04:00:00,4.12,50.14,915.4,-6.03
Cuartel_Chardonnay_3,2026-05-19T05:00:00,3.84,50.79,915.6,-6.22
Cuartel_Chardonnay_3,2026-05-19T06:00:00,3.75,51.14,916.1,-6.24
Cuartel_Chardonnay_3,2026-05-19T07:00:00,6.48,44.57,916.6,-5.1
Cuartel_Chardonnay_3,2026-05-19T08:00:00,10.07,37.08,917.0,-4.11
Cuartel_Chardonnay_3,2026-05-19T09:00:00,12.94,30.29,917.4,-4.49
Cuartel_Chardonnay_3,2026-05-19T10:00:00,15.3,27.26,917.5,-3.74
Cuartel_Chardonnay_3,2026-05-19T11:00:00,17.14,25.06,917.2,-3.17
Cuartel_Chardonnay_3,2026-05-19T12:00:00,18.4,23.34,916.7,-2.97
Cuartel_Chardonnay_3,2026-05-19T13:00:00,19.04,22.28,916.3,-3.01
Cuartel_Chardonnay_3,2026-05-19T14:00:00,18.96,22.12,916.1,-3.13
Cuartel_Chardonnay_3,2026-05-19T15:00:00,17.7,24.45,916.3,-2.82
Cuartel_Chardonnay_3,2026-05-19T16:00:00,12.71,36.31,916.7,-1.83
Cuartel_Chardonnay_3,2026-05-19T17:00:00,10.49,39.78,917.4,-2.54
Cuartel_Chardonnay_3,2026-05-19T18:00:00,9.83,41.37,918.2,-2.61
Cuartel_Chardonnay_3,2026-05-19T19:00:00,10.22,39.85,918.8,-2.77
Cuartel_Chardonnay_3,2026-05-19T20:00:00,10.51,38.64,919.1,-2.91
Cuartel_Chardonnay_3,2026-05-19T21:00:00,9.43,41.54,919.1,-2.91
Cuartel_Chardonnay_3,2026-05-19T22:00:00,7.55,47.2,919.3,-2.91
Cuartel_Chardonnay_3,2026-05-19T23:00:00,6.13,52.06,919.6,-2.92
Cuartel_Chardonnay_3,2026-05-20T00:00:00,5.39,54.49,919.9,-2.97
Cuartel_Chardonnay_3,2026-05-20T01:00:00,4.95,55.69,920.1,-3.12
Cuartel_Chardonnay_3,2026-05-20T02:00:00,4.67,56.11,920.3,-3.28
Cuartel_Chardonnay_3,2026-05-20T03:00:00,4.43,56.72,920.5,-3.37
Cuartel_Chardonnay_3,2026-05-20T04:00:00,4.13,57.96,921.0,-3.36
Cuartel_Chardonnay_3,2026-05-20T05:00:00,3.92,58.49,921.6,-3.47
Cuartel_Chardonnay_3,2026-05-20T06:00:00,3.99,57.51,922.2,-3.62
Cuartel_Chardonnay_3,2026-05-20T07:00:00,7.54,46.12,922.6,-3.28
Cuartel_Chardonnay_3,2026-05-20T08:00:00,11.14,35.53,922.8,-3.47
Cuartel_Chardonnay_3,2026-05-20T09:00:00,13.5,30.51,922.8,-3.43
Cuartel_Chardonnay_3,2026-05-20T10:00:00,15.17,27.63,922.3,-3.33
Cuartel_Chardonnay_3,2026-05-20T11:00:00,16.27,25.73,921.6,-3.31
Cuartel_Chardonnay_3,2026-05-20T12:00:00,16.79,24.8,920.8,-3.36
Cuartel_Chardonnay_3,2026-05-20T13:00:00,16.83,24.72,920.4,-3.38
Cuartel_Chardonnay_3,2026-05-20T14:00:00,16.35,25.41,920.4,-3.41
Cuartel_Chardonnay_3,2026-05-20T15:00:00,15.2,27.87,920.5,-3.16
Cuartel_Chardonnay_3,2026-05-20T16:00:00,11.24,38.2,920.8,-2.43
Cuartel_Chardonnay_3,2026-05-20T17:00:00,9.02,44.08,921.2,-2.51
Cuartel_Chardonnay_3,2026-05-20T18:00:00,8.72,45.01,921.6,-2.47
Cuartel_Chardonnay_3,2026-05-20T19:00:00,9.01,44.02,921.9,-2.51
Cuartel_Chardonnay_3,2026-05-20T20:00:00,8.52,45.37,921.9,-2.56
Cuartel_Chardonnay_3,2026-05-20T21:00:00,7.82,47.86,921.8,-2.5
Cuartel_Chardonnay_3,2026-05-20T22:00:00,7.34,48.87,921.7,-2.65
Cuartel_Chardonnay_3,2026-05-20T23:00:00,6.99,49.74,921.3,-2.75
Cuartel_Chardonnay_3,2026-05-21T00:00:00,6.6,50.91,920.7,-2.81
Cuartel_Chardonnay_3,2026-05-21T01:00:00,6.27,51.89,920.1,-2.87
Cuartel_Chardonnay_3,2026-05-21T02:00:00,6.15,52.29,919.5,-2.89
Cuartel_Chardonnay_3,2026-05-21T03:00:00,5.98,53.53,919.3,-2.79
Cuartel_Chardonnay_3,2026-05-21T04:00:00,5.65,56.06,919.3,-2.47
Cuartel_Chardonnay_3,2026-05-21T05:00:00,5.41,58.83,919.7,-2.06
Cuartel_Chardonnay_3,2026-05-21T06:00:00,5.25,61.35,920.3,-1.68
Cuartel_Chardonnay_3,2026-05-21T07:00:00,6.09,59.48,920.8,-1.27
Cuartel_Chardonnay_3,2026-05-21T08:00:00,7.98,54.19,921.3,-0.76
Cuartel_Chardonnay_3,2026-05-21T09:00:00,9.76,49.15,921.3,-0.43
Cuartel_Chardonnay_3,2026-05-21T10:00:00,10.92,45.79,920.8,-0.3
Cuartel_Chardonnay_3,2026-05-21T11:00:00,12.04,43.63,920.0,0.06
Cuartel_Chardonnay_3,2026-05-21T12:00:00,13.67,40.87,919.1,0.61
Cuartel_Chardonnay_3,2026-05-21T13:00:00,15.02,37.85,918.4,0.75
Cuartel_Chardonnay_3,2026-05-21T14:00:00,15.27,36.98,918.1,0.67
Cuartel_Chardonnay_3,2026-05-21T15:00:00,14.42,38.97,918.2,0.65
Cuartel_Chardonnay_3,2026-05-21T16:00:00,11.2,48.7,918.4,0.82
Cuartel_Chardonnay_3,2026-05-21T17:00:00,8.3,59.6,919.0,0.92
Cuartel_Chardonnay_3,2026-05-21T18:00:00,7.31,63.95,919.5,0.97
Cuartel_Chardonnay_3,2026-05-21T19:00:00,6.83,66.11,919.8,0.97
Cuartel_Chardonnay_3,2026-05-21T20:00:00,6.59,67.2,919.7,0.97
Cuartel_Chardonnay_3,2026-05-21T21:00:00,5.84,71.22,919.3,1.01
Cuartel_Chardonnay_3,2026-05-21T22:00:00,5.04,75.27,919.0,1.01
Cuartel_Chardonnay_3,2026-05-21T23:00:00,4.41,78.46,918.8,0.96
Cuartel_Chardonnay_3,2026-05-22T00:00:00,3.79,81.76,918.5,0.9
Cuartel_Chardonnay_3,2026-05-22T01:00:00,3.31,83.8,918.4,0.77
Cuartel_Chardonnay_3,2026-05-22T02:00:00,2.98,84.81,918.3,0.59
Cuartel_Chardonnay_3,2026-05-22T03:00:00,2.76,84.97,918.4,0.38
Cuartel_Chardonnay_3,2026-05-22T04:00:00,2.59,84.23,918.7,0.09
Cuartel_Chardonnay_3,2026-05-22T05:00:00,2.44,83.56,919.1,-0.21
Cuartel_Chardonnay_3,2026-05-22T06:00:00,2.44,81.97,919.4,-0.49
Cuartel_Chardonnay_3,2026-05-22T07:00:00,4.89,68.98,919.6,-0.44
Cuartel_Chardonnay_3,2026-05-22T08:00:00,8.31,55.45,919.7,-0.17
Cuartel_Chardonnay_3,2026-05-22T09:00:00,11.35,46.95,919.3,0.37
Cuartel_Chardonnay_3,2026-05-22T10:00:00,13.86,41.36,918.7,0.91
Cuartel_Chardonnay_3,2026-05-22T11:00:00,16.05,37.01,917.7,1.33
Cuartel_Chardonnay_3,2026-05-22T12:00:00,17.5,34.45,916.7,1.64
Cuartel_Chardonnay_3,2026-05-22T13:00:00,18.0,34.06,916.0,1.94
Cuartel_Chardonnay_3,2026-05-22T14:00:00,17.71,35.19,915.7,2.15
Cuartel_Chardonnay_3,2026-05-22T15:00:00,16.54,38.36,915.8,2.32
Cuartel_Chardonnay_3,2026-05-22T16:00:00,12.94,49.3,916.2,2.58
Cuartel_Chardonnay_3,2026-05-22T17:00:00,10.41,58.89,916.7,2.73
Cuartel_Chardonnay_3,2026-05-22T18:00:00,9.26,64.4,917.2,2.91
Cuartel_Chardonnay_3,2026-05-22T19:00:00,8.43,68.67,917.4,3.01
Cuartel_Chardonnay_3,2026-05-22T20:00:00,7.73,72.56,917.2,3.09
Cuartel_Chardonnay_3,2026-05-22T21:00:00,6.8,77.91,917.1,3.17
Cuartel_Chardonnay_3,2026-05-22T22:00:00,5.8,83.63,917.0,3.19
Cuartel_Chardonnay_3,2026-05-22T23:00:00,5.14,87.23,917.0,3.11
Cuartel_Chardonnay_3,2026-05-23T00:00:00,4.73,89.23,916.9,2.98
Cuartel_Chardonnay_3,2026-05-23T01:00:00,4.14,92.43,916.5,2.82
Cuartel_Chardonnay_3,2026-05-23T02:00:00,4.13,90.66,916.0,2.5
Cuartel_Chardonnay_3,2026-05-23T03:00:00,4.03,88.2,915.6,1.94
Cuartel_Chardonnay_3,2026-05-23T04:00:00,3.98,85.07,915.3,1.35
Cuartel_Chardonnay_3,2026-05-23T05:00:00,3.98,83.43,915.1,1.02
Cuartel_Chardonnay_3,2026-05-23T06:00:00,3.99,83.21,915.3,0.94
Cuartel_Chardonnay_3,2026-05-23T07:00:00,5.75,74.56,915.6,1.22
Cuartel_Chardonnay_3,2026-05-23T08:00:00,7.97,65.52,915.6,1.57
Cuartel_Chardonnay_3,2026-05-23T09:00:00,10.01,58.14,915.3,1.83
Cuartel_Chardonnay_3,2026-05-23T10:00:00,12.73,49.3,914.6,2.13
Cuartel_Chardonnay_3,2026-05-23T11:00:00,15.08,42.27,913.5,2.22
Cuartel_Chardonnay_3,2026-05-23T12:00:00,16.9,37.35,912.3,2.17
Cuartel_Chardonnay_3,2026-05-23T13:00:00,17.72,35.22,911.6,2.14
Cuartel_Chardonnay_3,2026-05-23T14:00:00,17.54,35.69,911.4,2.17
Cuartel_Chardonnay_3,2026-05-23T15:00:00,16.19,39.61,911.7,2.45
Cuartel_Chardonnay_3,2026-05-23T16:00:00,13.21,49.27,912.0,2.82
Cuartel_Chardonnay_3,2026-05-23T17:00:00,11.07,57.53,912.4,2.99
Cuartel_Chardonnay_3,2026-05-23T18:00:00,9.54,63.39,912.9,2.88
Cuartel_Chardonnay_3,2026-05-23T19:00:00,8.34,68.48,912.9,2.75
Cuartel_Chardonnay_3,2026-05-23T20:00:00,7.38,72.97,912.9,2.61
Cuartel_Chardonnay_3,2026-05-23T21:00:00,6.42,77.5,913.0,2.39
Cuartel_Chardonnay_3,2026-05-23T22:00:00,5.49,81.84,912.9,2.1
Cuartel_Chardonnay_3,2026-05-23T23:00:00,4.75,84.78,912.6,1.66
Cuartel_Chardonnay_3,2026-05-24T00:00:00,4.36,85.17,912.2,1.18
Cuartel_Chardonnay_3,2026-05-24T01:00:00,4.24,82.87,912.0,0.56
Cuartel_Chardonnay_3,2026-05-24T02:00:00,3.9,81.78,911.6,-0.02
Cuartel_Chardonnay_3,2026-05-24T03:00:00,3.58,81.77,911.3,-0.36
Cuartel_Chardonnay_3,2026-05-24T04:00:00,3.79,80.74,911.2,-0.31
Cuartel_Chardonnay_3,2026-05-24T05:00:00,4.27,79.52,911.8,-0.01
Cuartel_Chardonnay_3,2026-05-24T06:00:00,4.75,77.8,912.5,0.2
Cuartel_Chardonnay_3,2026-05-24T07:00:00,5.9,71.55,913.1,0.38
Cuartel_Chardonnay_3,2026-05-24T08:00:00,9.01,56.72,913.5,0.19
Cuartel_Chardonnay_3,2026-05-24T09:00:00,10.97,50.53,913.7,0.63
Cuartel_Chardonnay_3,2026-05-24T10:00:00,12.1,44.81,913.5,-0.05
Cuartel_Chardonnay_3,2026-05-24T11:00:00,13.24,39.83,912.9,-0.62
Cuartel_Chardonnay_3,2026-05-24T12:00:00,13.82,37.76,912.0,-0.81
Cuartel_Chardonnay_3,2026-05-24T13:00:00,13.95,38.06,911.5,-0.55
Cuartel_Chardonnay_3,2026-05-24T14:00:00,14.3,38.37,911.6,-0.07
Cuartel_Chardonnay_3,2026-05-24T15:00:00,14.04,41.22,911.9,0.75
Cuartel_Chardonnay_3,2026-05-24T16:00:00,10.3,56.84,912.4,1.91
Cuartel_Chardonnay_3,2026-05-24T17:00:00,9.12,63.72,913.1,2.44
Cuartel_Chardonnay_3,2026-05-24T18:00:00,8.87,65.47,913.5,2.58
Cuartel_Chardonnay_3,2026-05-24T19:00:00,8.27,68.06,913.6,2.52
Cuartel_Chardonnay_3,2026-05-24T20:00:00,7.06,73.05,913.6,2.32
Cuartel_Chardonnay_3,2026-05-24T21:00:00,6.21,76.53,913.6,2.11
Cuartel_Chardonnay_3,2026-05-24T22:00:00,5.74,77.96,913.7,1.82
Cuartel_Chardonnay_3,2026-05-24T23:00:00,5.5,78.31,913.8,1.52
Cuartel_Chardonnay_3,2026-05-25T00:00:00,5.14,79.97,913.9,1.36
Cuartel_Chardonnay_3,2026-05-25T01:00:00,4.69,81.65,913.7,1.14
Cuartel_Chardonnay_3,2026-05-25T02:00:00,4.28,82.43,913.6,0.77
Cuartel_Chardonnay_3,2026-05-25T03:00:00,3.98,82.03,913.5,0.3
Cuartel_Chardonnay_3,2026-05-25T04:00:00,3.79,81.14,913.7,-0.14
Cuartel_Chardonnay_3,2026-05-25T05:00:00,3.67,80.4,914.1,-0.41
Cuartel_Chardonnay_3,2026-05-25T06:00:00,3.74,79.14,914.7,-0.53
Cuartel_Chardonnay_3,2026-05-25T07:00:00,6.51,67.41,915.4,0.22
Cuartel_Chardonnay_3,2026-05-25T08:00:00,9.68,59.36,915.9,1.63
Cuartel_Chardonnay_3,2026-05-25T09:00:00,12.57,52.51,916.0,2.82
Cuartel_Chardonnay_3,2026-05-25T10:00:00,15.18,44.55,915.6,3.0
Cuartel_Chardonnay_3,2026-05-25T11:00:00,17.05,38.9,914.8,2.88
Cuartel_Chardonnay_3,2026-05-25T12:00:00,18.07,36.45,914.0,2.9
Cuartel_Chardonnay_3,2026-05-25T13:00:00,18.51,35.57,913.5,2.98
Cuartel_Chardonnay_3,2026-05-25T14:00:00,18.35,36.35,913.5,3.15
Cuartel_Chardonnay_3,2026-05-25T15:00:00,17.33,39.66,913.9,3.48
Cuartel_Chardonnay_3,2026-05-25T16:00:00,13.4,52.6,914.5,3.92
Cuartel_Chardonnay_3,2026-05-25T17:00:00,11.18,62.02,915.2,4.18
Cuartel_Chardonnay_3,2026-05-25T18:00:00,10.49,65.67,915.9,4.35
Cuartel_Chardonnay_3,2026-05-25T19:00:00,9.95,68.35,916.2,4.38
Cuartel_Chardonnay_3,2026-05-25T20:00:00,9.47,70.48,916.3,4.32
Cuartel_Chardonnay_3,2026-05-25T21:00:00,8.81,73.03,916.2,4.17
Cuartel_Chardonnay_3,2026-05-25T22:00:00,8.14,75.33,916.0,3.93
Cuartel_Chardonnay_3,2026-05-25T23:00:00,7.5,77.26,915.8,3.61
Cuartel_Chardonnay_3,2026-05-26T00:00:00,7.05,77.91,915.5,3.23
Cuartel_Chardonnay_3,2026-05-26T01:00:00,6.82,77.79,915.2,2.89
Cuartel_Chardonnay_3,2026-05-26T02:00:00,6.47,79.05,914.8,2.69
Cuartel_Chardonnay_3,2026-05-26T03:00:00,6.24,79.99,914.6,2.53
Cuartel_Chardonnay_3,2026-05-26T04:00:00,5.96,82.03,914.6,2.52
Cuartel_Chardonnay_3,2026-05-26T05:00:00,5.73,84.18,915.0,2.58
Cuartel_Chardonnay_3,2026-05-26T06:00:00,6.06,82.47,915.4,2.52
Cuartel_Chardonnay_3,2026-05-26T07:00:00,8.05,73.47,915.8,2.92
Cuartel_Chardonnay_3,2026-05-26T08:00:00,11.1,62.74,916.0,3.8
Cuartel_Chardonnay_3,2026-05-26T09:00:00,14.65,50.15,915.9,3.99
Cuartel_Chardonnay_3,2026-05-26T10:00:00,17.93,40.38,915.4,4.09
Cuartel_Chardonnay_3,2026-05-26T11:00:00,19.87,34.85,914.4,3.82
Cuartel_Chardonnay_3,2026-05-26T12:00:00,20.91,32.41,913.3,3.74
Cuartel_Chardonnay_3,2026-05-26T13:00:00,21.15,32.14,912.5,3.85
Cuartel_Chardonnay_3,2026-05-26T14:00:00,20.82,33.2,912.2,4.05
Cuartel_Chardonnay_3,2026-05-26T15:00:00,19.68,36.45,912.2,4.37
Cuartel_Chardonnay_3,2026-05-26T16:00:00,15.51,48.43,912.5,4.69
Cuartel_Chardonnay_3,2026-05-26T17:00:00,12.95,57.49,912.9,4.78
Cuartel_Chardonnay_3,2026-05-26T18:00:00,11.72,62.48,913.5,4.8
Cuartel_Chardonnay_3,2026-05-26T19:00:00,10.9,65.88,913.8,4.75
Cuartel_Chardonnay_3,2026-05-26T20:00:00,10.06,69.66,913.5,4.7
Cuartel_Chardonnay_3,2026-05-26T21:00:00,9.06,74.48,913.3,4.67
Cuartel_Chardonnay_3,2026-05-26T22:00:00,8.3,78.39,913.0,4.6
Cuartel_Chardonnay_3,2026-05-26T23:00:00,7.86,80.48,912.7,4.5
Cuartel_Chardonnay_3,2026-05-27T00:00:00,7.43,82.99,912.4,4.47
Cuartel_Chardonnay_3,2026-05-27T01:00:00,7.02,85.46,912.0,4.4
Cuartel_Chardonnay_3,2026-05-27T02:00:00,6.63,87.45,911.6,4.31
Cuartel_Chardonnay_3,2026-05-27T03:00:00,6.65,86.41,911.3,4.09
Cuartel_Chardonnay_3,2026-05-27T04:00:00,6.63,84.75,911.4,3.72
Cuartel_Chardonnay_3,2026-05-27T05:00:00,6.58,83.59,911.8,3.38
Cuartel_Chardonnay_3,2026-05-27T06:00:00,6.9,80.34,912.3,3.07
Cuartel_Chardonnay_3,2026-05-27T07:00:00,8.05,74.83,912.6,3.31
Cuartel_Chardonnay_3,2026-05-27T08:00:00,10.5,65.74,912.6,3.99
Cuartel_Chardonnay_3,2026-05-27T09:00:00,13.61,52.97,912.3,3.73
Cuartel_Chardonnay_3,2026-05-27T10:00:00,16.69,43.12,911.7,3.52
Cuartel_Chardonnay_3,2026-05-27T11:00:00,18.87,38.14,910.6,3.82
Cuartel_Chardonnay_3,2026-05-27T12:00:00,20.49,34.8,909.4,4.06
Cuartel_Chardonnay_3,2026-05-27T13:00:00,21.46,33.04,908.6,4.25
Cuartel_Chardonnay_3,2026-05-27T14:00:00,21.41,33.99,908.3,4.69
Cuartel_Chardonnay_3,2026-05-27T15:00:00,20.17,38.35,908.7,5.42
Cuartel_Chardonnay_3,2026-05-27T16:00:00,16.04,52.29,909.1,6.21
Cuartel_Chardonnay_3,2026-05-27T17:00:00,14.24,60.17,909.7,6.53
Cuartel_Chardonnay_3,2026-05-27T18:00:00,13.6,63.14,910.2,6.53
Cuartel_Chardonnay_3,2026-05-27T19:00:00,12.54,68.2,910.6,6.56
Cuartel_Chardonnay_3,2026-05-27T20:00:00,11.35,73.89,910.7,6.47
Cuartel_Chardonnay_3,2026-05-27T21:00:00,10.27,79.17,910.7,6.28
Cuartel_Chardonnay_3,2026-05-27T22:00:00,9.73,81.61,910.8,6.1
Cuartel_Chardonnay_3,2026-05-27T23:00:00,9.61,81.89,910.7,5.92
Cuartel_Chardonnay_3,2026-05-28T00:00:00,9.28,82.97,910.5,5.71
Cuartel_Chardonnay_3,2026-05-28T01:00:00,9.15,82.31,910.3,5.42
Cuartel_Chardonnay_3,2026-05-28T02:00:00,9.28,79.96,910.2,5.13
Cuartel_Chardonnay_3,2026-05-28T03:00:00,9.33,78.7,910.1,5.0
Cuartel_Chardonnay_3,2026-05-28T04:00:00,9.19,78.59,910.3,4.93
Cuartel_Chardonnay_3,2026-05-28T05:00:00,9.05,78.37,910.8,4.82
Cuartel_Chardonnay_3,2026-05-28T06:00:00,8.99,77.98,911.4,4.73
Cuartel_Chardonnay_3,2026-05-28T07:00:00,9.42,76.41,911.9,4.93
Cuartel_Chardonnay_3,2026-05-28T08:00:00,10.15,74.32,912.4,5.34
Cuartel_Chardonnay_3,2026-05-28T09:00:00,10.97,72.17,912.8,5.79
Cuartel_Chardonnay_3,2026-05-28T10:00:00,11.93,67.83,912.8,5.85
Cuartel_Chardonnay_3,2026-05-28T11:00:00,13.09,61.88,912.7,5.6
Cuartel_Chardonnay_3,2026-05-28T12:00:00,14.11,57.62,912.4,5.55
Cuartel_Chardonnay_3,2026-05-28T13:00:00,14.8,55.71,912.5,5.75
Cuartel_Chardonnay_3,2026-05-28T14:00:00,15.33,54.78,912.8,6.06
Cuartel_Chardonnay_3,2026-05-28T15:00:00,15.03,57.93,913.3,6.64
Cuartel_Chardonnay_3,2026-05-28T16:00:00,11.64,75.73,914.1,7.4
Cuartel_Chardonnay_3,2026-05-28T17:00:00,10.05,86.52,915.0,7.83
Cuartel_Chardonnay_3,2026-05-28T18:00:00,9.5,89.86,915.9,7.8
Cuartel_Chardonnay_3,2026-05-28T19:00:00,8.95,92.41,916.4,7.61
Cuartel_Chardonnay_3,2026-05-28T20:00:00,8.47,93.25,916.6,7.2
Cuartel_Chardonnay_3,2026-05-28T21:00:00,8.53,88.8,916.7,6.45
Cuartel_Chardonnay_3,2026-05-28T22:00:00,8.61,84.8,916.7,5.73
Cuartel_Chardonnay_3,2026-05-28T23:00:00,8.54,83.76,916.8,5.43
Cuartel_Chardonnay_3,2026-05-29T00:00:00,8.3,84.06,916.8,5.22
Cuartel_Chardonnay_3,2026-05-29T01:00:00,8.12,83.06,916.7,4.83
Cuartel_Chardonnay_3,2026-05-29T02:00:00,7.97,81.86,916.7,4.39
Cuartel_Chardonnay_3,2026-05-29T03:00:00,7.94,80.25,916.7,3.99
Cuartel_Chardonnay_3,2026-05-29T04:00:00,8.09,78.24,916.9,3.74
Cuartel_Chardonnay_3,2026-05-29T05:00:00,8.25,78.1,917.3,3.88
Cuartel_Chardonnay_3,2026-05-29T06:00:00,8.16,79.57,917.9,4.12
Cuartel_Chardonnay_3,2026-05-29T07:00:00,8.71,77.61,918.4,4.37
Cuartel_Chardonnay_3,2026-05-29T08:00:00,10.03,72.94,918.8,4.92
Cuartel_Chardonnay_3,2026-05-29T09:00:00,11.94,65.82,918.8,5.28
Cuartel_Chardonnay_3,2026-05-29T10:00:00,13.71,61.57,918.3,6.07
Cuartel_Chardonnay_3,2026-05-29T11:00:00,15.5,58.29,917.5,7.05
Cuartel_Chardonnay_3,2026-05-29T12:00:00,17.37,54.41,916.5,7.9
Cuartel_Chardonnay_3,2026-05-29T13:00:00,18.71,51.12,915.7,8.31
Cuartel_Chardonnay_3,2026-05-29T14:00:00,19.02,50.58,915.3,8.5
Cuartel_Chardonnay_3,2026-05-29T15:00:00,18.22,53.74,915.4,8.69
Cuartel_Chardonnay_3,2026-05-29T16:00:00,14.51,68.8,915.7,8.85
Cuartel_Chardonnay_3,2026-05-29T17:00:00,12.96,76.42,916.1,8.93
Cuartel_Chardonnay_3,2026-05-29T18:00:00,12.87,76.52,916.5,8.85
Cuartel_Chardonnay_3,2026-05-29T19:00:00,12.61,77.36,916.8,8.73
Cuartel_Chardonnay_3,2026-05-29T20:00:00,12.26,79.06,916.9,8.69
Cuartel_Chardonnay_3,2026-05-29T21:00:00,11.65,82.4,916.8,8.67
Cuartel_Chardonnay_3,2026-05-29T22:00:00,11.02,86.24,916.7,8.69
Cuartel_Chardonnay_3,2026-05-29T23:00:00,10.49,89.57,916.7,8.67
Cuartel_Chardonnay_3,2026-05-30T00:00:00,10.19,91.37,916.6,8.58
Cuartel_Chardonnay_3,2026-05-30T01:00:00,9.95,92.24,916.4,8.38
Cuartel_Chardonnay_3,2026-05-30T02:00:00,9.98,90.84,916.2,8.05
Cuartel_Chardonnay_3,2026-05-30T03:00:00,10.12,88.33,916.0,7.65
Cuartel_Chardonnay_3,2026-05-30T04:00:00,10.17,85.79,915.9,7.17
Cuartel_Chardonnay_3,2026-05-30T05:00:00,10.15,83.57,916.1,6.7
Cuartel_Chardonnay_3,2026-05-30T06:00:00,10.04,81.97,916.5,6.28
Cuartel_Chardonnay_3,2026-05-30T07:00:00,10.71,77.5,916.8,6.22
Cuartel_Chardonnay_3,2026-05-30T08:00:00,12.83,70.23,916.8,6.91
Cuartel_Chardonnay_3,2026-05-30T09:00:00,15.64,62.06,916.5,7.8
Cuartel_Chardonnay_3,2026-05-30T10:00:00,18.5,52.9,915.9,8.27
Cuartel_Chardonnay_3,2026-05-30T11:00:00,20.55,46.15,914.8,8.3
Cuartel_Chardonnay_3,2026-05-30T12:00:00,21.77,42.33,913.8,8.23
Cuartel_Chardonnay_3,2026-05-30T13:00:00,22.32,40.36,913.2,8.11
Cuartel_Chardonnay_3,2026-05-30T14:00:00,22.09,40.76,913.0,8.09
Cuartel_Chardonnay_3,2026-05-30T15:00:00,20.86,44.38,913.2,8.27
Cuartel_Chardonnay_3,2026-05-30T16:00:00,16.92,57.7,913.8,8.54
Cuartel_Chardonnay_3,2026-05-30T17:00:00,14.79,66.7,914.6,8.67
Cuartel_Chardonnay_3,2026-05-30T18:00:00,13.84,70.72,915.4,8.6
Cuartel_Chardonnay_3,2026-05-30T19:00:00,13.1,73.39,916.0,8.36
Cuartel_Chardonnay_3,2026-05-30T20:00:00,12.37,76.61,916.2,8.17
Cuartel_Chardonnay_3,2026-05-30T21:00:00,11.32,81.58,916.4,7.97
Cuartel_Chardonnay_3,2026-05-30T22:00:00,10.43,85.75,916.5,7.66
Cuartel_Chardonnay_3,2026-05-30T23:00:00,9.93,87.69,916.2,7.28
Cuartel_Chardonnay_3,2026-05-31T00:00:00,10.2,84.44,915.8,6.78
Cuartel_Chardonnay_3,2026-05-31T01:00:00,10.61,79.14,915.3,6.07
Cuartel_Chardonnay_3,2026-05-31T02:00:00,10.74,75.03,914.8,5.3
Cuartel_Chardonnay_3,2026-05-31T03:00:00,10.69,72.19,914.4,4.58
Cuartel_Chardonnay_3,2026-05-31T04:00:00,10.35,71.76,914.5,4.08
Cuartel_Chardonnay_3,2026-05-31T05:00:00,9.95,72.06,914.8,3.71
Cuartel_Chardonnay_3,2026-05-31T06:00:00,9.72,71.51,915.1,3.41
Cuartel_Chardonnay_3,2026-05-31T07:00:00,10.74,67.49,915.4,3.94
Cuartel_Chardonnay_3,2026-05-31T08:00:00,13.19,61.96,915.5,5.42
Cuartel_Chardonnay_3,2026-05-31T09:00:00,15.66,53.63,915.5,5.19
Cuartel_Chardonnay_3,2026-05-31T10:00:00,18.18,46.37,915.0,5.63
Cuartel_Chardonnay_3,2026-05-31T11:00:00,19.9,41.86,913.9,6.05
Cuartel_Chardonnay_3,2026-05-31T12:00:00,21.08,38.81,912.8,6.18
Cuartel_Chardonnay_3,2026-05-31T13:00:00,21.68,37.32,912.0,6.28
Cuartel_Chardonnay_3,2026-05-31T14:00:00,21.49,38.03,911.6,6.48
Cuartel_Chardonnay_3,2026-05-31T15:00:00,20.27,41.55,911.9,6.74
Cuartel_Chardonnay_3,2026-05-31T16:00:00,16.24,54.57,912.4,7.06
Cuartel_Chardonnay_3,2026-05-31T17:00:00,15.34,58.18,913.0,7.16
Cuartel_Chardonnay_3,2026-05-31T18:00:00,15.01,59.31,913.8,7.12
Cuartel_Chardonnay_3,2026-05-31T19:00:00,14.41,62.4,914.3,7.24
Cuartel_Chardonnay_3,2026-05-31T20:00:00,13.49,67.77,914.7,7.52
Cuartel_Chardonnay_3,2026-05-31T21:00:00,12.61,73.3,914.8,7.77
Cuartel_Chardonnay_3,2026-05-31T22:00:00,11.92,77.76,915.0,7.9
Cuartel_Chardonnay_3,2026-05-31T23:00:00,11.53,80.34,915.2,7.91
Cuartel_Chardonnay_3,2026-06-01T00:00:00,11.25,86.91,908.8,9.14
Cuartel_Chardonnay_3,2026-06-01T01:00:00,11.39,85.34,908.6,9.01
Cuartel_Chardonnay_3,2026-06-01T02:00:00,11.07,86.27,908.3,8.85
Cuartel_Chardonnay_3,2026-06-01T03:00:00,10.49,88.72,908.0,8.69
Cuartel_Chardonnay_3,2026-06-01T04:00:00,9.61,93.36,907.7,8.57
Cuartel_Chardonnay_3,2026-06-01T05:00:00,8.97,96.73,907.9,8.46
Cuartel_Chardonnay_3,2026-06-01T06:00:00,8.45,99.21,908.5,8.33
Cuartel_Chardonnay_3,2026-06-01T07:00:00,8.98,95.77,908.9,8.32
Cuartel_Chardonnay_3,2026-06-01T08:00:00,10.57,88.82,909.2,8.78
Cuartel_Chardonnay_3,2026-06-01T09:00:00,12.06,84.06,909.2,9.45
Cuartel_Chardonnay_3,2026-06-01T10:00:00,13.81,75.85,908.8,9.67
Cuartel_Chardonnay_3,2026-06-01T11:00:00,14.99,69.87,908.1,9.61
Cuartel_Chardonnay_3,2026-06-01T12:00:00,15.46,67.32,907.3,9.51
Cuartel_Chardonnay_3,2026-06-01T13:00:00,15.8,65.67,906.7,9.47
Cuartel_Chardonnay_3,2026-06-01T14:00:00,15.76,65.74,906.4,9.44
Cuartel_Chardonnay_3,2026-06-01T15:00:00,15.29,67.65,906.2,9.42
Cuartel_Chardonnay_3,2026-06-01T16:00:00,14.21,72.46,906.4,9.39
Cuartel_Chardonnay_3,2026-06-01T17:00:00,12.9,78.57,906.9,9.3
Cuartel_Chardonnay_3,2026-06-01T18:00:00,11.98,83.32,907.5,9.24
Cuartel_Chardonnay_3,2026-06-01T19:00:00,11.25,87.59,907.9,9.25
Cuartel_Chardonnay_3,2026-06-01T20:00:00,10.73,91.11,907.8,9.32
Cuartel_Chardonnay_3,2026-06-01T21:00:00,10.39,93.85,907.5,9.42
Cuartel_Chardonnay_3,2026-06-01T22:00:00,10.18,95.95,907.1,9.54
Cuartel_Chardonnay_3,2026-06-01T23:00:00,10.03,98.31,906.9,9.76
Cuartel_Chardonnay_3,2026-06-02T00:00:00,10.04,100.0,906.7,10.04
Cuartel_Chardonnay_3,2026-06-02T01:00:00,10.11,100.0,906.4,10.11
Cuartel_Chardonnay_3,2026-06-02T02:00:00,10.43,98.48,906.1,10.19
Cuartel_Chardonnay_3,2026-06-02T03:00:00,10.46,97.0,905.8,9.99
Cuartel_Chardonnay_3,2026-06-02T04:00:00,10.67,94.41,905.8,9.79
Cuartel_Chardonnay_3,2026-06-02T05:00:00,10.92,92.35,906.2,9.7
Cuartel_Chardonnay_3,2026-06-02T06:00:00,11.02,91.37,907.0,9.64
Cuartel_Chardonnay_3,2026-06-02T07:00:00,11.16,91.04,907.8,9.73
Cuartel_Chardonnay_3,2026-06-02T08:00:00,11.6,90.04,908.1,10.0
Cuartel_Chardonnay_3,2026-06-02T09:00:00,12.44,87.68,908.0,10.44
Cuartel_Chardonnay_3,2026-06-02T10:00:00,13.63,82.0,907.5,10.63
Cuartel_Chardonnay_3,2026-06-02T11:00:00,14.92,76.48,906.9,10.87
Cuartel_Chardonnay_3,2026-06-02T12:00:00,16.14,71.3,906.3,11.02
Cuartel_Chardonnay_3,2026-06-02T13:00:00,17.27,66.47,905.8,11.05
Cuartel_Chardonnay_3,2026-06-02T14:00:00,17.83,64.55,905.3,11.14
Cuartel_Chardonnay_3,2026-06-02T15:00:00,17.4,66.67,905.1,11.22
Cuartel_Chardonnay_3,2026-06-02T16:00:00,15.98,73.23,905.4,11.26
Cuartel_Chardonnay_3,2026-06-02T17:00:00,14.43,80.6,905.8,11.16
Cuartel_Chardonnay_3,2026-06-02T18:00:00,13.58,85.12,906.4,11.13
Cuartel_Chardonnay_3,2026-06-02T19:00:00,12.94,88.13,906.8,11.01
Cuartel_Chardonnay_3,2026-06-02T20:00:00,12.27,90.59,907.0,10.75
Cuartel_Chardonnay_3,2026-06-02T21:00:00,11.64,92.59,906.5,10.46
Cuartel_Chardonnay_3,2026-06-02T22:00:00,11.01,94.85,906.1,10.19
Cuartel_Chardonnay_3,2026-06-02T23:00:00,10.52,96.51,905.9,9.97
Cuartel_Chardonnay_3,2026-06-03T00:00:00,10.13,97.65,905.8,9.76
Cuartel_Chardonnay_3,2026-06-03T01:00:00,10.25,95.12,905.7,9.48
Cuartel_Chardonnay_3,2026-06-03T02:00:00,10.58,90.84,905.1,9.12
Cuartel_Chardonnay_3,2026-06-03T03:00:00,10.71,88.67,904.6,8.9
Cuartel_Chardonnay_3,2026-06-03T04:00:00,10.76,87.58,904.5,8.77
Cuartel_Chardonnay_3,2026-06-03T05:00:00,10.73,87.48,905.1,8.72
Cuartel_Chardonnay_3,2026-06-03T06:00:00,10.69,87.26,906.1,8.65
Cuartel_Chardonnay_3,2026-06-03T07:00:00,10.76,87.48,906.8,8.75
Cuartel_Chardonnay_3,2026-06-03T08:00:00,11.17,87.78,907.3,9.21
Cuartel_Chardonnay_3,2026-06-03T09:00:00,12.06,84.31,907.4,9.49
Cuartel_Chardonnay_3,2026-06-03T10:00:00,13.22,76.58,907.1,9.24
Cuartel_Chardonnay_3,2026-06-03T11:00:00,14.5,70.53,906.7,9.27
Cuartel_Chardonnay_3,2026-06-03T12:00:00,15.2,67.4,906.5,9.28
Cuartel_Chardonnay_3,2026-06-03T13:00:00,15.52,66.36,906.6,9.36
Cuartel_Chardonnay_3,2026-06-03T14:00:00,15.47,67.09,906.9,9.47
Cuartel_Chardonnay_3,2026-06-03T15:00:00,14.88,70.3,907.1,9.59
Cuartel_Chardonnay_3,2026-06-03T16:00:00,13.61,76.36,907.5,9.57
Cuartel_Chardonnay_3,2026-06-03T17:00:00,12.24,82.88,908.2,9.42
Cuartel_Chardonnay_3,2026-06-03T18:00:00,11.65,85.59,908.8,9.31
Cuartel_Chardonnay_3,2026-06-03T19:00:00,11.56,85.62,909.3,9.23
Cuartel_Chardonnay_3,2026-06-03T20:00:00,11.36,86.48,909.7,9.18
Cuartel_Chardonnay_3,2026-06-03T21:00:00,10.82,89.21,910.0,9.1
Cuartel_Chardonnay_3,2026-06-03T22:00:00,10.19,92.68,909.8,9.03
Cuartel_Chardonnay_3,2026-06-03T23:00:00,9.82,94.51,909.6,8.96
Cuartel_Chardonnay_3,2026-06-04T00:00:00,9.82,94.16,909.7,8.9
Cuartel_Chardonnay_3,2026-06-04T01:00:00,9.69,95.08,909.4,8.92
Cuartel_Chardonnay_3,2026-06-04T02:00:00,9.5,96.48,908.8,8.95
Cuartel_Chardonnay_3,2026-06-04T03:00:00,9.35,97.5,908.1,8.96
Cuartel_Chardonnay_3,2026-06-04T04:00:00,9.22,98.32,907.7,8.96
Cuartel_Chardonnay_3,2026-06-04T05:00:00,9.1,99.01,907.9,8.95
Cuartel_Chardonnay_3,2026-06-04T06:00:00,9.01,99.67,908.3,8.96
Cuartel_Chardonnay_3,2026-06-04T07:00:00,9.24,98.78,908.6,9.05
Cuartel_Chardonnay_3,2026-06-04T08:00:00,10.79,91.95,908.7,9.51
Cuartel_Chardonnay_3,2026-06-04T09:00:00,12.8,81.87,908.6,9.79
Cuartel_Chardonnay_3,2026-06-04T10:00:00,14.43,72.0,908.0,9.51
Cuartel_Chardonnay_3,2026-06-04T11:00:00,15.46,66.58,907.3,9.35
Cuartel_Chardonnay_3,2026-06-04T12:00:00,16.2,63.07,906.6,9.25
Cuartel_Chardonnay_3,2026-06-04T13:00:00,16.96,59.85,906.3,9.18
Cuartel_Chardonnay_3,2026-06-04T14:00:00,17.31,58.59,906.0,9.19
Cuartel_Chardonnay_3,2026-06-04T15:00:00,16.83,60.47,906.0,9.21
Cuartel_Chardonnay_3,2026-06-04T16:00:00,15.18,66.71,906.3,9.11
Cuartel_Chardonnay_3,2026-06-04T17:00:00,13.29,74.52,906.9,8.91
Cuartel_Chardonnay_3,2026-06-04T18:00:00,12.48,78.95,907.8,8.96
Cuartel_Chardonnay_3,2026-06-04T19:00:00,12.17,81.65,908.4,9.14
Cuartel_Chardonnay_3,2026-06-04T20:00:00,12.17,82.48,908.5,9.28
Cuartel_Chardonnay_3,2026-06-04T21:00:00,12.15,82.66,908.2,9.3
Cuartel_Chardonnay_3,2026-06-04T22:00:00,11.85,84.19,908.1,9.27
Cuartel_Chardonnay_3,2026-06-04T23:00:00,11.38,87.16,908.0,9.31
Cuartel_Chardonnay_3,2026-06-05T00:00:00,10.74,91.07,908.0,9.32
Cuartel_Chardonnay_3,2026-06-05T01:00:00,10.04,95.29,907.8,9.3
Cuartel_Chardonnay_3,2026-06-05T02:00:00,9.68,97.23,907.6,9.25
Cuartel_Chardonnay_3,2026-06-05T03:00:00,9.59,95.85,907.2,8.94
Cuartel_Chardonnay_3,2026-06-05T04:00:00,9.74,92.13,907.2,8.5
Cuartel_Chardonnay_3,2026-06-05T05:00:00,10.27,87.36,907.8,8.25
Cuartel_Chardonnay_3,2026-06-05T06:00:00,10.51,85.51,909.0,8.18
Cuartel_Chardonnay_3,2026-06-05T07:00:00,10.65,84.8,909.9,8.19
Cuartel_Chardonnay_3,2026-06-05T08:00:00,11.13,85.15,910.5,8.72
Cuartel_Chardonnay_3,2026-06-05T09:00:00,12.1,82.02,910.6,9.14
Cuartel_Chardonnay_3,2026-06-05T10:00:00,13.31,76.47,910.0,9.3
Cuartel_Chardonnay_3,2026-06-05T11:00:00,14.44,70.74,909.4,9.26
Cuartel_Chardonnay_3,2026-06-05T12:00:00,15.43,65.89,908.5,9.16
Cuartel_Chardonnay_3,2026-06-05T13:00:00,16.25,62.72,907.9,9.21
Cuartel_Chardonnay_3,2026-06-05T14:00:00,16.71,61.34,907.5,9.31
Cuartel_Chardonnay_3,2026-06-05T15:00:00,16.34,63.33,907.3,9.44
Cuartel_Chardonnay_3,2026-06-05T16:00:00,14.76,70.87,907.4,9.59
Cuartel_Chardonnay_3,2026-06-05T17:00:00,13.25,78.19,907.7,9.57
Cuartel_Chardonnay_3,2026-06-05T18:00:00,12.73,81.42,908.1,9.65
Cuartel_Chardonnay_3,2026-06-05T19:00:00,12.37,84.1,908.4,9.76
Cuartel_Chardonnay_3,2026-06-05T20:00:00,12.03,86.63,908.5,9.86
Cuartel_Chardonnay_3,2026-06-05T21:00:00,11.7,88.64,908.4,9.87
Cuartel_Chardonnay_3,2026-06-05T22:00:00,11.44,90.05,908.2,9.85
Cuartel_Chardonnay_3,2026-06-05T23:00:00,11.14,91.61,907.9,9.8
Cuartel_Chardonnay_3,2026-06-06T00:00:00,10.71,93.34,907.6,9.65
Cuartel_Chardonnay_3,2026-06-06T01:00:00,10.24,95.12,907.3,9.47
Cuartel_Chardonnay_3,2026-06-06T02:00:00,9.96,95.79,906.6,9.3
Cuartel_Chardonnay_3,2026-06-06T03:00:00,9.42,98.51,905.8,9.19
Cuartel_Chardonnay_3,2026-06-06T04:00:00,9.05,99.47,905.6,8.97
Cuartel_Chardonnay_3,2026-06-06T05:00:00,9.15,96.73,906.0,8.64
Cuartel_Chardonnay_3,2026-06-06T06:00:00,9.45,92.31,906.7,8.24
Cuartel_Chardonnay_3,2026-06-06T07:00:00,9.61,91.13,907.2,8.21
Cuartel_Chardonnay_3,2026-06-06T08:00:00,10.13,91.3,907.5,8.75
Cuartel_Chardonnay_3,2026-06-06T09:00:00,11.32,86.82,907.5,9.19
Cuartel_Chardonnay_3,2026-06-06T10:00:00,12.59,82.5,907.4,9.7
Cuartel_Chardonnay_3,2026-06-06T11:00:00,13.86,77.08,906.9,9.95
Cuartel_Chardonnay_3,2026-06-06T12:00:00,15.14,70.9,906.1,9.97
Cuartel_Chardonnay_3,2026-06-06T13:00:00,15.73,67.91,905.7,9.9
Cuartel_Chardonnay_3,2026-06-06T14:00:00,15.46,68.99,905.4,9.87
Cuartel_Chardonnay_3,2026-06-06T15:00:00,14.38,74.24,905.5,9.91
Cuartel_Chardonnay_3,2026-06-06T16:00:00,13.17,81.02,906.0,10.0
Cuartel_Chardonnay_3,2026-06-06T17:00:00,12.39,85.95,906.8,10.1
Cuartel_Chardonnay_3,2026-06-06T18:00:00,11.91,88.92,907.9,10.12
Cuartel_Chardonnay_3,2026-06-06T19:00:00,11.46,91.57,908.6,10.11
Cuartel_Chardonnay_3,2026-06-06T20:00:00,10.92,94.49,908.8,10.05
Cuartel_Chardonnay_3,2026-06-06T21:00:00,10.49,96.56,908.8,9.95
Cuartel_Chardonnay_3,2026-06-06T22:00:00,10.36,96.6,908.9,9.82
Cuartel_Chardonnay_3,2026-06-06T23:00:00,10.25,96.26,908.8,9.66
Cuartel_Chardonnay_3,2026-06-07T00:00:00,10.03,96.17,908.9,9.43
Cuartel_Chardonnay_3,2026-06-07T01:00:00,9.68,96.52,908.8,9.13
Cuartel_Chardonnay_3,2026-06-07T02:00:00,9.31,96.94,908.4,8.83
Cuartel_Chardonnay_3,2026-06-07T03:00:00,8.99,97.52,908.2,8.6
Cuartel_Chardonnay_3,2026-06-07T04:00:00,8.44,99.65,908.3,8.39
Cuartel_Chardonnay_3,2026-06-07T05:00:00,8.11,100.0,908.8,8.11
Cuartel_Chardonnay_3,2026-06-07T06:00:00,8.24,99.98,909.7,8.24
Cuartel_Chardonnay_3,2026-06-07T07:00:00,8.88,96.56,910.3,8.34
Cuartel_Chardonnay_3,2026-06-07T08:00:00,10.15,89.38,910.5,8.46
Cuartel_Chardonnay_3,2026-06-07T09:00:00,11.39,81.1,910.5,8.28
Cuartel_Chardonnay_3,2026-06-07T10:00:00,12.64,72.48,910.1,7.88
Cuartel_Chardonnay_3,2026-06-07T11:00:00,13.29,67.52,909.6,7.48
Cuartel_Chardonnay_3,2026-06-07T12:00:00,13.23,67.09,909.2,7.32
Cuartel_Chardonnay_3,2026-06-07T13:00:00,12.91,68.12,909.2,7.24
Cuartel_Chardonnay_3,2026-06-07T14:00:00,12.36,70.32,909.3,7.17
Cuartel_Chardonnay_3,2026-06-07T15:00:00,11.7,72.84,909.5,7.04
Cuartel_Chardonnay_3,2026-06-07T16:00:00,11.01,75.41,910.1,6.87
Cuartel_Chardonnay_3,2026-06-07T17:00:00,10.37,77.85,910.9,6.7
Cuartel_Chardonnay_3,2026-06-07T18:00:00,9.76,80.59,912.0,6.6
Cuartel_Chardonnay_3,2026-06-07T19:00:00,9.15,83.53,912.8,6.51
Cuartel_Chardonnay_3,2026-06-07T20:00:00,8.63,86.29,913.1,6.46
Cuartel_Chardonnay_3,2026-06-07T21:00:00,8.07,89.23,913.0,6.38
Cuartel_Chardonnay_3,2026-06-07T22:00:00,7.56,91.94,912.8,6.31
Cuartel_Chardonnay_3,2026-06-07T23:00:00,7.25,93.31,912.5,6.22
Cuartel_Chardonnay_3,2026-06-08T00:00:00,6.87,95.02,912.2,6.1
Cuartel_Chardonnay_3,2026-06-08T01:00:00,6.43,97.16,912.0,6.0
Cuartel_Chardonnay_3,2026-06-08T02:00:00,6.26,96.88,911.5,5.78
Cuartel_Chardonnay_3,2026-06-08T03:00:00,6.16,96.12,911.1,5.57
Cuartel_Chardonnay_3,2026-06-08T04:00:00,6.13,95.38,910.9,5.42
Cuartel_Chardonnay_3,2026-06-08T05:00:00,6.19,94.57,911.3,5.36
Cuartel_Chardonnay_3,2026-06-08T06:00:00,6.22,94.14,912.1,5.32
Cuartel_Chardonnay_3,2026-06-08T07:00:00,6.61,91.71,912.8,5.33
Cuartel_Chardonnay_3,2026-06-08T08:00:00,7.7,84.57,913.0,5.26
Cuartel_Chardonnay_3,2026-06-08T09:00:00,9.23,75.84,912.7,5.22
Cuartel_Chardonnay_3,2026-06-08T10:00:00,10.72,68.44,911.7,5.21
Cuartel_Chardonnay_3,2026-06-08T11:00:00,11.82,63.43,910.4,5.16
Cuartel_Chardonnay_3,2026-06-08T12:00:00,12.66,60.05,909.3,5.16
Cuartel_Chardonnay_3,2026-06-08T13:00:00,13.35,57.64,908.6,5.21
Cuartel_Chardonnay_3,2026-06-08T14:00:00,13.6,56.86,908.1,5.25
Cuartel_Chardonnay_3,2026-06-08T15:00:00,13.06,58.87,907.7,5.25
Cuartel_Chardonnay_3,2026-06-08T16:00:00,11.67,64.49,907.4,5.26
Cuartel_Chardonnay_3,2026-06-08T17:00:00,10.21,70.61,907.6,5.16
Cuartel_Chardonnay_3,2026-06-08T18:00:00,9.39,73.78,908.1,4.99
Cuartel_Chardonnay_3,2026-06-08T19:00:00,8.77,76.07,908.4,4.82
Cuartel_Chardonnay_3,2026-06-08T20:00:00,8.21,78.2,908.3,4.66
Cuartel_Chardonnay_3,2026-06-08T21:00:00,7.7,79.97,907.9,4.48
Cuartel_Chardonnay_3,2026-06-08T22:00:00,7.25,81.26,907.1,4.26
Cuartel_Chardonnay_3,2026-06-08T23:00:00,6.84,82.49,906.4,4.07
Cuartel_Chardonnay_3,2026-06-09T00:00:00,6.63,83.06,906.0,3.96
Cuartel_Chardonnay_3,2026-06-09T01:00:00,6.63,82.7,905.3,3.9
Cuartel_Chardonnay_3,2026-06-09T02:00:00,6.66,82.46,904.5,3.88
Cuartel_Chardonnay_3,2026-06-09T03:00:00,6.73,81.87,904.0,3.85
Cuartel_Chardonnay_3,2026-06-09T04:00:00,6.79,81.23,903.8,3.8
Cuartel_Chardonnay_3,2026-06-09T05:00:00,6.92,80.28,904.5,3.77
Cuartel_Chardonnay_3,2026-06-09T06:00:00,6.74,81.35,905.3,3.78
Cuartel_Chardonnay_3,2026-06-09T07:00:00,6.72,82.08,905.7,3.88
Cuartel_Chardonnay_3,2026-06-09T08:00:00,7.43,81.11,905.6,4.41
Cuartel_Chardonnay_3,2026-06-09T09:00:00,8.58,75.38,905.4,4.51
Cuartel_Chardonnay_3,2026-06-09T10:00:00,9.62,71.2,905.0,4.71
Cuartel_Chardonnay_3,2026-06-09T11:00:00,10.58,68.41,904.3,5.07
Cuartel_Chardonnay_3,2026-06-09T12:00:00,11.43,65.97,903.3,5.36
Cuartel_Chardonnay_3,2026-06-09T13:00:00,12.46,62.47,902.4,5.55
Cuartel_Chardonnay_3,2026-06-09T14:00:00,13.13,60.81,902.0,5.79
Cuartel_Chardonnay_3,2026-06-09T15:00:00,12.83,63.28,902.0,6.09
Cuartel_Chardonnay_3,2026-06-09T16:00:00,11.49,71.58,902.4,6.59
Cuartel_Chardonnay_3,2026-06-09T17:00:00,10.17,77.39,902.9,6.42
Cuartel_Chardonnay_3,2026-06-09T18:00:00,9.33,81.28,903.0,6.3
Cuartel_Chardonnay_3,2026-06-09T19:00:00,8.56,84.98,903.1,6.17
Cuartel_Chardonnay_3,2026-06-09T20:00:00,8.02,88.14,903.0,6.16
Cuartel_Chardonnay_3,2026-06-09T21:00:00,7.9,89.11,902.7,6.2
Cuartel_Chardonnay_3,2026-06-09T22:00:00,7.93,89.57,902.4,6.3
Cuartel_Chardonnay_3,2026-06-09T23:00:00,7.82,90.76,902.1,6.38
Cuartel_Chardonnay_3,2026-06-10T00:00:00,7.79,91.06,901.9,6.4
Cuartel_Chardonnay_3,2026-06-10T01:00:00,7.91,89.61,901.6,6.29
Cuartel_Chardonnay_3,2026-06-10T02:00:00,8.3,84.88,901.3,5.9
Cuartel_Chardonnay_3,2026-06-10T03:00:00,8.49,81.04,901.0,5.43
Cuartel_Chardonnay_3,2026-06-10T04:00:00,8.0,82.96,900.8,5.28
Cuartel_Chardonnay_3,2026-06-10T05:00:00,7.45,85.34,901.2,5.14
Cuartel_Chardonnay_3,2026-06-10T06:00:00,7.2,84.34,902.0,4.73
Cuartel_Chardonnay_3,2026-06-10T07:00:00,7.54,78.72,902.7,4.1
Cuartel_Chardonnay_3,2026-06-10T08:00:00,9.31,66.17,903.3,3.38
Cuartel_Chardonnay_3,2026-06-10T09:00:00,10.79,58.85,904.0,3.11
Cuartel_Chardonnay_3,2026-06-10T10:00:00,11.64,53.42,904.2,2.51
Cuartel_Chardonnay_3,2026-06-10T11:00:00,12.53,50.66,903.9,2.56
Cuartel_Chardonnay_3,2026-06-10T12:00:00,13.58,47.83,903.4,2.7
Cuartel_Chardonnay_3,2026-06-10T13:00:00,14.09,47.34,903.3,3.02
Cuartel_Chardonnay_3,2026-06-10T14:00:00,13.76,50.02,903.4,3.52
Cuartel_Chardonnay_3,2026-06-10T15:00:00,12.96,54.27,903.8,3.97
Cuartel_Chardonnay_3,2026-06-10T16:00:00,11.73,60.77,904.4,4.46
Cuartel_Chardonnay_3,2026-06-10T17:00:00,10.48,66.3,905.0,4.52
Cuartel_Chardonnay_3,2026-06-10T18:00:00,9.67,69.79,905.4,4.47
Cuartel_Chardonnay_3,2026-06-10T19:00:00,8.93,73.01,905.9,4.4
Cuartel_Chardonnay_3,2026-06-10T20:00:00,8.09,76.93,906.2,4.31
Cuartel_Chardonnay_3,2026-06-10T21:00:00,7.5,79.29,906.7,4.16
Cuartel_Chardonnay_3,2026-06-10T22:00:00,7.18,79.08,907.1,3.81
Cuartel_Chardonnay_3,2026-06-10T23:00:00,7.03,76.89,907.4,3.28
Cuartel_Chardonnay_3,2026-06-11T00:00:00,6.93,73.37,907.6,2.53
Cuartel_Chardonnay_3,2026-06-11T01:00:00,6.95,68.91,907.6,1.68
Cuartel_Chardonnay_3,2026-06-11T02:00:00,7.31,63.39,907.4,0.86
Cuartel_Chardonnay_3,2026-06-11T03:00:00,7.55,59.27,907.0,0.15
Cuartel_Chardonnay_3,2026-06-11T04:00:00,7.53,57.51,906.8,-0.29
Cuartel_Chardonnay_3,2026-06-11T05:00:00,6.66,60.89,906.6,-0.31
Cuartel_Chardonnay_3,2026-06-11T06:00:00,6.25,62.19,906.8,-0.41
Cuartel_Chardonnay_3,2026-06-11T07:00:00,6.45,62.11,907.0,-0.24
Cuartel_Chardonnay_3,2026-06-11T08:00:00,8.36,61.89,907.1,1.52
Cuartel_Chardonnay_3,2026-06-11T09:00:00,11.34,53.89,906.7,2.35
Cuartel_Chardonnay_3,2026-06-11T10:00:00,13.6,50.3,905.6,3.45
Cuartel_Chardonnay_3,2026-06-11T11:00:00,15.16,45.82,904.3,3.52
Cuartel_Chardonnay_3,2026-06-11T12:00:00,16.16,42.7,903.3,3.4
Cuartel_Chardonnay_3,2026-06-11T13:00:00,16.64,41.68,902.6,3.49
Cuartel_Chardonnay_3,2026-06-11T14:00:00,16.53,42.33,902.1,3.61
Cuartel_Chardonnay_3,2026-06-11T15:00:00,15.64,46.25,901.8,4.1
Cuartel_Chardonnay_3,2026-06-11T16:00:00,13.9,53.56,901.8,4.65
Cuartel_Chardonnay_3,2026-06-11T17:00:00,12.37,56.71,902.2,4.06
Cuartel_Chardonnay_3,2026-06-11T18:00:00,11.0,61.01,902.4,3.82
Cuartel_Chardonnay_3,2026-06-11T19:00:00,9.82,65.31,902.6,3.68
Cuartel_Chardonnay_3,2026-06-11T20:00:00,8.99,68.41,902.3,3.54
Cuartel_Chardonnay_3,2026-06-11T21:00:00,8.7,68.73,902.1,3.33
Cuartel_Chardonnay_3,2026-06-11T22:00:00,8.94,65.83,901.7,2.95
Cuartel_Chardonnay_3,2026-06-11T23:00:00,8.96,64.19,901.1,2.61
Cuartel_Chardonnay_3,2026-06-12T00:00:00,8.63,65.07,900.4,2.49
Cuartel_Chardonnay_3,2026-06-12T01:00:00,8.16,67.95,900.1,2.65
Cuartel_Chardonnay_3,2026-06-12T02:00:00,7.67,72.01,899.7,2.99
Cuartel_Chardonnay_3,2026-06-12T03:00:00,7.26,75.86,899.3,3.31
Cuartel_Chardonnay_3,2026-06-12T04:00:00,7.06,78.17,899.0,3.54
Cuartel_Chardonnay_3,2026-06-12T05:00:00,6.87,80.07,899.2,3.68
Cuartel_Chardonnay_3,2026-06-12T06:00:00,6.65,81.9,899.4,3.78
Cuartel_Chardonnay_3,2026-06-12T07:00:00,6.94,81.18,899.7,3.94
Cuartel_Chardonnay_3,2026-06-12T08:00:00,8.56,75.17,900.2,4.45
Cuartel_Chardonnay_3,2026-06-12T09:00:00,10.83,70.22,900.7,5.68
Cuartel_Chardonnay_3,2026-06-12T10:00:00,12.91,59.86,900.7,5.35
Cuartel_Chardonnay_3,2026-06-12T11:00:00,14.68,54.0,900.0,5.5
Cuartel_Chardonnay_3,2026-06-12T12:00:00,16.2,49.41,899.2,5.59
Cuartel_Chardonnay_3,2026-06-12T13:00:00,17.37,46.35,898.8,5.72
Cuartel_Chardonnay_3,2026-06-12T14:00:00,17.82,46.52,898.7,6.18
Cuartel_Chardonnay_3,2026-06-12T15:00:00,17.21,52.38,899.0,7.4
Cuartel_Chardonnay_3,2026-06-12T16:00:00,14.91,60.1,899.3,7.3
Cuartel_Chardonnay_3,2026-06-12T17:00:00,12.49,65.81,899.6,6.34
Cuartel_Chardonnay_3,2026-06-12T18:00:00,11.16,69.72,899.9,5.89
Cuartel_Chardonnay_3,2026-06-12T19:00:00,10.33,71.87,900.1,5.53
Cuartel_Chardonnay_3,2026-06-12T20:00:00,10.14,71.07,900.4,5.19
Cuartel_Chardonnay_3,2026-06-12T21:00:00,10.43,67.34,900.7,4.7
Cuartel_Chardonnay_3,2026-06-12T22:00:00,9.3,71.1,901.3,4.38
Cuartel_Chardonnay_3,2026-06-12T23:00:00,8.33,77.58,902.2,4.67
Cuartel_Chardonnay_3,2026-06-13T00:00:00,8.05,81.83,903.2,5.14
Cuartel_Chardonnay_3,2026-06-13T01:00:00,7.84,83.06,903.8,5.14
Cuartel_Chardonnay_3,2026-06-13T02:00:00,7.41,84.71,903.9,5.0
Cuartel_Chardonnay_3,2026-06-13T03:00:00,6.96,86.06,903.9,4.78
Cuartel_Chardonnay_3,2026-06-13T04:00:00,6.48,87.47,904.0,4.53
Cuartel_Chardonnay_3,2026-06-13T05:00:00,6.02,89.27,904.6,4.37
Cuartel_Chardonnay_3,2026-06-13T06:00:00,5.51,91.02,905.9,4.13
Cuartel_Chardonnay_3,2026-06-13T07:00:00,5.73,87.4,907.1,3.78
Cuartel_Chardonnay_3,2026-06-13T08:00:00,6.94,82.97,908.3,4.25
Cuartel_Chardonnay_3,2026-06-13T09:00:00,8.4,73.86,909.2,4.05
Cuartel_Chardonnay_3,2026-06-13T10:00:00,9.67,68.74,909.1,4.26
Cuartel_Chardonnay_3,2026-06-13T11:00:00,10.74,64.74,908.5,4.43
Cuartel_Chardonnay_3,2026-06-13T12:00:00,11.15,63.94,907.9,4.64
Cuartel_Chardonnay_3,2026-06-13T13:00:00,10.96,64.98,908.0,4.69
Cuartel_Chardonnay_3,2026-06-13T14:00:00,10.41,66.65,908.7,4.53
Cuartel_Chardonnay_3,2026-06-13T15:00:00,9.5,69.44,909.5,4.24
Cuartel_Chardonnay_3,2026-06-13T16:00:00,8.21,74.0,910.6,3.89
Cuartel_Chardonnay_3,2026-06-13T17:00:00,6.98,78.84,911.8,3.58
Cuartel_Chardonnay_3,2026-06-13T18:00:00,6.1,81.52,912.5,3.18
Cuartel_Chardonnay_3,2026-06-13T19:00:00,5.4,83.31,912.7,2.79
Cuartel_Chardonnay_3,2026-06-13T20:00:00,4.76,84.91,912.8,2.43
Cuartel_Chardonnay_3,2026-06-13T21:00:00,4.24,85.94,912.7,2.08
Cuartel_Chardonnay_3,2026-06-13T22:00:00,3.86,86.45,912.7,1.79
Cuartel_Chardonnay_3,2026-06-13T23:00:00,3.66,86.21,912.7,1.55
Cuartel_Chardonnay_3,2026-06-14T00:00:00,3.51,85.62,912.4,1.31
Cuartel_Chardonnay_3,2026-06-14T01:00:00,3.31,85.49,912.2,1.1
Cuartel_Chardonnay_3,2026-06-14T02:00:00,2.99,86.44,911.6,0.93
Cuartel_Chardonnay_3,2026-06-14T03:00:00,2.7,87.21,911.2,0.77
Cuartel_Chardonnay_3,2026-06-14T04:00:00,2.51,87.58,911.0,0.64
Cuartel_Chardonnay_3,2026-06-14T05:00:00,2.39,87.55,911.1,0.51
Cuartel_Chardonnay_3,2026-06-14T06:00:00,2.2,88.17,911.5,0.42
Cuartel_Chardonnay_3,2026-06-14T07:00:00,2.49,86.57,911.6,0.46
Cuartel_Chardonnay_3,2026-06-14T08:00:00,4.08,81.97,911.3,1.28
Cuartel_Chardonnay_3,2026-06-14T09:00:00,6.45,71.6,911.2,1.73
Cuartel_Chardonnay_3,2026-06-14T10:00:00,8.49,63.04,910.7,1.91
Cuartel_Chardonnay_3,2026-06-14T11:00:00,10.59,56.28,909.9,2.27
Cuartel_Chardonnay_3,2026-06-14T12:00:00,12.26,52.26,908.9,2.77
Cuartel_Chardonnay_3,2026-06-14T13:00:00,13.1,52.11,908.2,3.5
Cuartel_Chardonnay_3,2026-06-14T14:00:00,13.32,53.63,908.0,4.13
Cuartel_Chardonnay_3,2026-06-14T15:00:00,12.86,57.52,908.0,4.72
Cuartel_Chardonnay_3,2026-06-14T16:00:00,11.26,68.05,908.1,5.64
Cuartel_Chardonnay_3,2026-06-14T17:00:00,9.51,75.42,908.5,5.42
Cuartel_Chardonnay_3,2026-06-14T18:00:00,8.43,80.65,909.0,5.31
Cuartel_Chardonnay_3,2026-06-14T19:00:00,7.64,84.98,909.2,5.27
Cuartel_Chardonnay_3,2026-06-14T20:00:00,6.96,88.75,909.3,5.21
Cuartel_Chardonnay_3,2026-06-14T21:00:00,6.43,91.59,909.2,5.14
Cuartel_Chardonnay_3,2026-06-14T22:00:00,6.04,93.47,909.1,5.04
Cuartel_Chardonnay_3,2026-06-14T23:00:00,5.83,94.21,909.2,4.95
Cuartel_Chardonnay_3,2026-06-15T00:00:00,5.82,93.49,909.2,4.82
Cuartel_Chardonnay_3,2026-06-15T01:00:00,5.81,92.58,908.9,4.67
Cuartel_Chardonnay_3,2026-06-15T02:00:00,5.65,92.62,908.5,4.52
Cuartel_Chardonnay_3,2026-06-15T03:00:00,5.39,93.0,908.3,4.32
Cuartel_Chardonnay_3,2026-06-15T04:00:00,5.34,90.41,908.5,3.87
Cuartel_Chardonnay_3,2026-06-15T05:00:00,5.58,84.98,909.1,3.24
Cuartel_Chardonnay_3,2026-06-15T06:00:00,5.73,81.16,909.7,2.76
Cuartel_Chardonnay_3,2026-06-15T07:00:00,6.07,77.74,909.9,2.5
Cuartel_Chardonnay_3,2026-06-15T08:00:00,7.24,73.87,910.0,2.93
Cuartel_Chardonnay_3,2026-06-15T09:00:00,9.45,71.19,910.0,4.54
Cuartel_Chardonnay_3,2026-06-15T10:00:00,11.7,59.35,909.7,4.09
Cuartel_Chardonnay_3,2026-06-15T11:00:00,13.59,53.52,909.3,4.35
Cuartel_Chardonnay_3,2026-06-15T12:00:00,14.25,52.76,908.7,4.76
Cuartel_Chardonnay_3,2026-06-15T13:00:00,14.55,52.42,908.4,4.94
Cuartel_Chardonnay_3,2026-06-15T14:00:00,14.42,53.83,908.3,5.21
Cuartel_Chardonnay_3,2026-06-15T15:00:00,13.54,58.68,908.3,5.66
Cuartel_Chardonnay_3,2026-06-15T16:00:00,11.95,66.49,908.4,5.97
Cuartel_Chardonnay_3,2026-06-15T17:00:00,10.33,72.46,908.9,5.64
Cuartel_Chardonnay_3,2026-06-15T18:00:00,9.38,76.16,909.4,5.43
Cuartel_Chardonnay_3,2026-06-15T19:00:00,9.02,76.28,909.6,5.1
Cuartel_Chardonnay_3,2026-06-15T20:00:00,8.9,74.6,909.4,4.67
Cuartel_Chardonnay_3,2026-06-15T21:00:00,8.42,75.31,908.9,4.34
Cuartel_Chardonnay_3,2026-06-15T22:00:00,7.97,76.66,908.4,4.15
Cuartel_Chardonnay_3,2026-06-15T23:00:00,7.91,75.87,908.2,3.95
Cuartel_Chardonnay_3,2026-06-16T00:00:00,7.84,75.26,908.1,3.77
Cuartel_Chardonnay_3,2026-06-16T01:00:00,7.66,75.35,907.9,3.61
Cuartel_Chardonnay_3,2026-06-16T02:00:00,7.71,74.23,907.5,3.45
Cuartel_Chardonnay_3,2026-06-16T03:00:00,7.84,72.59,907.1,3.26
Cuartel_Chardonnay_3,2026-06-16T04:00:00,7.62,72.98,907.0,3.13
Cuartel_Chardonnay_3,2026-06-16T05:00:00,7.04,76.27,907.4,3.17
Cuartel_Chardonnay_3,2026-06-16T06:00:00,6.9,76.32,908.0,3.05
Cuartel_Chardonnay_3,2026-06-16T07:00:00,7.01,74.17,908.2,2.76
Cuartel_Chardonnay_3,2026-06-16T08:00:00,8.77,66.71,908.5,2.97
Cuartel_Chardonnay_3,2026-06-16T09:00:00,11.47,60.29,908.6,4.1
Cuartel_Chardonnay_3,2026-06-16T10:00:00,13.89,49.6,908.4,3.51
Cuartel_Chardonnay_3,2026-06-16T11:00:00,15.89,44.29,907.8,3.69
Cuartel_Chardonnay_3,2026-06-16T12:00:00,16.24,45.55,907.0,4.42
Cuartel_Chardonnay_3,2026-06-16T13:00:00,15.67,49.07,906.2,5.0
Cuartel_Chardonnay_3,2026-06-16T14:00:00,15.78,49.62,906.4,5.27
Cuartel_Chardonnay_3,2026-06-16T15:00:00,15.4,51.95,906.9,5.6
Cuartel_Chardonnay_3,2026-06-16T16:00:00,13.33,60.95,907.5,6.02
Cuartel_Chardonnay_3,2026-06-16T17:00:00,11.55,66.33,908.2,5.55
Cuartel_Chardonnay_3,2026-06-16T18:00:00,10.91,68.9,908.5,5.48
Cuartel_Chardonnay_3,2026-06-16T19:00:00,10.82,69.1,908.6,5.44
Cuartel_Chardonnay_3,2026-06-16T20:00:00,10.77,68.89,908.7,5.35
Cuartel_Chardonnay_3,2026-06-16T21:00:00,10.5,69.91,908.8,5.3
Cuartel_Chardonnay_3,2026-06-16T22:00:00,10.33,70.6,908.8,5.27
Cuartel_Chardonnay_3,2026-06-16T23:00:00,10.29,70.32,908.7,5.18
Cuartel_Chardonnay_3,2026-06-17T00:00:00,10.39,69.17,908.8,5.04
Cuartel_Chardonnay_3,2026-06-17T01:00:00,9.68,71.73,909.3,4.87
Cuartel_Chardonnay_3,2026-06-17T02:00:00,8.12,80.22,909.0,4.93
Cuartel_Chardonnay_3,2026-06-17T03:00:00,7.99,80.4,909.0,4.83
Cuartel_Chardonnay_3,2026-06-17T04:00:00,8.0,79.9,908.7,4.76
Cuartel_Chardonnay_3,2026-06-17T05:00:00,8.76,74.47,908.7,4.51
Cuartel_Chardonnay_3,2026-06-17T06:00:00,8.8,72.85,908.5,4.24
Cuartel_Chardonnay_3,2026-06-17T07:00:00,8.62,73.07,908.2,4.11
Cuartel_Chardonnay_3,2026-06-17T08:00:00,9.54,71.94,908.0,4.78
Cuartel_Chardonnay_3,2026-06-17T09:00:00,11.2,64.59,907.8,4.83
Cuartel_Chardonnay_3,2026-06-17T10:00:00,12.72,61.82,907.0,5.65
Cuartel_Chardonnay_3,2026-06-17T11:00:00,14.44,56.86,905.7,6.04
Cuartel_Chardonnay_3,2026-06-17T12:00:00,15.77,52.51,904.1,6.1
Cuartel_Chardonnay_3,2026-06-17T13:00:00,16.24,50.89,902.9,6.07
Cuartel_Chardonnay_3,2026-06-17T14:00:00,16.05,51.33,902.6,6.02
Cuartel_Chardonnay_3,2026-06-17T15:00:00,15.14,54.28,901.8,6.01
Cuartel_Chardonnay_3,2026-06-17T16:00:00,13.93,59.8,902.0,6.3
Cuartel_Chardonnay_3,2026-06-17T17:00:00,12.93,64.96,901.7,6.57
Cuartel_Chardonnay_3,2026-06-17T18:00:00,12.16,69.73,901.4,6.86
Cuartel_Chardonnay_3,2026-06-17T19:00:00,11.4,75.12,901.3,7.19
Cuartel_Chardonnay_3,2026-06-17T20:00:00,10.88,78.83,900.9,7.37
Cuartel_Chardonnay_3,2026-06-17T21:00:00,10.2,82.34,900.6,7.33
Cuartel_Chardonnay_3,2026-06-17T22:00:00,9.8,84.82,900.6,7.36
Cuartel_Chardonnay_3,2026-06-17T23:00:00,9.55,86.66,899.8,7.42
Cuartel_Chardonnay_3,2026-06-18T00:00:00,9.27,87.46,899.9,7.28
Cuartel_Chardonnay_3,2026-06-18T01:00:00,8.99,87.87,899.8,7.07
Cuartel_Chardonnay_3,2026-06-18T02:00:00,8.44,90.29,899.8,6.92
Cuartel_Chardonnay_3,2026-06-18T03:00:00,7.89,92.41,900.0,6.71
Cuartel_Chardonnay_3,2026-06-18T04:00:00,7.64,92.15,900.7,6.42
Cuartel_Chardonnay_3,2026-06-18T05:00:00,7.73,89.1,901.7,6.03
Cuartel_Chardonnay_3,2026-06-18T06:00:00,8.09,82.19,902.3,5.24
Cuartel_Chardonnay_3,2026-06-18T07:00:00,9.13,69.54,902.6,3.9
Cuartel_Chardonnay_3,2026-06-18T08:00:00,10.87,59.95,903.6,3.45
Cuartel_Chardonnay_3,2026-06-18T09:00:00,12.92,52.35,905.0,3.4
Cuartel_Chardonnay_3,2026-06-18T10:00:00,14.54,50.57,905.8,4.4
Cuartel_Chardonnay_3,2026-06-18T11:00:00,15.64,49.47,905.9,5.09
Cuartel_Chardonnay_3,2026-06-18T12:00:00,15.93,49.19,905.7,5.28
Cuartel_Chardonnay_3,2026-06-18T13:00:00,16.08,48.7,905.3,5.27
Cuartel_Chardonnay_3,2026-06-18T14:00:00,16.33,47.14,905.1,5.01
Cuartel_Chardonnay_3,2026-06-18T15:00:00,16.02,47.52,905.0,4.85
Cuartel_Chardonnay_3,2026-06-18T16:00:00,14.21,53.94,905.2,5.04
Cuartel_Chardonnay_3,2026-06-18T17:00:00,12.23,58.29,906.0,4.33
Cuartel_Chardonnay_3,2026-06-18T18:00:00,10.72,64.16,907.1,4.28
Cuartel_Chardonnay_3,2026-06-18T19:00:00,9.56,69.29,908.0,4.27
Cuartel_Chardonnay_3,2026-06-18T20:00:00,9.03,71.25,908.8,4.15
Cuartel_Chardonnay_3,2026-06-18T21:00:00,8.54,72.92,909.5,4.0
Cuartel_Chardonnay_3,2026-06-18T22:00:00,7.79,76.1,910.1,3.87
Cuartel_Chardonnay_3,2026-06-18T23:00:00,7.04,79.27,910.5,3.71
Cuartel_Syrah_4,2026-04-20T00:00:00,8.21,81.28,901.0,5.21
Cuartel_Syrah_4,2026-04-20T01:00:00,7.83,81.87,900.5,4.92
Cuartel_Syrah_4,2026-04-20T02:00:00,7.81,80.17,900.0,4.61
Cuartel_Syrah_4,2026-04-20T03:00:00,7.86,77.72,899.8,4.22
Cuartel_Syrah_4,2026-04-20T04:00:00,7.51,77.97,900.2,3.93
Cuartel_Syrah_4,2026-04-20T05:00:00,6.99,80.15,901.0,3.8
Cuartel_Syrah_4,2026-04-20T06:00:00,6.92,80.34,902.1,3.78
Cuartel_Syrah_4,2026-04-20T07:00:00,7.74,76.19,903.2,3.82
Cuartel_Syrah_4,2026-04-20T08:00:00,8.68,71.52,903.8,3.83
Cuartel_Syrah_4,2026-04-20T09:00:00,9.74,66.69,903.5,3.83
Cuartel_Syrah_4,2026-04-20T10:00:00,11.07,61.86,903.0,4.01
Cuartel_Syrah_4,2026-04-20T11:00:00,11.86,60.02,902.5,4.35
Cuartel_Syrah_4,2026-04-20T12:00:00,12.19,59.8,901.8,4.59
Cuartel_Syrah_4,2026-04-20T13:00:00,12.24,60.07,901.2,4.7
Cuartel_Syrah_4,2026-04-20T14:00:00,12.01,61.18,901.1,4.75
Cuartel_Syrah_4,2026-04-20T15:00:00,11.23,64.44,901.4,4.76
Cuartel_Syrah_4,2026-04-20T16:00:00,10.0,70.22,901.9,4.83
Cuartel_Syrah_4,2026-04-20T17:00:00,8.62,78.16,902.7,5.06
Cuartel_Syrah_4,2026-04-20T18:00:00,7.87,81.92,903.5,5.0
Cuartel_Syrah_4,2026-04-20T19:00:00,7.28,84.36,904.2,4.84
Cuartel_Syrah_4,2026-04-20T20:00:00,6.64,87.45,904.6,4.73
Cuartel_Syrah_4,2026-04-20T21:00:00,6.12,89.91,904.9,4.61
Cuartel_Syrah_4,2026-04-20T22:00:00,5.75,91.63,905.0,4.49
Cuartel_Syrah_4,2026-04-20T23:00:00,5.55,92.44,905.1,4.42
Cuartel_Syrah_4,2026-04-21T00:00:00,5.48,92.88,905.0,4.41
Cuartel_Syrah_4,2026-04-21T01:00:00,5.56,92.97,904.7,4.48
Cuartel_Syrah_4,2026-04-21T02:00:00,5.69,92.57,904.3,4.55
Cuartel_Syrah_4,2026-04-21T03:00:00,5.77,91.89,904.2,4.52
Cuartel_Syrah_4,2026-04-21T04:00:00,5.81,91.03,904.4,4.41
Cuartel_Syrah_4,2026-04-21T05:00:00,5.88,89.68,904.7,4.25
Cuartel_Syrah_4,2026-04-21T06:00:00,6.0,88.98,905.0,4.28
Cuartel_Syrah_4,2026-04-21T07:00:00,7.01,83.9,905.5,4.45
Cuartel_Syrah_4,2026-04-21T08:00:00,8.61,75.5,905.6,4.47
Cuartel_Syrah_4,2026-04-21T09:00:00,11.16,63.5,905.4,4.4
Cuartel_Syrah_4,2026-04-21T10:00:00,14.12,51.44,904.6,4.19
Cuartel_Syrah_4,2026-04-21T11:00:00,16.24,43.74,903.5,3.87
Cuartel_Syrah_4,2026-04-21T12:00:00,17.48,39.87,902.5,3.69
Cuartel_Syrah_4,2026-04-21T13:00:00,18.14,37.94,901.7,3.58
Cuartel_Syrah_4,2026-04-21T14:00:00,18.24,37.41,901.2,3.47
Cuartel_Syrah_4,2026-04-21T15:00:00,17.6,38.87,901.2,3.46
Cuartel_Syrah_4,2026-04-21T16:00:00,15.64,45.42,901.4,3.91
Cuartel_Syrah_4,2026-04-21T17:00:00,12.58,56.61,901.9,4.21
Cuartel_Syrah_4,2026-04-21T18:00:00,11.61,60.18,902.5,4.18
Cuartel_Syrah_4,2026-04-21T19:00:00,11.08,61.69,902.8,4.04
Cuartel_Syrah_4,2026-04-21T20:00:00,10.74,62.77,902.8,3.96
Cuartel_Syrah_4,2026-04-21T21:00:00,10.29,64.44,902.7,3.91
Cuartel_Syrah_4,2026-04-21T22:00:00,9.85,65.88,902.4,3.79
Cuartel_Syrah_4,2026-04-21T23:00:00,9.29,68.02,902.2,3.68
Cuartel_Syrah_4,2026-04-22T00:00:00,8.37,72.24,902.0,3.64
Cuartel_Syrah_4,2026-04-22T01:00:00,7.56,76.03,901.6,3.57
Cuartel_Syrah_4,2026-04-22T02:00:00,6.99,78.6,901.4,3.45
Cuartel_Syrah_4,2026-04-22T03:00:00,6.62,79.6,901.4,3.26
Cuartel_Syrah_4,2026-04-22T04:00:00,6.29,80.41,901.8,3.05
Cuartel_Syrah_4,2026-04-22T05:00:00,5.96,81.08,902.3,2.77
Cuartel_Syrah_4,2026-04-22T06:00:00,7.09,74.34,902.9,2.59
Cuartel_Syrah_4,2026-04-22T07:00:00,11.66,55.0,903.6,2.76
Cuartel_Syrah_4,2026-04-22T08:00:00,15.79,40.93,903.9,2.06
Cuartel_Syrah_4,2026-04-22T09:00:00,18.6,33.65,904.0,1.77
Cuartel_Syrah_4,2026-04-22T10:00:00,20.08,31.86,904.0,2.45
Cuartel_Syrah_4,2026-04-22T11:00:00,20.99,31.28,904.0,3.16
Cuartel_Syrah_4,2026-04-22T12:00:00,21.38,30.99,903.8,3.49
Cuartel_Syrah_4,2026-04-22T13:00:00,21.4,30.66,903.5,3.41
Cuartel_Syrah_4,2026-04-22T14:00:00,21.03,30.72,903.5,3.15
Cuartel_Syrah_4,2026-04-22T15:00:00,20.05,32.46,903.7,3.08
Cuartel_Syrah_4,2026-04-22T16:00:00,17.67,39.97,904.0,3.88
Cuartel_Syrah_4,2026-04-22T17:00:00,13.89,53.4,904.7,4.59
Cuartel_Syrah_4,2026-04-22T18:00:00,12.75,58.85,905.4,4.92
Cuartel_Syrah_4,2026-04-22T19:00:00,11.96,62.74,905.8,5.09
Cuartel_Syrah_4,2026-04-22T20:00:00,11.2,66.09,906.0,5.12
Cuartel_Syrah_4,2026-04-22T21:00:00,10.56,68.75,906.0,5.05
Cuartel_Syrah_4,2026-04-22T22:00:00,9.92,71.15,905.9,4.89
Cuartel_Syrah_4,2026-04-22T23:00:00,9.32,73.18,905.5,4.69
Cuartel_Syrah_4,2026-04-23T00:00:00,8.85,74.37,905.1,4.41
Cuartel_Syrah_4,2026-04-23T01:00:00,8.51,74.36,904.5,4.02
Cuartel_Syrah_4,2026-04-23T02:00:00,8.24,73.82,903.8,3.55
Cuartel_Syrah_4,2026-04-23T03:00:00,8.0,73.26,903.5,3.12
Cuartel_Syrah_4,2026-04-23T04:00:00,7.77,73.05,903.4,2.76
Cuartel_Syrah_4,2026-04-23T05:00:00,7.61,72.75,903.5,2.5
Cuartel_Syrah_4,2026-04-23T06:00:00,8.59,68.08,903.8,2.55
Cuartel_Syrah_4,2026-04-23T07:00:00,12.11,57.31,904.2,3.68
Cuartel_Syrah_4,2026-04-23T08:00:00,15.67,48.47,904.2,4.26
Cuartel_Syrah_4,2026-04-23T09:00:00,18.71,42.64,903.8,5.2
Cuartel_Syrah_4,2026-04-23T10:00:00,20.55,38.0,903.1,5.31
Cuartel_Syrah_4,2026-04-23T11:00:00,21.97,35.13,902.2,5.58
Cuartel_Syrah_4,2026-04-23T12:00:00,22.91,33.5,901.3,5.8
Cuartel_Syrah_4,2026-04-23T13:00:00,23.28,33.03,900.5,5.98
Cuartel_Syrah_4,2026-04-23T14:00:00,23.04,33.86,900.2,6.15
Cuartel_Syrah_4,2026-04-23T15:00:00,22.05,37.05,900.4,6.61
Cuartel_Syrah_4,2026-04-23T16:00:00,19.51,46.7,900.9,7.78
Cuartel_Syrah_4,2026-04-23T17:00:00,15.74,61.86,901.6,8.45
Cuartel_Syrah_4,2026-04-23T18:00:00,14.88,66.69,902.2,8.75
Cuartel_Syrah_4,2026-04-23T19:00:00,14.04,70.54,902.6,8.76
Cuartel_Syrah_4,2026-04-23T20:00:00,13.11,74.09,902.7,8.48
Cuartel_Syrah_4,2026-04-23T21:00:00,12.42,76.32,902.7,8.06
Cuartel_Syrah_4,2026-04-23T22:00:00,11.8,78.86,902.5,7.68
Cuartel_Syrah_4,2026-04-23T23:00:00,11.16,81.38,902.2,7.24
Cuartel_Syrah_4,2026-04-24T00:00:00,10.64,82.99,901.9,6.71
Cuartel_Syrah_4,2026-04-24T01:00:00,10.43,82.87,901.5,6.24
Cuartel_Syrah_4,2026-04-24T02:00:00,10.22,82.85,901.1,5.83
Cuartel_Syrah_4,2026-04-24T03:00:00,9.89,82.69,900.9,5.33
Cuartel_Syrah_4,2026-04-24T04:00:00,9.68,81.49,901.2,4.83
Cuartel_Syrah_4,2026-04-24T05:00:00,9.33,80.29,901.5,4.32
Cuartel_Syrah_4,2026-04-24T06:00:00,9.58,72.24,902.0,3.39
Cuartel_Syrah_4,2026-04-24T07:00:00,13.87,55.97,902.4,4.57
Cuartel_Syrah_4,2026-04-24T08:00:00,17.72,47.36,902.4,4.81
Cuartel_Syrah_4,2026-04-24T09:00:00,20.59,40.29,901.9,5.2
Cuartel_Syrah_4,2026-04-24T10:00:00,22.37,36.11,901.3,5.59
Cuartel_Syrah_4,2026-04-24T11:00:00,23.6,33.0,900.6,5.8
Cuartel_Syrah_4,2026-04-24T12:00:00,24.32,31.01,899.8,5.74
Cuartel_Syrah_4,2026-04-24T13:00:00,24.19,30.81,899.3,5.65
Cuartel_Syrah_4,2026-04-24T14:00:00,23.46,32.04,899.4,5.63
Cuartel_Syrah_4,2026-04-24T15:00:00,22.29,34.15,899.9,5.58
Cuartel_Syrah_4,2026-04-24T16:00:00,19.84,39.11,900.8,5.43
Cuartel_Syrah_4,2026-04-24T17:00:00,16.41,46.35,901.8,4.78
Cuartel_Syrah_4,2026-04-24T18:00:00,14.42,49.74,902.8,3.97
Cuartel_Syrah_4,2026-04-24T19:00:00,13.0,50.83,903.4,2.99
Cuartel_Syrah_4,2026-04-24T20:00:00,12.03,50.5,903.8,2.05
Cuartel_Syrah_4,2026-04-24T21:00:00,11.54,50.79,903.9,1.65
Cuartel_Syrah_4,2026-04-24T22:00:00,10.99,52.13,904.0,1.49
Cuartel_Syrah_4,2026-04-24T23:00:00,10.3,53.78,904.0,1.26
Cuartel_Syrah_4,2026-04-25T00:00:00,9.38,56.21,903.9,1.0
Cuartel_Syrah_4,2026-04-25T01:00:00,8.48,59.07,903.6,0.83
Cuartel_Syrah_4,2026-04-25T02:00:00,7.53,63.13,903.3,0.81
Cuartel_Syrah_4,2026-04-25T03:00:00,6.9,65.78,903.4,0.7
Cuartel_Syrah_4,2026-04-25T04:00:00,6.51,67.45,903.8,0.63
Cuartel_Syrah_4,2026-04-25T05:00:00,6.26,68.96,904.2,0.63
Cuartel_Syrah_4,2026-04-25T06:00:00,6.68,68.19,904.5,0.95
Cuartel_Syrah_4,2026-04-25T07:00:00,9.57,60.03,904.7,2.07
Cuartel_Syrah_4,2026-04-25T08:00:00,12.92,47.28,904.4,1.79
Cuartel_Syrah_4,2026-04-25T09:00:00,15.57,38.41,903.9,1.25
Cuartel_Syrah_4,2026-04-25T10:00:00,17.43,33.44,903.3,0.93
Cuartel_Syrah_4,2026-04-25T11:00:00,18.79,30.06,902.1,0.65
Cuartel_Syrah_4,2026-04-25T12:00:00,19.68,28.03,901.0,0.47
Cuartel_Syrah_4,2026-04-25T13:00:00,20.0,27.02,900.0,0.29
Cuartel_Syrah_4,2026-04-25T14:00:00,19.71,27.18,899.6,0.14
Cuartel_Syrah_4,2026-04-25T15:00:00,18.82,28.54,899.7,0.07
Cuartel_Syrah_4,2026-04-25T16:00:00,16.36,36.81,899.8,1.53
Cuartel_Syrah_4,2026-04-25T17:00:00,13.27,44.39,900.2,1.37
Cuartel_Syrah_4,2026-04-25T18:00:00,11.86,48.41,900.7,1.29
Cuartel_Syrah_4,2026-04-25T19:00:00,10.47,52.42,900.9,1.07
Cuartel_Syrah_4,2026-04-25T20:00:00,9.5,54.37,901.0,0.55
Cuartel_Syrah_4,2026-04-25T21:00:00,8.64,56.07,900.9,0.0
Cuartel_Syrah_4,2026-04-25T22:00:00,7.89,57.64,900.8,-0.54
Cuartel_Syrah_4,2026-04-25T23:00:00,7.34,57.72,900.5,-1.22
Cuartel_Syrah_4,2026-04-26T00:00:00,7.07,55.5,900.4,-2.07
Cuartel_Syrah_4,2026-04-26T01:00:00,7.26,49.97,900.1,-3.15
Cuartel_Syrah_4,2026-04-26T02:00:00,7.07,45.16,899.7,-4.5
Cuartel_Syrah_4,2026-04-26T03:00:00,6.42,42.89,899.8,-5.63
Cuartel_Syrah_4,2026-04-26T04:00:00,6.35,39.21,900.3,-6.76
Cuartel_Syrah_4,2026-04-26T05:00:00,6.7,35.23,901.2,-7.62
Cuartel_Syrah_4,2026-04-26T06:00:00,7.67,31.76,902.3,-7.83
Cuartel_Syrah_4,2026-04-26T07:00:00,11.01,28.59,903.5,-6.39
Cuartel_Syrah_4,2026-04-26T08:00:00,13.34,24.92,904.4,-6.25
Cuartel_Syrah_4,2026-04-26T09:00:00,14.8,26.12,904.6,-4.56
Cuartel_Syrah_4,2026-04-26T10:00:00,15.99,25.78,904.3,-3.68
Cuartel_Syrah_4,2026-04-26T11:00:00,16.8,24.78,903.8,-3.44
Cuartel_Syrah_4,2026-04-26T12:00:00,17.23,23.88,903.3,-3.51
Cuartel_Syrah_4,2026-04-26T13:00:00,17.08,23.72,902.9,-3.72
Cuartel_Syrah_4,2026-04-26T14:00:00,16.16,24.76,903.1,-3.86
Cuartel_Syrah_4,2026-04-26T15:00:00,14.44,27.41,903.7,-4.0
Cuartel_Syrah_4,2026-04-26T16:00:00,11.94,32.1,904.6,-4.06
Cuartel_Syrah_4,2026-04-26T17:00:00,9.0,40.11,905.5,-3.73
Cuartel_Syrah_4,2026-04-26T18:00:00,7.41,44.74,906.5,-3.72
Cuartel_Syrah_4,2026-04-26T19:00:00,6.27,47.82,907.3,-3.88
Cuartel_Syrah_4,2026-04-26T20:00:00,5.34,50.22,907.9,-4.09
Cuartel_Syrah_4,2026-04-26T21:00:00,4.58,51.78,908.2,-4.36
Cuartel_Syrah_4,2026-04-26T22:00:00,4.01,51.21,908.3,-4.97
Cuartel_Syrah_4,2026-04-26T23:00:00,3.65,49.03,908.2,-5.84
Cuartel_Syrah_4,2026-04-27T00:00:00,3.29,46.7,907.7,-6.76
Cuartel_Syrah_4,2026-04-27T01:00:00,3.01,44.54,907.2,-7.57
Cuartel_Syrah_4,2026-04-27T02:00:00,2.71,42.92,906.5,-8.29
Cuartel_Syrah_4,2026-04-27T03:00:00,2.38,41.71,905.9,-8.9
Cuartel_Syrah_4,2026-04-27T04:00:00,1.94,42.0,905.8,-9.19
Cuartel_Syrah_4,2026-04-27T05:00:00,1.49,42.95,905.8,-9.34
Cuartel_Syrah_4,2026-04-27T06:00:00,1.85,42.68,905.6,-9.12
Cuartel_Syrah_4,2026-04-27T07:00:00,5.43,34.59,905.2,-8.59
Cuartel_Syrah_4,2026-04-27T08:00:00,9.4,24.25,904.4,-9.5
Cuartel_Syrah_4,2026-04-27T09:00:00,12.49,20.83,903.6,-8.88
Cuartel_Syrah_4,2026-04-27T10:00:00,14.95,19.1,902.9,-7.99
Cuartel_Syrah_4,2026-04-27T11:00:00,17.06,17.63,901.8,-7.36
Cuartel_Syrah_4,2026-04-27T12:00:00,18.57,16.54,900.1,-6.98
Cuartel_Syrah_4,2026-04-27T13:00:00,19.35,16.06,899.1,-6.75
Cuartel_Syrah_4,2026-04-27T14:00:00,19.11,16.75,898.8,-6.41
Cuartel_Syrah_4,2026-04-27T15:00:00,17.82,19.09,899.3,-5.82
Cuartel_Syrah_4,2026-04-27T16:00:00,15.13,26.94,899.8,-3.76
Cuartel_Syrah_4,2026-04-27T17:00:00,13.35,31.65,900.0,-3.12
Cuartel_Syrah_4,2026-04-27T18:00:00,12.85,32.32,900.0,-3.22
Cuartel_Syrah_4,2026-04-27T19:00:00,12.23,34.28,900.3,-3.01
Cuartel_Syrah_4,2026-04-27T20:00:00,11.47,37.87,900.7,-2.36
Cuartel_Syrah_4,2026-04-27T21:00:00,10.67,41.96,900.8,-1.68
Cuartel_Syrah_4,2026-04-27T22:00:00,10.18,44.52,900.9,-1.34
Cuartel_Syrah_4,2026-04-27T23:00:00,9.92,45.77,900.8,-1.21
Cuartel_Syrah_4,2026-04-28T00:00:00,8.14,51.6,900.6,-1.2
Cuartel_Syrah_4,2026-04-28T01:00:00,6.81,57.52,900.3,-0.97
Cuartel_Syrah_4,2026-04-28T02:00:00,6.14,60.71,900.6,-0.87
Cuartel_Syrah_4,2026-04-28T03:00:00,5.74,61.52,901.2,-1.06
Cuartel_Syrah_4,2026-04-28T04:00:00,5.62,60.96,901.6,-1.32
Cuartel_Syrah_4,2026-04-28T05:00:00,5.59,60.47,901.9,-1.43
Cuartel_Syrah_4,2026-04-28T06:00:00,6.53,57.43,902.4,-1.26
Cuartel_Syrah_4,2026-04-28T07:00:00,11.01,43.73,902.5,-0.86
Cuartel_Syrah_4,2026-04-28T08:00:00,14.74,32.61,902.1,-1.55
Cuartel_Syrah_4,2026-04-28T09:00:00,17.26,28.68,901.3,-1.13
Cuartel_Syrah_4,2026-04-28T10:00:00,19.16,26.27,900.2,-0.7
Cuartel_Syrah_4,2026-04-28T11:00:00,20.66,24.02,898.9,-0.66
Cuartel_Syrah_4,2026-04-28T12:00:00,21.59,22.26,897.5,-0.91
Cuartel_Syrah_4,2026-04-28T13:00:00,22.17,20.92,896.3,-1.29
Cuartel_Syrah_4,2026-04-28T14:00:00,22.43,20.0,895.6,-1.7
Cuartel_Syrah_4,2026-04-28T15:00:00,21.61,20.84,895.1,-1.81
Cuartel_Syrah_4,2026-04-28T16:00:00,18.55,28.27,895.1,-0.18
Cuartel_Syrah_4,2026-04-28T17:00:00,15.07,35.7,895.5,0.02
Cuartel_Syrah_4,2026-04-28T18:00:00,14.36,38.35,895.8,0.36
Cuartel_Syrah_4,2026-04-28T19:00:00,14.04,40.24,896.1,0.71
Cuartel_Syrah_4,2026-04-28T20:00:00,13.47,43.34,896.3,1.2
Cuartel_Syrah_4,2026-04-28T21:00:00,12.74,47.12,896.3,1.67
Cuartel_Syrah_4,2026-04-28T22:00:00,12.1,51.05,896.0,2.18
Cuartel_Syrah_4,2026-04-28T23:00:00,11.68,54.26,896.0,2.69
Cuartel_Syrah_4,2026-04-29T00:00:00,10.81,58.06,896.4,2.87
Cuartel_Syrah_4,2026-04-29T01:00:00,10.41,59.19,896.7,2.76
Cuartel_Syrah_4,2026-04-29T02:00:00,10.52,58.78,896.9,2.76
Cuartel_Syrah_4,2026-04-29T03:00:00,10.79,57.07,896.9,2.6
Cuartel_Syrah_4,2026-04-29T04:00:00,10.0,58.79,897.5,2.29
Cuartel_Syrah_4,2026-04-29T05:00:00,9.13,60.65,898.2,1.91
Cuartel_Syrah_4,2026-04-29T06:00:00,9.71,57.19,899.0,1.64
Cuartel_Syrah_4,2026-04-29T07:00:00,14.83,41.03,899.7,1.7
Cuartel_Syrah_4,2026-04-29T08:00:00,18.65,30.47,900.3,0.87
Cuartel_Syrah_4,2026-04-29T09:00:00,20.86,27.8,900.6,1.51
Cuartel_Syrah_4,2026-04-29T10:00:00,21.99,26.69,900.4,1.99
Cuartel_Syrah_4,2026-04-29T11:00:00,22.92,24.65,900.0,1.67
Cuartel_Syrah_4,2026-04-29T12:00:00,23.48,23.32,899.3,1.37
Cuartel_Syrah_4,2026-04-29T13:00:00,23.57,23.07,898.6,1.3
Cuartel_Syrah_4,2026-04-29T14:00:00,23.15,23.81,898.2,1.41
Cuartel_Syrah_4,2026-04-29T15:00:00,22.16,25.44,898.0,1.5
Cuartel_Syrah_4,2026-04-29T16:00:00,19.29,31.77,898.1,2.11
Cuartel_Syrah_4,2026-04-29T17:00:00,15.6,40.29,898.5,2.18
Cuartel_Syrah_4,2026-04-29T18:00:00,14.49,42.52,899.0,1.92
Cuartel_Syrah_4,2026-04-29T19:00:00,13.43,44.35,899.2,1.54
Cuartel_Syrah_4,2026-04-29T20:00:00,12.38,46.2,899.2,1.16
Cuartel_Syrah_4,2026-04-29T21:00:00,11.46,48.23,899.0,0.87
Cuartel_Syrah_4,2026-04-29T22:00:00,10.67,50.58,898.5,0.78
Cuartel_Syrah_4,2026-04-29T23:00:00,10.23,52.75,897.9,0.93
Cuartel_Syrah_4,2026-04-30T00:00:00,10.04,55.12,897.2,1.32
Cuartel_Syrah_4,2026-04-30T01:00:00,9.73,58.96,896.3,1.93
Cuartel_Syrah_4,2026-04-30T02:00:00,9.38,63.72,895.7,2.64
Cuartel_Syrah_4,2026-04-30T03:00:00,8.93,68.54,895.3,3.22
Cuartel_Syrah_4,2026-04-30T04:00:00,8.49,72.79,895.2,3.66
Cuartel_Syrah_4,2026-04-30T05:00:00,8.14,76.66,895.3,4.06
Cuartel_Syrah_4,2026-04-30T06:00:00,8.38,77.39,895.6,4.43
Cuartel_Syrah_4,2026-04-30T07:00:00,11.45,65.66,895.9,5.11
Cuartel_Syrah_4,2026-04-30T08:00:00,15.59,51.1,895.8,5.31
Cuartel_Syrah_4,2026-04-30T09:00:00,18.86,42.37,895.3,5.56
Cuartel_Syrah_4,2026-04-30T10:00:00,21.37,35.62,894.5,5.35
Cuartel_Syrah_4,2026-04-30T11:00:00,23.22,30.19,893.5,4.63
Cuartel_Syrah_4,2026-04-30T12:00:00,24.46,26.97,892.5,4.12
Cuartel_Syrah_4,2026-04-30T13:00:00,24.99,25.66,891.7,3.89
Cuartel_Syrah_4,2026-04-30T14:00:00,24.78,25.98,891.5,3.87
Cuartel_Syrah_4,2026-04-30T15:00:00,23.67,28.07,891.8,4.04
Cuartel_Syrah_4,2026-04-30T16:00:00,20.33,37.47,892.3,5.34
Cuartel_Syrah_4,2026-04-30T17:00:00,16.99,46.58,892.9,5.47
Cuartel_Syrah_4,2026-04-30T18:00:00,15.79,51.59,893.6,5.81
Cuartel_Syrah_4,2026-04-30T19:00:00,14.24,58.7,894.0,6.17
Cuartel_Syrah_4,2026-04-30T20:00:00,13.22,64.06,894.3,6.39
Cuartel_Syrah_4,2026-04-30T21:00:00,12.5,68.25,894.4,6.53
Cuartel_Syrah_4,2026-04-30T22:00:00,11.75,72.23,894.5,6.53
Cuartel_Syrah_4,2026-04-30T23:00:00,10.94,75.89,894.6,6.4
Cuartel_Syrah_4,2026-05-01T00:00:00,10.33,77.56,894.6,6.11
Cuartel_Syrah_4,2026-05-01T01:00:00,9.97,75.48,894.3,5.35
Cuartel_Syrah_4,2026-05-01T02:00:00,9.62,71.66,894.2,4.26
Cuartel_Syrah_4,2026-05-01T03:00:00,9.81,64.4,894.3,2.93
Cuartel_Syrah_4,2026-05-01T04:00:00,9.97,57.24,895.1,1.55
Cuartel_Syrah_4,2026-05-01T05:00:00,10.05,52.35,896.2,0.52
Cuartel_Syrah_4,2026-05-01T06:00:00,10.28,48.64,897.5,-0.15
Cuartel_Syrah_4,2026-05-01T07:00:00,12.91,40.73,898.6,-0.14
Cuartel_Syrah_4,2026-05-01T08:00:00,16.04,29.82,899.1,-1.62
Cuartel_Syrah_4,2026-05-01T09:00:00,18.33,25.11,899.0,-1.98
Cuartel_Syrah_4,2026-05-01T10:00:00,20.22,24.02,899.0,-1.07
Cuartel_Syrah_4,2026-05-01T11:00:00,21.42,23.88,898.8,-0.15
Cuartel_Syrah_4,2026-05-01T12:00:00,22.06,23.67,898.8,0.28
Cuartel_Syrah_4,2026-05-01T13:00:00,22.11,23.81,898.9,0.44
Cuartel_Syrah_4,2026-05-01T14:00:00,21.49,24.8,899.3,0.52
Cuartel_Syrah_4,2026-05-01T15:00:00,20.04,27.39,900.1,0.66
Cuartel_Syrah_4,2026-05-01T16:00:00,17.37,33.15,901.7,1.03
Cuartel_Syrah_4,2026-05-01T17:00:00,14.1,42.29,903.3,1.51
Cuartel_Syrah_4,2026-05-01T18:00:00,12.51,47.09,904.8,1.57
Cuartel_Syrah_4,2026-05-01T19:00:00,11.22,51.14,906.3,1.52
Cuartel_Syrah_4,2026-05-01T20:00:00,10.17,55.17,907.6,1.59
Cuartel_Syrah_4,2026-05-01T21:00:00,9.32,59.35,908.8,1.81
Cuartel_Syrah_4,2026-05-01T22:00:00,8.46,63.75,909.7,2.02
Cuartel_Syrah_4,2026-05-01T23:00:00,7.64,67.73,910.3,2.07
Cuartel_Syrah_4,2026-05-02T00:00:00,6.91,69.18,910.5,1.66
Cuartel_Syrah_4,2026-05-02T01:00:00,6.18,67.38,910.8,0.6
Cuartel_Syrah_4,2026-05-02T02:00:00,5.48,63.8,911.0,-0.86
Cuartel_Syrah_4,2026-05-02T03:00:00,4.78,60.38,911.1,-2.29
Cuartel_Syrah_4,2026-05-02T04:00:00,4.22,58.05,911.3,-3.31
Cuartel_Syrah_4,2026-05-02T05:00:00,3.78,56.8,911.8,-4.01
Cuartel_Syrah_4,2026-05-02T06:00:00,3.79,54.61,912.2,-4.47
Cuartel_Syrah_4,2026-05-02T07:00:00,6.3,42.63,912.5,-5.33
Cuartel_Syrah_4,2026-05-02T08:00:00,9.29,31.02,912.4,-6.67
Cuartel_Syrah_4,2026-05-02T09:00:00,11.9,24.47,911.7,-7.45
Cuartel_Syrah_4,2026-05-02T10:00:00,13.61,21.95,910.8,-7.39
Cuartel_Syrah_4,2026-05-02T11:00:00,14.82,20.96,909.8,-6.98
Cuartel_Syrah_4,2026-05-02T12:00:00,15.74,20.63,908.6,-6.46
Cuartel_Syrah_4,2026-05-02T13:00:00,16.34,20.77,907.6,-5.93
Cuartel_Syrah_4,2026-05-02T14:00:00,16.43,21.65,907.1,-5.38
Cuartel_Syrah_4,2026-05-02T15:00:00,15.72,23.79,906.9,-4.75
Cuartel_Syrah_4,2026-05-02T16:00:00,13.35,29.62,906.8,-3.9
Cuartel_Syrah_4,2026-05-02T17:00:00,10.22,38.29,906.9,-3.29
Cuartel_Syrah_4,2026-05-02T18:00:00,9.43,41.36,906.9,-2.98
Cuartel_Syrah_4,2026-05-02T19:00:00,8.99,43.36,906.8,-2.72
Cuartel_Syrah_4,2026-05-02T20:00:00,8.77,45.02,906.4,-2.46
Cuartel_Syrah_4,2026-05-02T21:00:00,8.69,46.39,905.8,-2.12
Cuartel_Syrah_4,2026-05-02T22:00:00,8.52,49.36,905.0,-1.5
Cuartel_Syrah_4,2026-05-02T23:00:00,8.26,55.75,904.1,-0.19
Cuartel_Syrah_4,2026-05-03T00:00:00,8.07,65.66,903.2,1.73
Cuartel_Syrah_4,2026-05-03T01:00:00,7.76,74.65,902.3,3.09
Cuartel_Syrah_4,2026-05-03T02:00:00,7.37,77.86,901.6,3.31
Cuartel_Syrah_4,2026-05-03T03:00:00,6.88,77.16,901.2,2.8
Cuartel_Syrah_4,2026-05-03T04:00:00,6.23,76.0,901.3,2.0
Cuartel_Syrah_4,2026-05-03T05:00:00,5.6,75.12,901.3,1.24
Cuartel_Syrah_4,2026-05-03T06:00:00,5.59,72.15,901.2,0.65
Cuartel_Syrah_4,2026-05-03T07:00:00,8.71,58.38,901.1,0.84
Cuartel_Syrah_4,2026-05-03T08:00:00,12.5,43.44,900.8,0.21
Cuartel_Syrah_4,2026-05-03T09:00:00,15.74,34.7,900.1,-0.06
Cuartel_Syrah_4,2026-05-03T10:00:00,18.3,29.41,899.5,-0.13
Cuartel_Syrah_4,2026-05-03T11:00:00,20.13,26.33,898.3,-0.08
Cuartel_Syrah_4,2026-05-03T12:00:00,21.55,23.99,897.5,-0.14
Cuartel_Syrah_4,2026-05-03T13:00:00,21.96,23.21,896.8,-0.24
Cuartel_Syrah_4,2026-05-03T14:00:00,21.93,23.25,896.5,-0.25
Cuartel_Syrah_4,2026-05-03T15:00:00,21.29,25.08,896.5,0.3
Cuartel_Syrah_4,2026-05-03T16:00:00,17.68,33.96,896.8,1.59
Cuartel_Syrah_4,2026-05-03T17:00:00,14.61,40.12,897.3,1.15
Cuartel_Syrah_4,2026-05-03T18:00:00,13.54,43.69,897.9,1.3
Cuartel_Syrah_4,2026-05-03T19:00:00,13.1,46.01,897.9,1.56
Cuartel_Syrah_4,2026-05-03T20:00:00,12.62,48.54,897.7,1.81
Cuartel_Syrah_4,2026-05-03T21:00:00,11.67,52.5,897.4,1.91
Cuartel_Syrah_4,2026-05-03T22:00:00,10.64,57.31,897.0,2.08
Cuartel_Syrah_4,2026-05-03T23:00:00,10.03,60.83,896.6,2.3
Cuartel_Syrah_4,2026-05-04T00:00:00,9.57,63.44,896.4,2.42
Cuartel_Syrah_4,2026-05-04T01:00:00,8.89,66.54,896.3,2.44
Cuartel_Syrah_4,2026-05-04T02:00:00,8.67,67.41,896.3,2.42
Cuartel_Syrah_4,2026-05-04T03:00:00,8.77,66.56,896.2,2.4
Cuartel_Syrah_4,2026-05-04T04:00:00,9.09,64.03,896.2,2.26
Cuartel_Syrah_4,2026-05-04T05:00:00,8.98,62.78,896.6,1.91
Cuartel_Syrah_4,2026-05-04T06:00:00,8.99,59.65,897.1,1.25
Cuartel_Syrah_4,2026-05-04T07:00:00,12.57,44.46,897.5,0.63
Cuartel_Syrah_4,2026-05-04T08:00:00,16.82,31.47,897.5,-0.44
Cuartel_Syrah_4,2026-05-04T09:00:00,20.29,24.89,897.1,-0.67
Cuartel_Syrah_4,2026-05-04T10:00:00,22.68,21.17,896.3,-0.79
Cuartel_Syrah_4,2026-05-04T11:00:00,24.23,19.16,895.3,-0.81
Cuartel_Syrah_4,2026-05-04T12:00:00,24.99,18.74,894.3,-0.46
Cuartel_Syrah_4,2026-05-04T13:00:00,24.77,19.71,893.6,0.02
Cuartel_Syrah_4,2026-05-04T14:00:00,23.83,21.57,893.4,0.5
Cuartel_Syrah_4,2026-05-04T15:00:00,22.26,25.63,893.5,1.6
Cuartel_Syrah_4,2026-05-04T16:00:00,19.23,32.76,893.7,2.49
Cuartel_Syrah_4,2026-05-04T17:00:00,16.33,38.43,894.2,2.12
Cuartel_Syrah_4,2026-05-04T18:00:00,15.39,40.51,895.0,1.97
Cuartel_Syrah_4,2026-05-04T19:00:00,14.56,42.95,895.7,2.02
Cuartel_Syrah_4,2026-05-04T20:00:00,13.77,45.6,896.3,2.08
Cuartel_Syrah_4,2026-05-04T21:00:00,13.13,47.93,896.4,2.21
Cuartel_Syrah_4,2026-05-04T22:00:00,12.56,49.94,896.4,2.25
Cuartel_Syrah_4,2026-05-04T23:00:00,12.25,50.77,896.4,2.19
Cuartel_Syrah_4,2026-05-05T00:00:00,12.41,50.25,896.5,2.18
Cuartel_Syrah_4,2026-05-05T01:00:00,11.99,52.07,896.5,2.25
Cuartel_Syrah_4,2026-05-05T02:00:00,11.57,54.27,896.5,2.37
Cuartel_Syrah_4,2026-05-05T03:00:00,11.29,56.46,896.6,2.59
Cuartel_Syrah_4,2026-05-05T04:00:00,10.99,58.59,896.8,2.81
Cuartel_Syrah_4,2026-05-05T05:00:00,10.08,62.98,897.2,2.92
Cuartel_Syrah_4,2026-05-05T06:00:00,9.78,64.54,897.7,2.97
Cuartel_Syrah_4,2026-05-05T07:00:00,12.57,55.04,898.2,3.54
Cuartel_Syrah_4,2026-05-05T08:00:00,16.18,44.05,898.5,3.64
Cuartel_Syrah_4,2026-05-05T09:00:00,19.06,36.46,898.2,3.55
Cuartel_Syrah_4,2026-05-05T10:00:00,20.97,32.54,897.6,3.71
Cuartel_Syrah_4,2026-05-05T11:00:00,21.98,31.05,896.8,3.97
Cuartel_Syrah_4,2026-05-05T12:00:00,22.52,30.29,896.2,4.15
Cuartel_Syrah_4,2026-05-05T13:00:00,22.8,29.97,895.8,4.24
Cuartel_Syrah_4,2026-05-05T14:00:00,22.32,31.06,895.6,4.35
Cuartel_Syrah_4,2026-05-05T15:00:00,21.2,34.06,895.8,4.69
Cuartel_Syrah_4,2026-05-05T16:00:00,18.17,43.2,896.3,5.45
Cuartel_Syrah_4,2026-05-05T17:00:00,15.66,51.17,896.9,5.61
Cuartel_Syrah_4,2026-05-05T18:00:00,14.8,53.94,897.5,5.55
Cuartel_Syrah_4,2026-05-05T19:00:00,13.77,57.23,897.8,5.38
Cuartel_Syrah_4,2026-05-05T20:00:00,12.98,60.54,897.8,5.36
Cuartel_Syrah_4,2026-05-05T21:00:00,12.14,64.27,897.6,5.34
Cuartel_Syrah_4,2026-05-05T22:00:00,11.4,67.56,897.2,5.26
Cuartel_Syrah_4,2026-05-05T23:00:00,10.89,69.62,896.5,5.1
Cuartel_Syrah_4,2026-05-06T00:00:00,10.39,71.0,895.7,4.84
Cuartel_Syrah_4,2026-05-06T01:00:00,10.0,71.09,895.1,4.44
Cuartel_Syrah_4,2026-05-06T02:00:00,9.84,68.52,894.5,3.74
Cuartel_Syrah_4,2026-05-06T03:00:00,9.78,63.69,894.1,2.7
Cuartel_Syrah_4,2026-05-06T04:00:00,9.93,56.27,894.0,1.2
Cuartel_Syrah_4,2026-05-06T05:00:00,10.36,48.66,894.2,-0.33
Cuartel_Syrah_4,2026-05-06T06:00:00,11.19,43.99,894.0,-0.91
Cuartel_Syrah_4,2026-05-06T07:00:00,14.6,38.88,894.0,0.56
Cuartel_Syrah_4,2026-05-06T08:00:00,18.32,35.15,893.8,2.17
Cuartel_Syrah_4,2026-05-06T09:00:00,21.04,32.36,893.2,2.96
Cuartel_Syrah_4,2026-05-06T10:00:00,23.61,24.03,892.3,0.82
Cuartel_Syrah_4,2026-05-06T11:00:00,25.58,15.82,891.5,-2.7
Cuartel_Syrah_4,2026-05-06T12:00:00,26.52,10.8,890.7,-6.36
Cuartel_Syrah_4,2026-05-06T13:00:00,26.45,8.9,890.3,-8.62
Cuartel_Syrah_4,2026-05-06T14:00:00,25.29,9.71,890.7,-8.44
Cuartel_Syrah_4,2026-05-06T15:00:00,23.38,11.99,891.3,-7.34
Cuartel_Syrah_4,2026-05-06T16:00:00,19.25,18.71,891.7,-5.04
Cuartel_Syrah_4,2026-05-06T17:00:00,15.55,26.48,891.9,-3.57
Cuartel_Syrah_4,2026-05-06T18:00:00,15.26,27.89,892.2,-3.13
Cuartel_Syrah_4,2026-05-06T19:00:00,15.85,26.62,892.4,-3.24
Cuartel_Syrah_4,2026-05-06T20:00:00,15.12,28.4,892.5,-3.02
Cuartel_Syrah_4,2026-05-06T21:00:00,12.89,34.48,893.0,-2.37
Cuartel_Syrah_4,2026-05-06T22:00:00,11.33,40.79,893.5,-1.52
Cuartel_Syrah_4,2026-05-06T23:00:00,10.94,46.91,893.8,-0.03
Cuartel_Syrah_4,2026-05-07T00:00:00,10.01,51.57,894.4,0.2
Cuartel_Syrah_4,2026-05-07T01:00:00,9.07,52.14,895.3,-0.8
Cuartel_Syrah_4,2026-05-07T02:00:00,9.13,48.75,895.9,-1.93
Cuartel_Syrah_4,2026-05-07T03:00:00,9.01,46.55,896.5,-2.82
Cuartel_Syrah_4,2026-05-07T04:00:00,8.45,43.2,897.1,-4.33
Cuartel_Syrah_4,2026-05-07T05:00:00,7.28,39.92,897.9,-6.32
Cuartel_Syrah_4,2026-05-07T06:00:00,6.85,40.57,898.5,-6.26
Cuartel_Syrah_4,2026-05-07T07:00:00,9.85,36.43,899.3,-4.84
Cuartel_Syrah_4,2026-05-07T08:00:00,13.44,24.91,899.5,-6.75
Cuartel_Syrah_4,2026-05-07T09:00:00,16.23,18.61,899.2,-8.18
Cuartel_Syrah_4,2026-05-07T10:00:00,17.91,16.44,898.5,-8.21
Cuartel_Syrah_4,2026-05-07T11:00:00,19.02,15.26,897.8,-8.17
Cuartel_Syrah_4,2026-05-07T12:00:00,19.8,14.15,897.2,-8.43
Cuartel_Syrah_4,2026-05-07T13:00:00,20.25,13.21,897.0,-8.86
Cuartel_Syrah_4,2026-05-07T14:00:00,20.23,12.44,896.8,-9.46
Cuartel_Syrah_4,2026-05-07T15:00:00,19.43,12.24,896.6,-10.07
Cuartel_Syrah_4,2026-05-07T16:00:00,15.34,19.57,896.8,-7.43
Cuartel_Syrah_4,2026-05-07T17:00:00,13.4,20.61,897.3,-8.27
Cuartel_Syrah_4,2026-05-07T18:00:00,12.37,22.37,898.2,-8.13
Cuartel_Syrah_4,2026-05-07T19:00:00,11.11,25.64,898.8,-7.52
Cuartel_Syrah_4,2026-05-07T20:00:00,9.63,29.64,899.2,-6.93
Cuartel_Syrah_4,2026-05-07T21:00:00,8.34,32.76,900.0,-6.84
Cuartel_Syrah_4,2026-05-07T22:00:00,7.48,34.34,900.5,-6.99
Cuartel_Syrah_4,2026-05-07T23:00:00,6.58,36.38,900.6,-7.03
Cuartel_Syrah_4,2026-05-08T00:00:00,5.59,39.74,900.3,-6.79
Cuartel_Syrah_4,2026-05-08T01:00:00,4.69,43.14,900.0,-6.53
Cuartel_Syrah_4,2026-05-08T02:00:00,4.09,45.7,900.0,-6.33
Cuartel_Syrah_4,2026-05-08T03:00:00,3.5,48.19,899.9,-6.22
Cuartel_Syrah_4,2026-05-08T04:00:00,3.03,50.2,900.0,-6.1
Cuartel_Syrah_4,2026-05-08T05:00:00,2.65,52.37,900.3,-5.92
Cuartel_Syrah_4,2026-05-08T06:00:00,2.68,53.25,900.6,-5.68
Cuartel_Syrah_4,2026-05-08T07:00:00,5.49,45.15,900.7,-5.26
Cuartel_Syrah_4,2026-05-08T08:00:00,8.77,36.8,900.2,-5.04
Cuartel_Syrah_4,2026-05-08T09:00:00,11.63,30.25,899.0,-5.11
Cuartel_Syrah_4,2026-05-08T10:00:00,13.97,25.54,897.5,-5.34
Cuartel_Syrah_4,2026-05-08T11:00:00,15.83,22.3,896.0,-5.51
Cuartel_Syrah_4,2026-05-08T12:00:00,17.31,20.12,894.7,-5.62
Cuartel_Syrah_4,2026-05-08T13:00:00,18.57,18.3,893.6,-5.79
Cuartel_Syrah_4,2026-05-08T14:00:00,19.41,17.22,892.6,-5.88
Cuartel_Syrah_4,2026-05-08T15:00:00,18.98,17.94,892.5,-5.69
Cuartel_Syrah_4,2026-05-08T16:00:00,15.17,25.46,894.3,-4.38
Cuartel_Syrah_4,2026-05-08T17:00:00,9.86,47.96,898.5,-0.76
Cuartel_Syrah_4,2026-05-08T18:00:00,5.52,75.92,902.1,1.61
Cuartel_Syrah_4,2026-05-08T19:00:00,4.51,77.36,904.1,0.92
Cuartel_Syrah_4,2026-05-08T20:00:00,4.81,69.13,905.3,-0.35
Cuartel_Syrah_4,2026-05-08T21:00:00,5.35,57.41,906.4,-2.41
Cuartel_Syrah_4,2026-05-08T22:00:00,4.89,52.29,907.3,-4.01
Cuartel_Syrah_4,2026-05-08T23:00:00,3.5,54.36,907.9,-4.77
Cuartel_Syrah_4,2026-05-09T00:00:00,3.02,54.73,908.3,-5.07
Cuartel_Syrah_4,2026-05-09T01:00:00,3.1,54.04,908.4,-5.16
Cuartel_Syrah_4,2026-05-09T02:00:00,3.04,54.85,908.4,-5.02
Cuartel_Syrah_4,2026-05-09T03:00:00,2.78,57.05,908.6,-4.73
Cuartel_Syrah_4,2026-05-09T04:00:00,2.55,59.2,909.0,-4.46
Cuartel_Syrah_4,2026-05-09T05:00:00,2.39,61.13,909.6,-4.23
Cuartel_Syrah_4,2026-05-09T06:00:00,2.65,60.45,910.4,-4.12
Cuartel_Syrah_4,2026-05-09T07:00:00,5.09,49.79,911.2,-4.41
Cuartel_Syrah_4,2026-05-09T08:00:00,7.22,42.85,911.5,-4.42
Cuartel_Syrah_4,2026-05-09T09:00:00,8.82,39.58,911.3,-4.06
Cuartel_Syrah_4,2026-05-09T10:00:00,10.34,35.83,910.8,-4.04
Cuartel_Syrah_4,2026-05-09T11:00:00,11.56,32.58,910.0,-4.18
Cuartel_Syrah_4,2026-05-09T12:00:00,12.38,30.33,909.1,-4.41
Cuartel_Syrah_4,2026-05-09T13:00:00,12.78,28.93,908.7,-4.67
Cuartel_Syrah_4,2026-05-09T14:00:00,12.64,28.7,908.6,-4.89
Cuartel_Syrah_4,2026-05-09T15:00:00,11.83,30.07,908.7,-4.98
Cuartel_Syrah_4,2026-05-09T16:00:00,9.28,36.76,908.6,-4.61
Cuartel_Syrah_4,2026-05-09T17:00:00,6.45,45.33,908.5,-4.37
Cuartel_Syrah_4,2026-05-09T18:00:00,5.54,49.09,908.7,-4.17
Cuartel_Syrah_4,2026-05-09T19:00:00,4.65,53.1,908.9,-3.95
Cuartel_Syrah_4,2026-05-09T20:00:00,3.94,56.72,909.1,-3.75
Cuartel_Syrah_4,2026-05-09T21:00:00,3.3,60.09,909.0,-3.6
Cuartel_Syrah_4,2026-05-09T22:00:00,2.78,62.73,909.0,-3.55
Cuartel_Syrah_4,2026-05-09T23:00:00,2.42,64.15,908.8,-3.59
Cuartel_Syrah_4,2026-05-10T00:00:00,2.04,65.68,908.5,-3.63
Cuartel_Syrah_4,2026-05-10T01:00:00,1.71,67.0,908.0,-3.73
Cuartel_Syrah_4,2026-05-10T02:00:00,1.43,67.47,907.6,-3.9
Cuartel_Syrah_4,2026-05-10T03:00:00,1.17,67.61,907.0,-4.15
Cuartel_Syrah_4,2026-05-10T04:00:00,1.15,66.14,906.5,-4.5
Cuartel_Syrah_4,2026-05-10T05:00:00,1.34,64.14,906.2,-4.8
Cuartel_Syrah_4,2026-05-10T06:00:00,1.75,62.08,906.2,-4.87
Cuartel_Syrah_4,2026-05-10T07:00:00,5.31,50.25,906.6,-4.19
Cuartel_Syrah_4,2026-05-10T08:00:00,9.03,38.07,906.8,-4.61
Cuartel_Syrah_4,2026-05-10T09:00:00,12.59,30.03,906.6,-4.5
Cuartel_Syrah_4,2026-05-10T10:00:00,15.37,25.06,906.4,-4.46
Cuartel_Syrah_4,2026-05-10T11:00:00,17.48,21.54,906.2,-4.64
Cuartel_Syrah_4,2026-05-10T12:00:00,18.48,20.23,906.0,-4.6
Cuartel_Syrah_4,2026-05-10T13:00:00,18.86,19.74,905.7,-4.62
Cuartel_Syrah_4,2026-05-10T14:00:00,18.62,20.11,905.7,-4.56
Cuartel_Syrah_4,2026-05-10T15:00:00,17.46,21.85,905.9,-4.42
Cuartel_Syrah_4,2026-05-10T16:00:00,13.22,30.81,906.3,-3.53
Cuartel_Syrah_4,2026-05-10T17:00:00,10.17,37.47,906.7,-3.62
Cuartel_Syrah_4,2026-05-10T18:00:00,9.15,40.15,907.1,-3.58
Cuartel_Syrah_4,2026-05-10T19:00:00,8.1,43.26,907.3,-3.53
Cuartel_Syrah_4,2026-05-10T20:00:00,7.19,46.31,907.3,-3.48
Cuartel_Syrah_4,2026-05-10T21:00:00,6.37,49.28,906.9,-3.43
Cuartel_Syrah_4,2026-05-10T22:00:00,5.69,51.79,906.4,-3.4
Cuartel_Syrah_4,2026-05-10T23:00:00,5.3,53.34,905.9,-3.45
Cuartel_Syrah_4,2026-05-11T00:00:00,5.01,54.4,905.3,-3.51
Cuartel_Syrah_4,2026-05-11T01:00:00,4.6,56.11,904.7,-3.55
Cuartel_Syrah_4,2026-05-11T02:00:00,4.15,57.87,904.1,-3.62
Cuartel_Syrah_4,2026-05-11T03:00:00,3.73,59.58,903.7,-3.7
Cuartel_Syrah_4,2026-05-11T04:00:00,3.34,60.86,903.5,-3.82
Cuartel_Syrah_4,2026-05-11T05:00:00,3.07,61.66,903.5,-3.95
Cuartel_Syrah_4,2026-05-11T06:00:00,3.29,60.53,903.8,-4.03
Cuartel_Syrah_4,2026-05-11T07:00:00,6.9,48.83,904.2,-3.32
Cuartel_Syrah_4,2026-05-11T08:00:00,11.11,36.85,904.2,-3.2
Cuartel_Syrah_4,2026-05-11T09:00:00,15.01,26.93,903.8,-4.12
Cuartel_Syrah_4,2026-05-11T10:00:00,18.31,21.55,903.3,-4.19
Cuartel_Syrah_4,2026-05-11T11:00:00,20.74,17.68,902.5,-4.69
Cuartel_Syrah_4,2026-05-11T12:00:00,22.38,15.13,901.6,-5.3
Cuartel_Syrah_4,2026-05-11T13:00:00,23.18,13.94,900.9,-5.65
Cuartel_Syrah_4,2026-05-11T14:00:00,22.94,14.19,900.7,-5.61
Cuartel_Syrah_4,2026-05-11T15:00:00,21.42,16.37,901.0,-5.02
Cuartel_Syrah_4,2026-05-11T16:00:00,16.2,25.52,901.6,-3.48
Cuartel_Syrah_4,2026-05-11T17:00:00,13.41,29.54,902.2,-3.9
Cuartel_Syrah_4,2026-05-11T18:00:00,11.92,32.7,902.7,-3.86
Cuartel_Syrah_4,2026-05-11T19:00:00,10.83,35.38,902.9,-3.86
Cuartel_Syrah_4,2026-05-11T20:00:00,9.89,38.03,903.1,-3.84
Cuartel_Syrah_4,2026-05-11T21:00:00,9.57,38.49,903.0,-4.06
Cuartel_Syrah_4,2026-05-11T22:00:00,10.41,34.78,902.8,-4.71
Cuartel_Syrah_4,2026-05-11T23:00:00,10.76,31.28,902.7,-5.7
Cuartel_Syrah_4,2026-05-12T00:00:00,10.82,27.8,902.5,-7.05
Cuartel_Syrah_4,2026-05-12T01:00:00,10.83,24.22,902.3,-8.68
Cuartel_Syrah_4,2026-05-12T02:00:00,11.06,22.42,902.1,-9.3
Cuartel_Syrah_4,2026-05-12T03:00:00,10.82,21.55,902.2,-9.9
Cuartel_Syrah_4,2026-05-12T04:00:00,10.67,20.65,902.4,-10.51
Cuartel_Syrah_4,2026-05-12T05:00:00,10.46,20.26,902.8,-10.84
Cuartel_Syrah_4,2026-05-12T06:00:00,9.93,21.6,903.3,-10.46
Cuartel_Syrah_4,2026-05-12T07:00:00,13.46,22.27,903.8,-7.39
Cuartel_Syrah_4,2026-05-12T08:00:00,17.9,19.8,904.1,-5.61
Cuartel_Syrah_4,2026-05-12T09:00:00,20.35,22.32,904.0,-2.25
Cuartel_Syrah_4,2026-05-12T10:00:00,22.06,22.48,903.4,-0.66
Cuartel_Syrah_4,2026-05-12T11:00:00,23.08,22.03,902.4,-0.03
Cuartel_Syrah_4,2026-05-12T12:00:00,23.61,21.41,901.3,0.14
Cuartel_Syrah_4,2026-05-12T13:00:00,23.58,21.48,900.7,0.23
Cuartel_Syrah_4,2026-05-12T14:00:00,23.02,22.32,900.5,0.32
Cuartel_Syrah_4,2026-05-12T15:00:00,21.56,24.9,900.6,0.63
Cuartel_Syrah_4,2026-05-12T16:00:00,16.95,35.51,901.1,1.6
Cuartel_Syrah_4,2026-05-12T17:00:00,14.66,41.49,901.8,1.71
Cuartel_Syrah_4,2026-05-12T18:00:00,13.35,45.78,902.5,1.86
Cuartel_Syrah_4,2026-05-12T19:00:00,12.07,50.74,903.1,2.01
Cuartel_Syrah_4,2026-05-12T20:00:00,11.47,54.42,903.7,2.25
Cuartel_Syrah_4,2026-05-12T21:00:00,10.7,59.22,904.1,2.52
Cuartel_Syrah_4,2026-05-12T22:00:00,10.05,63.38,904.3,2.77
Cuartel_Syrah_4,2026-05-12T23:00:00,9.55,66.86,904.0,3.03
Cuartel_Syrah_4,2026-05-13T00:00:00,8.81,71.12,903.4,3.21
Cuartel_Syrah_4,2026-05-13T01:00:00,8.17,74.62,902.7,3.24
Cuartel_Syrah_4,2026-05-13T02:00:00,7.87,76.52,902.2,3.21
Cuartel_Syrah_4,2026-05-13T03:00:00,7.62,78.23,901.9,3.24
Cuartel_Syrah_4,2026-05-13T04:00:00,7.42,79.43,901.8,3.19
Cuartel_Syrah_4,2026-05-13T05:00:00,7.22,80.52,901.7,3.11
Cuartel_Syrah_4,2026-05-13T06:00:00,7.38,79.77,901.6,3.11
Cuartel_Syrah_4,2026-05-13T07:00:00,10.79,64.92,901.5,3.73
Cuartel_Syrah_4,2026-05-13T08:00:00,14.61,51.82,901.4,4.32
Cuartel_Syrah_4,2026-05-13T09:00:00,17.84,40.61,901.2,3.85
Cuartel_Syrah_4,2026-05-13T10:00:00,20.12,33.81,900.9,3.44
Cuartel_Syrah_4,2026-05-13T11:00:00,21.6,29.67,900.2,2.97
Cuartel_Syrah_4,2026-05-13T12:00:00,22.64,26.73,899.4,2.44
Cuartel_Syrah_4,2026-05-13T13:00:00,23.18,24.99,898.7,1.97
Cuartel_Syrah_4,2026-05-13T14:00:00,22.87,24.94,898.3,1.69
Cuartel_Syrah_4,2026-05-13T15:00:00,21.66,26.8,898.7,1.7
Cuartel_Syrah_4,2026-05-13T16:00:00,17.46,35.83,899.3,2.17
Cuartel_Syrah_4,2026-05-13T17:00:00,15.1,41.51,900.0,2.13
Cuartel_Syrah_4,2026-05-13T18:00:00,14.76,42.37,900.6,2.1
Cuartel_Syrah_4,2026-05-13T19:00:00,14.07,44.24,901.1,2.05
Cuartel_Syrah_4,2026-05-13T20:00:00,13.5,46.38,901.3,2.18
Cuartel_Syrah_4,2026-05-13T21:00:00,13.21,48.88,901.3,2.61
Cuartel_Syrah_4,2026-05-13T22:00:00,12.3,55.63,901.5,3.53
Cuartel_Syrah_4,2026-05-13T23:00:00,11.07,66.59,901.9,4.81
Cuartel_Syrah_4,2026-05-14T00:00:00,9.86,77.06,902.2,5.64
Cuartel_Syrah_4,2026-05-14T01:00:00,9.35,81.1,902.2,5.84
Cuartel_Syrah_4,2026-05-14T02:00:00,9.09,82.29,902.3,5.77
Cuartel_Syrah_4,2026-05-14T03:00:00,8.83,83.14,902.6,5.7
Cuartel_Syrah_4,2026-05-14T04:00:00,8.76,83.33,903.1,5.72
Cuartel_Syrah_4,2026-05-14T05:00:00,8.82,83.95,903.8,5.93
Cuartel_Syrah_4,2026-05-14T06:00:00,8.79,85.47,904.7,6.26
Cuartel_Syrah_4,2026-05-14T07:00:00,9.75,81.72,905.3,6.65
Cuartel_Syrah_4,2026-05-14T08:00:00,11.45,73.11,905.7,6.67
Cuartel_Syrah_4,2026-05-14T09:00:00,13.34,64.37,905.7,6.64
Cuartel_Syrah_4,2026-05-14T10:00:00,15.09,57.54,905.4,6.71
Cuartel_Syrah_4,2026-05-14T11:00:00,16.46,52.66,904.7,6.72
Cuartel_Syrah_4,2026-05-14T12:00:00,17.32,49.02,903.9,6.5
Cuartel_Syrah_4,2026-05-14T13:00:00,17.72,46.06,903.2,5.98
Cuartel_Syrah_4,2026-05-14T14:00:00,17.5,45.1,902.8,5.48
Cuartel_Syrah_4,2026-05-14T15:00:00,16.7,46.07,902.7,5.06
Cuartel_Syrah_4,2026-05-14T16:00:00,14.44,52.38,902.7,4.84
Cuartel_Syrah_4,2026-05-14T17:00:00,11.73,61.1,903.1,4.52
Cuartel_Syrah_4,2026-05-14T18:00:00,11.06,62.03,903.2,4.08
Cuartel_Syrah_4,2026-05-14T19:00:00,10.55,62.13,903.2,3.62
Cuartel_Syrah_4,2026-05-14T20:00:00,9.92,63.01,902.9,3.19
Cuartel_Syrah_4,2026-05-14T21:00:00,9.22,64.91,902.6,2.86
Cuartel_Syrah_4,2026-05-14T22:00:00,8.5,67.6,902.2,2.64
Cuartel_Syrah_4,2026-05-14T23:00:00,7.82,70.64,901.9,2.51
Cuartel_Syrah_4,2026-05-15T00:00:00,7.26,73.5,901.4,2.46
Cuartel_Syrah_4,2026-05-15T01:00:00,6.75,76.96,901.1,2.54
Cuartel_Syrah_4,2026-05-15T02:00:00,6.6,79.79,900.7,2.86
Cuartel_Syrah_4,2026-05-15T03:00:00,6.99,80.11,900.5,3.32
Cuartel_Syrah_4,2026-05-15T04:00:00,7.36,79.92,900.4,3.72
Cuartel_Syrah_4,2026-05-15T05:00:00,7.24,81.44,900.6,3.93
Cuartel_Syrah_4,2026-05-15T06:00:00,7.15,81.96,900.8,4.0
Cuartel_Syrah_4,2026-05-15T07:00:00,8.51,75.5,901.1,4.22
Cuartel_Syrah_4,2026-05-15T08:00:00,11.14,63.27,900.9,4.27
Cuartel_Syrah_4,2026-05-15T09:00:00,14.17,48.98,900.2,3.51
Cuartel_Syrah_4,2026-05-15T10:00:00,17.51,35.64,899.3,2.04
Cuartel_Syrah_4,2026-05-15T11:00:00,19.48,29.88,898.3,1.31
Cuartel_Syrah_4,2026-05-15T12:00:00,20.44,27.06,897.6,0.74
Cuartel_Syrah_4,2026-05-15T13:00:00,20.79,25.59,897.1,0.28
Cuartel_Syrah_4,2026-05-15T14:00:00,20.18,26.88,897.2,0.46
Cuartel_Syrah_4,2026-05-15T15:00:00,18.46,32.17,897.8,1.49
Cuartel_Syrah_4,2026-05-15T16:00:00,15.24,44.55,898.6,3.2
Cuartel_Syrah_4,2026-05-15T17:00:00,12.76,57.07,899.6,4.43
Cuartel_Syrah_4,2026-05-15T18:00:00,11.49,63.26,900.3,4.7
Cuartel_Syrah_4,2026-05-15T19:00:00,10.56,65.97,900.6,4.42
Cuartel_Syrah_4,2026-05-15T20:00:00,9.93,66.82,900.8,3.99
Cuartel_Syrah_4,2026-05-15T21:00:00,9.22,67.75,900.8,3.5
Cuartel_Syrah_4,2026-05-15T22:00:00,8.48,68.52,901.1,2.95
Cuartel_Syrah_4,2026-05-15T23:00:00,7.77,69.34,901.4,2.44
Cuartel_Syrah_4,2026-05-16T00:00:00,6.99,71.74,901.8,2.2
Cuartel_Syrah_4,2026-05-16T01:00:00,6.45,74.18,902.1,2.18
Cuartel_Syrah_4,2026-05-16T02:00:00,6.15,75.92,902.5,2.22
Cuartel_Syrah_4,2026-05-16T03:00:00,5.61,77.9,903.0,2.07
Cuartel_Syrah_4,2026-05-16T04:00:00,4.94,79.7,903.8,1.74
Cuartel_Syrah_4,2026-05-16T05:00:00,4.21,81.51,904.7,1.36
Cuartel_Syrah_4,2026-05-16T06:00:00,3.62,83.59,905.6,1.13
Cuartel_Syrah_4,2026-05-16T07:00:00,4.17,80.66,906.4,1.17
Cuartel_Syrah_4,2026-05-16T08:00:00,5.45,73.64,906.9,1.15
Cuartel_Syrah_4,2026-05-16T09:00:00,6.44,68.64,907.2,1.12
Cuartel_Syrah_4,2026-05-16T10:00:00,7.03,65.77,907.3,1.07
Cuartel_Syrah_4,2026-05-16T11:00:00,7.51,63.2,906.9,0.99
Cuartel_Syrah_4,2026-05-16T12:00:00,8.07,60.25,906.4,0.85
Cuartel_Syrah_4,2026-05-16T13:00:00,8.37,58.48,906.0,0.71
Cuartel_Syrah_4,2026-05-16T14:00:00,8.18,58.18,906.1,0.49
Cuartel_Syrah_4,2026-05-16T15:00:00,7.47,59.71,906.7,0.18
Cuartel_Syrah_4,2026-05-16T16:00:00,6.23,64.01,907.5,-0.05
Cuartel_Syrah_4,2026-05-16T17:00:00,4.7,70.75,908.4,-0.15
Cuartel_Syrah_4,2026-05-16T18:00:00,3.75,74.59,909.0,-0.34
Cuartel_Syrah_4,2026-05-16T19:00:00,3.08,77.09,909.3,-0.51
Cuartel_Syrah_4,2026-05-16T20:00:00,2.75,78.53,909.4,-0.6
Cuartel_Syrah_4,2026-05-16T21:00:00,2.58,79.5,909.5,-0.59
Cuartel_Syrah_4,2026-05-16T22:00:00,2.42,80.81,909.6,-0.53
Cuartel_Syrah_4,2026-05-16T23:00:00,2.31,81.44,909.5,-0.51
Cuartel_Syrah_4,2026-05-17T00:00:00,2.3,81.28,909.3,-0.54
Cuartel_Syrah_4,2026-05-17T01:00:00,2.3,81.07,909.2,-0.6
Cuartel_Syrah_4,2026-05-17T02:00:00,1.96,82.82,908.8,-0.63
Cuartel_Syrah_4,2026-05-17T03:00:00,1.4,85.95,908.4,-0.68
Cuartel_Syrah_4,2026-05-17T04:00:00,1.16,87.43,908.1,-0.71
Cuartel_Syrah_4,2026-05-17T05:00:00,1.04,88.0,908.5,-0.73
Cuartel_Syrah_4,2026-05-17T06:00:00,0.97,88.28,909.1,-0.77
Cuartel_Syrah_4,2026-05-17T07:00:00,3.35,74.35,909.7,-0.79
Cuartel_Syrah_4,2026-05-17T08:00:00,5.96,60.09,910.0,-1.16
Cuartel_Syrah_4,2026-05-17T09:00:00,7.8,52.26,910.0,-1.35
Cuartel_Syrah_4,2026-05-17T10:00:00,9.35,46.3,909.8,-1.54
Cuartel_Syrah_4,2026-05-17T11:00:00,10.76,40.86,909.3,-1.97
Cuartel_Syrah_4,2026-05-17T12:00:00,11.79,36.46,908.7,-2.55
Cuartel_Syrah_4,2026-05-17T13:00:00,12.33,33.54,908.3,-3.18
Cuartel_Syrah_4,2026-05-17T14:00:00,12.32,32.24,908.2,-3.68
Cuartel_Syrah_4,2026-05-17T15:00:00,11.55,33.29,908.5,-3.92
Cuartel_Syrah_4,2026-05-17T16:00:00,8.12,44.22,908.9,-3.24
Cuartel_Syrah_4,2026-05-17T17:00:00,5.81,50.42,909.3,-3.59
Cuartel_Syrah_4,2026-05-17T18:00:00,5.04,52.71,909.6,-3.7
Cuartel_Syrah_4,2026-05-17T19:00:00,4.32,55.44,909.8,-3.71
Cuartel_Syrah_4,2026-05-17T20:00:00,3.74,57.93,909.8,-3.66
Cuartel_Syrah_4,2026-05-17T21:00:00,3.23,60.24,909.7,-3.61
Cuartel_Syrah_4,2026-05-17T22:00:00,2.72,62.84,909.6,-3.54
Cuartel_Syrah_4,2026-05-17T23:00:00,2.19,65.46,909.5,-3.51
Cuartel_Syrah_4,2026-05-18T00:00:00,1.75,67.33,909.3,-3.53
Cuartel_Syrah_4,2026-05-18T01:00:00,1.42,68.49,909.1,-3.62
Cuartel_Syrah_4,2026-05-18T02:00:00,1.14,69.42,908.8,-3.71
Cuartel_Syrah_4,2026-05-18T03:00:00,0.85,70.64,908.4,-3.78
Cuartel_Syrah_4,2026-05-18T04:00:00,0.54,71.99,908.2,-3.81
Cuartel_Syrah_4,2026-05-18T05:00:00,0.3,73.26,908.2,-3.85
Cuartel_Syrah_4,2026-05-18T06:00:00,0.46,72.2,908.4,-3.91
Cuartel_Syrah_4,2026-05-18T07:00:00,3.61,60.23,908.6,-3.35
Cuartel_Syrah_4,2026-05-18T08:00:00,7.07,48.06,908.5,-3.2
Cuartel_Syrah_4,2026-05-18T09:00:00,10.64,38.76,908.2,-2.85
Cuartel_Syrah_4,2026-05-18T10:00:00,13.44,32.86,907.5,-2.61
Cuartel_Syrah_4,2026-05-18T11:00:00,15.22,29.08,906.5,-2.67
Cuartel_Syrah_4,2026-05-18T12:00:00,16.5,26.23,905.5,-2.9
Cuartel_Syrah_4,2026-05-18T13:00:00,17.1,24.78,904.7,-3.12
Cuartel_Syrah_4,2026-05-18T14:00:00,16.86,24.92,904.4,-3.23
Cuartel_Syrah_4,2026-05-18T15:00:00,15.61,27.07,904.4,-3.21
Cuartel_Syrah_4,2026-05-18T16:00:00,11.57,36.39,904.5,-2.76
Cuartel_Syrah_4,2026-05-18T17:00:00,8.84,43.32,904.8,-2.89
Cuartel_Syrah_4,2026-05-18T18:00:00,7.83,45.73,905.1,-3.06
Cuartel_Syrah_4,2026-05-18T19:00:00,6.97,47.93,905.4,-3.27
Cuartel_Syrah_4,2026-05-18T20:00:00,6.04,50.8,905.4,-3.43
Cuartel_Syrah_4,2026-05-18T21:00:00,4.91,54.6,905.2,-3.59
Cuartel_Syrah_4,2026-05-18T22:00:00,4.03,57.53,905.0,-3.84
Cuartel_Syrah_4,2026-05-18T23:00:00,3.46,59.32,904.9,-4.11
Cuartel_Syrah_4,2026-05-19T00:00:00,3.18,59.75,904.7,-4.43
Cuartel_Syrah_4,2026-05-19T01:00:00,3.24,58.73,904.6,-4.72
Cuartel_Syrah_4,2026-05-19T02:00:00,3.27,58.78,904.4,-4.62
Cuartel_Syrah_4,2026-05-19T03:00:00,2.49,62.71,904.2,-4.48
Cuartel_Syrah_4,2026-05-19T04:00:00,2.07,64.01,904.2,-4.67
Cuartel_Syrah_4,2026-05-19T05:00:00,2.26,61.55,904.4,-5.09
Cuartel_Syrah_4,2026-05-19T06:00:00,2.67,58.82,904.8,-5.35
Cuartel_Syrah_4,2026-05-19T07:00:00,5.41,50.48,905.3,-4.43
Cuartel_Syrah_4,2026-05-19T08:00:00,9.08,41.41,905.7,-3.51
Cuartel_Syrah_4,2026-05-19T09:00:00,12.38,31.94,906.1,-4.27
Cuartel_Syrah_4,2026-05-19T10:00:00,14.94,28.15,906.2,-3.53
Cuartel_Syrah_4,2026-05-19T11:00:00,16.88,25.24,906.0,-3.2
Cuartel_Syrah_4,2026-05-19T12:00:00,18.07,23.4,905.4,-3.15
Cuartel_Syrah_4,2026-05-19T13:00:00,18.67,21.92,905.1,-3.44
Cuartel_Syrah_4,2026-05-19T14:00:00,18.42,22.12,905.0,-3.52
Cuartel_Syrah_4,2026-05-19T15:00:00,17.03,24.83,905.2,-3.17
Cuartel_Syrah_4,2026-05-19T16:00:00,11.88,37.16,905.6,-2.25
Cuartel_Syrah_4,2026-05-19T17:00:00,9.64,41.24,906.4,-2.81
Cuartel_Syrah_4,2026-05-19T18:00:00,8.94,42.89,907.1,-2.9
Cuartel_Syrah_4,2026-05-19T19:00:00,8.56,43.9,907.7,-2.96
Cuartel_Syrah_4,2026-05-19T20:00:00,8.08,45.23,908.0,-2.99
Cuartel_Syrah_4,2026-05-19T21:00:00,6.91,49.01,908.1,-2.98
Cuartel_Syrah_4,2026-05-19T22:00:00,5.9,52.55,908.2,-3.0
Cuartel_Syrah_4,2026-05-19T23:00:00,5.33,54.52,908.5,-3.03
Cuartel_Syrah_4,2026-05-20T00:00:00,4.8,56.42,908.7,-3.06
Cuartel_Syrah_4,2026-05-20T01:00:00,4.25,58.47,908.8,-3.11
Cuartel_Syrah_4,2026-05-20T02:00:00,3.87,59.52,908.9,-3.2
Cuartel_Syrah_4,2026-05-20T03:00:00,3.68,59.78,909.1,-3.31
Cuartel_Syrah_4,2026-05-20T04:00:00,3.43,60.5,909.5,-3.41
Cuartel_Syrah_4,2026-05-20T05:00:00,3.2,60.96,910.0,-3.52
Cuartel_Syrah_4,2026-05-20T06:00:00,3.21,60.38,910.6,-3.63
Cuartel_Syrah_4,2026-05-20T07:00:00,7.06,47.65,911.0,-3.24
Cuartel_Syrah_4,2026-05-20T08:00:00,10.64,36.84,911.2,-3.42
Cuartel_Syrah_4,2026-05-20T09:00:00,12.93,31.57,911.2,-3.44
Cuartel_Syrah_4,2026-05-20T10:00:00,14.52,28.54,910.8,-3.42
Cuartel_Syrah_4,2026-05-20T11:00:00,15.54,26.63,910.3,-3.47
Cuartel_Syrah_4,2026-05-20T12:00:00,16.07,25.57,909.7,-3.56
Cuartel_Syrah_4,2026-05-20T13:00:00,16.06,25.41,909.3,-3.62
Cuartel_Syrah_4,2026-05-20T14:00:00,15.41,26.58,909.3,-3.57
Cuartel_Syrah_4,2026-05-20T15:00:00,14.12,29.34,909.5,-3.38
Cuartel_Syrah_4,2026-05-20T16:00:00,10.42,39.51,909.7,-2.71
Cuartel_Syrah_4,2026-05-20T17:00:00,8.36,45.14,910.0,-2.78
Cuartel_Syrah_4,2026-05-20T18:00:00,7.54,47.62,910.4,-2.79
Cuartel_Syrah_4,2026-05-20T19:00:00,6.81,49.93,910.7,-2.82
Cuartel_Syrah_4,2026-05-20T20:00:00,6.06,52.58,910.7,-2.85
Cuartel_Syrah_4,2026-05-20T21:00:00,5.4,55.04,910.6,-2.84
Cuartel_Syrah_4,2026-05-20T22:00:00,5.59,53.98,910.4,-2.93
Cuartel_Syrah_4,2026-05-20T23:00:00,5.93,52.38,909.9,-3.01
Cuartel_Syrah_4,2026-05-21T00:00:00,5.89,52.33,909.3,-3.05
Cuartel_Syrah_4,2026-05-21T01:00:00,5.77,52.73,908.6,-3.06
Cuartel_Syrah_4,2026-05-21T02:00:00,5.65,53.3,908.0,-3.03
Cuartel_Syrah_4,2026-05-21T03:00:00,5.53,54.04,907.7,-2.98
Cuartel_Syrah_4,2026-05-21T04:00:00,5.43,54.91,907.7,-2.86
Cuartel_Syrah_4,2026-05-21T05:00:00,5.26,56.9,908.2,-2.58
Cuartel_Syrah_4,2026-05-21T06:00:00,5.06,59.4,908.8,-2.19
Cuartel_Syrah_4,2026-05-21T07:00:00,5.88,58.34,909.4,-1.67
Cuartel_Syrah_4,2026-05-21T08:00:00,7.63,54.53,909.8,-0.99
Cuartel_Syrah_4,2026-05-21T09:00:00,9.83,48.19,909.9,-0.62
Cuartel_Syrah_4,2026-05-21T10:00:00,11.68,42.9,909.5,-0.49
Cuartel_Syrah_4,2026-05-21T11:00:00,13.14,40.09,908.7,-0.1
Cuartel_Syrah_4,2026-05-21T12:00:00,14.15,38.67,907.8,0.28
Cuartel_Syrah_4,2026-05-21T13:00:00,14.57,38.22,907.2,0.52
Cuartel_Syrah_4,2026-05-21T14:00:00,14.34,38.96,906.9,0.57
Cuartel_Syrah_4,2026-05-21T15:00:00,13.38,41.57,907.0,0.61
Cuartel_Syrah_4,2026-05-21T16:00:00,10.53,50.87,907.3,0.81
Cuartel_Syrah_4,2026-05-21T17:00:00,7.72,62.22,907.8,0.98
Cuartel_Syrah_4,2026-05-21T18:00:00,6.32,69.15,908.5,1.09
Cuartel_Syrah_4,2026-05-21T19:00:00,5.19,75.14,908.8,1.18
Cuartel_Syrah_4,2026-05-21T20:00:00,4.56,78.68,908.7,1.21
Cuartel_Syrah_4,2026-05-21T21:00:00,4.05,81.52,908.3,1.19
Cuartel_Syrah_4,2026-05-21T22:00:00,3.5,84.52,907.9,1.13
Cuartel_Syrah_4,2026-05-21T23:00:00,3.26,85.74,907.5,1.11
Cuartel_Syrah_4,2026-05-22T00:00:00,2.9,88.32,907.3,1.15
Cuartel_Syrah_4,2026-05-22T01:00:00,2.36,91.76,907.2,1.17
Cuartel_Syrah_4,2026-05-22T02:00:00,1.89,94.47,907.1,1.1
Cuartel_Syrah_4,2026-05-22T03:00:00,1.59,95.68,907.2,0.98
Cuartel_Syrah_4,2026-05-22T04:00:00,1.4,95.52,907.4,0.76
Cuartel_Syrah_4,2026-05-22T05:00:00,1.53,92.54,907.7,0.44
Cuartel_Syrah_4,2026-05-22T06:00:00,1.71,88.44,908.0,0.0
Cuartel_Syrah_4,2026-05-22T07:00:00,3.5,77.89,908.2,-0.01
Cuartel_Syrah_4,2026-05-22T08:00:00,6.74,62.88,908.3,0.14
Cuartel_Syrah_4,2026-05-22T09:00:00,9.93,51.81,908.0,0.45
Cuartel_Syrah_4,2026-05-22T10:00:00,12.73,44.48,907.4,0.9
Cuartel_Syrah_4,2026-05-22T11:00:00,14.58,40.36,906.5,1.22
Cuartel_Syrah_4,2026-05-22T12:00:00,15.85,37.8,905.7,1.46
Cuartel_Syrah_4,2026-05-22T13:00:00,16.43,37.02,905.0,1.71
Cuartel_Syrah_4,2026-05-22T14:00:00,16.24,38.08,904.7,1.97
Cuartel_Syrah_4,2026-05-22T15:00:00,15.17,41.46,904.8,2.2
Cuartel_Syrah_4,2026-05-22T16:00:00,11.66,53.09,905.1,2.46
Cuartel_Syrah_4,2026-05-22T17:00:00,9.16,63.39,905.5,2.59
Cuartel_Syrah_4,2026-05-22T18:00:00,8.05,69.32,906.1,2.79
Cuartel_Syrah_4,2026-05-22T19:00:00,7.03,75.51,906.4,3.01
Cuartel_Syrah_4,2026-05-22T20:00:00,6.19,81.38,906.4,3.24
Cuartel_Syrah_4,2026-05-22T21:00:00,5.32,87.4,906.2,3.41
Cuartel_Syrah_4,2026-05-22T22:00:00,4.57,92.59,906.1,3.47
Cuartel_Syrah_4,2026-05-22T23:00:00,3.99,96.25,905.9,3.42
Cuartel_Syrah_4,2026-05-23T00:00:00,4.21,93.16,905.6,3.16
Cuartel_Syrah_4,2026-05-23T01:00:00,4.27,89.75,905.1,2.68
Cuartel_Syrah_4,2026-05-23T02:00:00,4.3,86.21,904.7,2.13
Cuartel_Syrah_4,2026-05-23T03:00:00,4.46,82.8,904.2,1.68
Cuartel_Syrah_4,2026-05-23T04:00:00,4.6,80.94,903.9,1.42
Cuartel_Syrah_4,2026-05-23T05:00:00,4.65,79.63,903.8,1.19
Cuartel_Syrah_4,2026-05-23T06:00:00,4.66,78.74,903.9,1.0
Cuartel_Syrah_4,2026-05-23T07:00:00,5.32,75.7,904.2,1.13
Cuartel_Syrah_4,2026-05-23T08:00:00,6.53,70.96,904.2,1.42
Cuartel_Syrah_4,2026-05-23T09:00:00,7.86,66.8,904.0,1.83
Cuartel_Syrah_4,2026-05-23T10:00:00,9.84,60.3,903.4,2.33
Cuartel_Syrah_4,2026-05-23T11:00:00,12.23,51.9,902.5,2.5
Cuartel_Syrah_4,2026-05-23T12:00:00,14.06,45.73,901.5,2.48
Cuartel_Syrah_4,2026-05-23T13:00:00,15.31,41.82,900.9,2.39
Cuartel_Syrah_4,2026-05-23T14:00:00,15.48,41.27,900.7,2.38
Cuartel_Syrah_4,2026-05-23T15:00:00,14.39,44.9,900.8,2.59
Cuartel_Syrah_4,2026-05-23T16:00:00,11.47,55.53,901.0,2.9
Cuartel_Syrah_4,2026-05-23T17:00:00,9.74,63.19,901.4,3.11
Cuartel_Syrah_4,2026-05-23T18:00:00,8.58,68.5,901.9,3.12
Cuartel_Syrah_4,2026-05-23T19:00:00,7.21,74.65,902.1,2.95
Cuartel_Syrah_4,2026-05-23T20:00:00,6.14,79.75,902.1,2.74
Cuartel_Syrah_4,2026-05-23T21:00:00,5.25,84.01,902.0,2.46
Cuartel_Syrah_4,2026-05-23T22:00:00,4.76,85.4,901.8,2.08
Cuartel_Syrah_4,2026-05-23T23:00:00,4.65,83.66,901.4,1.6
Cuartel_Syrah_4,2026-05-24T00:00:00,4.38,82.46,901.1,1.05
Cuartel_Syrah_4,2026-05-24T01:00:00,4.27,80.65,900.9,0.57
Cuartel_Syrah_4,2026-05-24T02:00:00,4.1,79.66,900.6,0.19
Cuartel_Syrah_4,2026-05-24T03:00:00,3.78,78.93,900.2,-0.26
Cuartel_Syrah_4,2026-05-24T04:00:00,3.7,76.11,900.1,-0.86
Cuartel_Syrah_4,2026-05-24T05:00:00,3.3,72.73,900.4,-1.81
Cuartel_Syrah_4,2026-05-24T06:00:00,3.67,65.45,900.8,-2.79
Cuartel_Syrah_4,2026-05-24T07:00:00,5.6,54.19,901.2,-3.4
Cuartel_Syrah_4,2026-05-24T08:00:00,8.86,41.08,901.6,-3.97
Cuartel_Syrah_4,2026-05-24T09:00:00,12.09,31.58,901.7,-4.58
Cuartel_Syrah_4,2026-05-24T10:00:00,13.98,24.73,901.5,-6.17
Cuartel_Syrah_4,2026-05-24T11:00:00,15.26,22.09,901.0,-6.42
Cuartel_Syrah_4,2026-05-24T12:00:00,15.82,22.34,900.4,-5.73
Cuartel_Syrah_4,2026-05-24T13:00:00,15.79,24.46,900.0,-4.58
Cuartel_Syrah_4,2026-05-24T14:00:00,15.1,28.85,900.0,-3.03
Cuartel_Syrah_4,2026-05-24T15:00:00,13.82,36.1,900.5,-1.13
Cuartel_Syrah_4,2026-05-24T16:00:00,10.25,52.51,901.1,0.87
Cuartel_Syrah_4,2026-05-24T17:00:00,8.63,62.35,901.9,1.75
Cuartel_Syrah_4,2026-05-24T18:00:00,8.26,65.81,902.3,2.14
Cuartel_Syrah_4,2026-05-24T19:00:00,7.2,71.6,902.3,2.27
Cuartel_Syrah_4,2026-05-24T20:00:00,5.93,77.99,902.2,2.2
Cuartel_Syrah_4,2026-05-24T21:00:00,5.25,81.27,902.2,2.02
Cuartel_Syrah_4,2026-05-24T22:00:00,4.98,81.83,902.4,1.77
Cuartel_Syrah_4,2026-05-24T23:00:00,4.85,81.59,902.5,1.54
Cuartel_Syrah_4,2026-05-25T00:00:00,4.62,81.54,902.4,1.25
Cuartel_Syrah_4,2026-05-25T01:00:00,4.34,80.89,902.2,0.84
Cuartel_Syrah_4,2026-05-25T02:00:00,4.14,79.56,902.0,0.37
Cuartel_Syrah_4,2026-05-25T03:00:00,4.1,78.01,901.9,0.0
Cuartel_Syrah_4,2026-05-25T04:00:00,4.02,77.58,902.1,-0.16
Cuartel_Syrah_4,2026-05-25T05:00:00,3.89,77.62,902.5,-0.26
Cuartel_Syrah_4,2026-05-25T06:00:00,3.87,76.35,903.1,-0.52
Cuartel_Syrah_4,2026-05-25T07:00:00,6.35,64.58,903.9,-0.25
Cuartel_Syrah_4,2026-05-25T08:00:00,9.79,56.26,904.3,1.13
Cuartel_Syrah_4,2026-05-25T09:00:00,12.54,51.25,904.3,2.56
Cuartel_Syrah_4,2026-05-25T10:00:00,14.7,44.6,904.1,2.68
Cuartel_Syrah_4,2026-05-25T11:00:00,16.08,40.63,903.5,2.67
Cuartel_Syrah_4,2026-05-25T12:00:00,16.93,38.54,902.9,2.73
Cuartel_Syrah_4,2026-05-25T13:00:00,17.3,37.78,902.4,2.77
Cuartel_Syrah_4,2026-05-25T14:00:00,17.09,38.57,902.4,2.9
Cuartel_Syrah_4,2026-05-25T15:00:00,16.06,42.15,902.8,3.22
Cuartel_Syrah_4,2026-05-25T16:00:00,12.25,55.82,903.4,3.71
Cuartel_Syrah_4,2026-05-25T17:00:00,10.02,66.19,904.1,4.04
Cuartel_Syrah_4,2026-05-25T18:00:00,9.35,70.39,904.7,4.27
Cuartel_Syrah_4,2026-05-25T19:00:00,8.64,74.53,905.1,4.38
Cuartel_Syrah_4,2026-05-25T20:00:00,8.03,77.96,905.3,4.42
Cuartel_Syrah_4,2026-05-25T21:00:00,7.39,81.15,905.1,4.37
Cuartel_Syrah_4,2026-05-25T22:00:00,6.77,83.78,905.0,4.19
Cuartel_Syrah_4,2026-05-25T23:00:00,6.23,85.57,904.7,3.91
Cuartel_Syrah_4,2026-05-26T00:00:00,5.85,86.26,904.5,3.58
Cuartel_Syrah_4,2026-05-26T01:00:00,5.62,86.19,904.1,3.28
Cuartel_Syrah_4,2026-05-26T02:00:00,5.34,87.2,903.8,3.08
Cuartel_Syrah_4,2026-05-26T03:00:00,5.1,88.32,903.5,2.95
Cuartel_Syrah_4,2026-05-26T04:00:00,5.39,86.56,903.6,2.88
Cuartel_Syrah_4,2026-05-26T05:00:00,5.96,82.47,904.0,2.74
Cuartel_Syrah_4,2026-05-26T06:00:00,6.48,78.85,904.4,2.59
Cuartel_Syrah_4,2026-05-26T07:00:00,7.47,75.38,904.8,2.95
Cuartel_Syrah_4,2026-05-26T08:00:00,9.3,69.8,905.1,3.74
Cuartel_Syrah_4,2026-05-26T09:00:00,12.85,57.27,905.0,4.32
Cuartel_Syrah_4,2026-05-26T10:00:00,16.19,45.96,904.5,4.43
Cuartel_Syrah_4,2026-05-26T11:00:00,18.14,39.27,903.6,4.04
Cuartel_Syrah_4,2026-05-26T12:00:00,19.19,36.34,902.6,3.92
Cuartel_Syrah_4,2026-05-26T13:00:00,19.62,35.41,901.8,3.93
Cuartel_Syrah_4,2026-05-26T14:00:00,19.22,36.75,901.5,4.12
Cuartel_Syrah_4,2026-05-26T15:00:00,17.99,40.53,901.5,4.4
Cuartel_Syrah_4,2026-05-26T16:00:00,13.94,53.32,901.7,4.63
Cuartel_Syrah_4,2026-05-26T17:00:00,11.59,62.65,902.0,4.73
Cuartel_Syrah_4,2026-05-26T18:00:00,10.49,67.79,902.6,4.81
Cuartel_Syrah_4,2026-05-26T19:00:00,9.63,72.2,903.0,4.89
Cuartel_Syrah_4,2026-05-26T20:00:00,8.73,77.09,902.9,4.94
Cuartel_Syrah_4,2026-05-26T21:00:00,7.87,81.15,902.5,4.81
Cuartel_Syrah_4,2026-05-26T22:00:00,7.46,82.58,902.1,4.58
Cuartel_Syrah_4,2026-05-26T23:00:00,7.19,83.94,901.7,4.5
Cuartel_Syrah_4,2026-05-27T00:00:00,6.77,86.66,901.4,4.52
Cuartel_Syrah_4,2026-05-27T01:00:00,6.79,86.5,900.9,4.48
Cuartel_Syrah_4,2026-05-27T02:00:00,6.93,84.77,900.6,4.29
Cuartel_Syrah_4,2026-05-27T03:00:00,7.12,81.94,900.3,3.88
Cuartel_Syrah_4,2026-05-27T04:00:00,7.13,79.19,900.4,3.29
Cuartel_Syrah_4,2026-05-27T05:00:00,7.23,77.27,900.8,2.88
Cuartel_Syrah_4,2026-05-27T06:00:00,7.44,76.06,901.2,2.78
Cuartel_Syrah_4,2026-05-27T07:00:00,8.21,73.91,901.4,3.32
Cuartel_Syrah_4,2026-05-27T08:00:00,9.73,69.21,901.5,4.04
Cuartel_Syrah_4,2026-05-27T09:00:00,11.8,60.59,901.3,4.07
Cuartel_Syrah_4,2026-05-27T10:00:00,14.79,49.39,900.7,3.85
Cuartel_Syrah_4,2026-05-27T11:00:00,17.48,41.69,899.6,3.95
Cuartel_Syrah_4,2026-05-27T12:00:00,19.25,37.65,898.5,4.16
Cuartel_Syrah_4,2026-05-27T13:00:00,20.15,36.0,897.7,4.41
Cuartel_Syrah_4,2026-05-27T14:00:00,19.98,37.23,897.5,4.81
Cuartel_Syrah_4,2026-05-27T15:00:00,18.61,42.49,897.8,5.54
Cuartel_Syrah_4,2026-05-27T16:00:00,14.49,58.04,898.4,6.32
Cuartel_Syrah_4,2026-05-27T17:00:00,13.0,65.42,898.9,6.63
Cuartel_Syrah_4,2026-05-27T18:00:00,12.35,68.82,899.5,6.7
Cuartel_Syrah_4,2026-05-27T19:00:00,11.36,73.71,899.9,6.67
Cuartel_Syrah_4,2026-05-27T20:00:00,10.33,78.95,900.0,6.58
Cuartel_Syrah_4,2026-05-27T21:00:00,9.14,85.01,899.9,6.42
Cuartel_Syrah_4,2026-05-27T22:00:00,9.25,83.51,899.8,6.21
Cuartel_Syrah_4,2026-05-27T23:00:00,9.39,81.74,899.6,6.0
Cuartel_Syrah_4,2026-05-28T00:00:00,9.43,80.9,899.5,5.87
Cuartel_Syrah_4,2026-05-28T01:00:00,9.37,80.85,899.4,5.75
Cuartel_Syrah_4,2026-05-28T02:00:00,9.36,80.28,899.2,5.63
Cuartel_Syrah_4,2026-05-28T03:00:00,9.34,79.89,899.1,5.54
Cuartel_Syrah_4,2026-05-28T04:00:00,9.24,79.59,899.2,5.43
Cuartel_Syrah_4,2026-05-28T05:00:00,9.05,79.66,899.7,5.3
Cuartel_Syrah_4,2026-05-28T06:00:00,8.81,79.36,900.2,5.05
Cuartel_Syrah_4,2026-05-28T07:00:00,8.98,76.49,900.7,4.75
Cuartel_Syrah_4,2026-05-28T08:00:00,10.2,68.53,901.1,4.44
Cuartel_Syrah_4,2026-05-28T09:00:00,11.98,58.95,901.3,4.06
Cuartel_Syrah_4,2026-05-28T10:00:00,13.55,51.06,901.4,3.4
Cuartel_Syrah_4,2026-05-28T11:00:00,14.57,48.04,901.2,3.45
Cuartel_Syrah_4,2026-05-28T12:00:00,15.02,48.43,901.1,4.02
Cuartel_Syrah_4,2026-05-28T13:00:00,15.01,51.41,901.2,4.88
Cuartel_Syrah_4,2026-05-28T14:00:00,14.71,55.36,901.6,5.69
Cuartel_Syrah_4,2026-05-28T15:00:00,13.86,61.9,902.2,6.55
Cuartel_Syrah_4,2026-05-28T16:00:00,11.18,77.45,903.0,7.29
Cuartel_Syrah_4,2026-05-28T17:00:00,9.91,85.56,903.8,7.55
Cuartel_Syrah_4,2026-05-28T18:00:00,9.08,89.06,904.7,7.31
Cuartel_Syrah_4,2026-05-28T19:00:00,8.49,89.87,905.2,6.82
Cuartel_Syrah_4,2026-05-28T20:00:00,8.27,87.55,905.3,6.15
Cuartel_Syrah_4,2026-05-28T21:00:00,8.45,83.22,905.3,5.48
Cuartel_Syrah_4,2026-05-28T22:00:00,8.57,80.35,905.4,5.01
Cuartel_Syrah_4,2026-05-28T23:00:00,8.58,79.65,905.4,4.86
Cuartel_Syrah_4,2026-05-29T00:00:00,8.38,80.47,905.4,4.84
Cuartel_Syrah_4,2026-05-29T01:00:00,8.16,81.01,905.3,4.73
Cuartel_Syrah_4,2026-05-29T02:00:00,7.92,81.12,905.2,4.51
Cuartel_Syrah_4,2026-05-29T03:00:00,7.76,80.77,905.2,4.28
Cuartel_Syrah_4,2026-05-29T04:00:00,7.9,79.48,905.4,4.15
Cuartel_Syrah_4,2026-05-29T05:00:00,8.01,79.46,905.8,4.28
Cuartel_Syrah_4,2026-05-29T06:00:00,8.06,79.78,906.3,4.45
Cuartel_Syrah_4,2026-05-29T07:00:00,8.46,78.59,906.8,4.7
Cuartel_Syrah_4,2026-05-29T08:00:00,9.68,74.69,907.1,5.22
Cuartel_Syrah_4,2026-05-29T09:00:00,11.33,68.73,907.1,5.61
Cuartel_Syrah_4,2026-05-29T10:00:00,12.75,64.73,906.8,6.13
Cuartel_Syrah_4,2026-05-29T11:00:00,14.13,62.43,906.1,6.96
Cuartel_Syrah_4,2026-05-29T12:00:00,15.35,61.05,905.3,7.83
Cuartel_Syrah_4,2026-05-29T13:00:00,16.41,59.33,904.8,8.44
Cuartel_Syrah_4,2026-05-29T14:00:00,17.05,57.83,904.5,8.7
Cuartel_Syrah_4,2026-05-29T15:00:00,16.49,60.85,904.6,8.93
Cuartel_Syrah_4,2026-05-29T16:00:00,12.94,77.6,904.8,9.14
Cuartel_Syrah_4,2026-05-29T17:00:00,11.38,86.56,905.1,9.25
Cuartel_Syrah_4,2026-05-29T18:00:00,11.38,86.6,905.4,9.25
Cuartel_Syrah_4,2026-05-29T19:00:00,11.29,86.6,905.7,9.15
Cuartel_Syrah_4,2026-05-29T20:00:00,10.99,87.81,905.8,9.04
Cuartel_Syrah_4,2026-05-29T21:00:00,10.38,91.11,905.8,8.96
Cuartel_Syrah_4,2026-05-29T22:00:00,9.75,94.91,905.8,8.91
Cuartel_Syrah_4,2026-05-29T23:00:00,9.3,97.58,905.8,8.83
Cuartel_Syrah_4,2026-05-30T00:00:00,9.19,97.92,905.7,8.72
Cuartel_Syrah_4,2026-05-30T01:00:00,9.25,96.39,905.4,8.48
Cuartel_Syrah_4,2026-05-30T02:00:00,9.43,93.24,905.1,8.08
Cuartel_Syrah_4,2026-05-30T03:00:00,9.64,89.51,904.9,7.59
Cuartel_Syrah_4,2026-05-30T04:00:00,9.92,85.47,904.8,7.1
Cuartel_Syrah_4,2026-05-30T05:00:00,9.97,83.09,905.0,6.7
Cuartel_Syrah_4,2026-05-30T06:00:00,9.8,82.18,905.5,6.41
Cuartel_Syrah_4,2026-05-30T07:00:00,10.28,78.8,905.7,6.34
Cuartel_Syrah_4,2026-05-30T08:00:00,11.97,72.8,905.7,6.85
Cuartel_Syrah_4,2026-05-30T09:00:00,14.36,66.49,905.5,7.82
Cuartel_Syrah_4,2026-05-30T10:00:00,16.99,56.96,904.8,8.06
Cuartel_Syrah_4,2026-05-30T11:00:00,19.28,48.24,903.9,7.83
Cuartel_Syrah_4,2026-05-30T12:00:00,20.58,43.87,902.9,7.73
Cuartel_Syrah_4,2026-05-30T13:00:00,21.1,42.34,902.3,7.75
Cuartel_Syrah_4,2026-05-30T14:00:00,20.84,43.25,902.1,7.87
Cuartel_Syrah_4,2026-05-30T15:00:00,19.57,47.62,902.4,8.15
Cuartel_Syrah_4,2026-05-30T16:00:00,15.69,62.31,903.0,8.53
Cuartel_Syrah_4,2026-05-30T17:00:00,13.61,72.26,903.8,8.74
Cuartel_Syrah_4,2026-05-30T18:00:00,12.92,75.66,904.6,8.74
Cuartel_Syrah_4,2026-05-30T19:00:00,12.17,78.92,905.2,8.58
Cuartel_Syrah_4,2026-05-30T20:00:00,11.38,82.54,905.5,8.4
Cuartel_Syrah_4,2026-05-30T21:00:00,10.41,87.02,905.6,8.12
Cuartel_Syrah_4,2026-05-30T22:00:00,9.85,88.79,905.5,7.72
Cuartel_Syrah_4,2026-05-30T23:00:00,9.91,86.51,905.1,7.27
Cuartel_Syrah_4,2026-05-31T00:00:00,9.95,84.23,904.6,6.75
Cuartel_Syrah_4,2026-05-31T01:00:00,9.97,82.06,904.1,6.23
Cuartel_Syrah_4,2026-05-31T02:00:00,9.88,80.39,903.6,5.69
Cuartel_Syrah_4,2026-05-31T03:00:00,9.69,79.23,903.2,5.14
Cuartel_Syrah_4,2026-05-31T04:00:00,9.71,77.09,903.2,4.66
Cuartel_Syrah_4,2026-05-31T05:00:00,9.64,75.43,903.4,4.23
Cuartel_Syrah_4,2026-05-31T06:00:00,9.58,74.56,903.8,4.01
Cuartel_Syrah_4,2026-05-31T07:00:00,10.28,72.9,904.2,4.68
Cuartel_Syrah_4,2026-05-31T08:00:00,12.02,68.55,904.4,5.76
Cuartel_Syrah_4,2026-05-31T09:00:00,13.8,61.47,904.4,5.63
Cuartel_Syrah_4,2026-05-31T10:00:00,16.3,52.38,903.9,5.65
Cuartel_Syrah_4,2026-05-31T11:00:00,18.55,45.11,902.8,5.82
Cuartel_Syrah_4,2026-05-31T12:00:00,19.89,41.2,901.8,5.94
Cuartel_Syrah_4,2026-05-31T13:00:00,20.5,39.53,901.0,6.03
Cuartel_Syrah_4,2026-05-31T14:00:00,20.24,40.64,900.7,6.32
Cuartel_Syrah_4,2026-05-31T15:00:00,18.95,45.02,901.0,6.71
Cuartel_Syrah_4,2026-05-31T16:00:00,15.06,59.25,901.5,7.18
Cuartel_Syrah_4,2026-05-31T17:00:00,13.94,64.56,902.2,7.39
Cuartel_Syrah_4,2026-05-31T18:00:00,13.83,65.26,903.0,7.42
Cuartel_Syrah_4,2026-05-31T19:00:00,13.43,67.29,903.4,7.45
Cuartel_Syrah_4,2026-05-31T20:00:00,12.76,70.92,903.7,7.53
Cuartel_Syrah_4,2026-05-31T21:00:00,11.99,75.54,903.9,7.66
Cuartel_Syrah_4,2026-05-31T22:00:00,11.05,81.5,904.1,7.81
Cuartel_Syrah_4,2026-05-31T23:00:00,10.68,84.43,904.1,7.92
Cuartel_Syrah_4,2026-06-01T00:00:00,11.02,88.1,903.8,9.11
Cuartel_Syrah_4,2026-06-01T01:00:00,11.3,86.14,903.7,9.06
Cuartel_Syrah_4,2026-06-01T02:00:00,11.08,86.95,903.4,8.98
Cuartel_Syrah_4,2026-06-01T03:00:00,10.42,90.02,903.1,8.83
Cuartel_Syrah_4,2026-06-01T04:00:00,9.65,94.16,902.8,8.73
Cuartel_Syrah_4,2026-06-01T05:00:00,9.14,96.98,903.1,8.67
Cuartel_Syrah_4,2026-06-01T06:00:00,8.66,99.47,903.6,8.58
Cuartel_Syrah_4,2026-06-01T07:00:00,8.77,99.42,904.1,8.68
Cuartel_Syrah_4,2026-06-01T08:00:00,10.54,91.02,904.4,9.11
Cuartel_Syrah_4,2026-06-01T09:00:00,12.63,81.24,904.5,9.52
Cuartel_Syrah_4,2026-06-01T10:00:00,14.14,71.88,904.0,9.21
Cuartel_Syrah_4,2026-06-01T11:00:00,14.83,67.4,903.1,8.92
Cuartel_Syrah_4,2026-06-01T12:00:00,15.24,65.26,902.3,8.84
Cuartel_Syrah_4,2026-06-01T13:00:00,15.54,64.13,901.8,8.87
Cuartel_Syrah_4,2026-06-01T14:00:00,15.48,64.61,901.5,8.92
Cuartel_Syrah_4,2026-06-01T15:00:00,14.9,67.55,901.3,9.02
Cuartel_Syrah_4,2026-06-01T16:00:00,13.74,73.03,901.5,9.05
Cuartel_Syrah_4,2026-06-01T17:00:00,12.53,79.29,902.1,9.07
Cuartel_Syrah_4,2026-06-01T18:00:00,11.69,83.85,902.7,9.05
Cuartel_Syrah_4,2026-06-01T19:00:00,10.93,87.99,903.0,9.0
Cuartel_Syrah_4,2026-06-01T20:00:00,10.36,91.51,903.0,9.01
Cuartel_Syrah_4,2026-06-01T21:00:00,10.11,93.5,902.7,9.08
Cuartel_Syrah_4,2026-06-01T22:00:00,10.18,93.84,902.4,9.21
Cuartel_Syrah_4,2026-06-01T23:00:00,10.27,94.98,902.2,9.48
Cuartel_Syrah_4,2026-06-02T00:00:00,10.5,96.57,902.1,9.96
Cuartel_Syrah_4,2026-06-02T01:00:00,10.83,96.33,901.9,10.25
Cuartel_Syrah_4,2026-06-02T02:00:00,11.09,94.85,901.5,10.27
Cuartel_Syrah_4,2026-06-02T03:00:00,11.2,93.58,901.1,10.18
Cuartel_Syrah_4,2026-06-02T04:00:00,11.24,92.36,901.0,10.02
Cuartel_Syrah_4,2026-06-02T05:00:00,11.3,91.49,901.3,9.94
Cuartel_Syrah_4,2026-06-02T06:00:00,11.27,91.41,902.0,9.9
Cuartel_Syrah_4,2026-06-02T07:00:00,11.33,90.48,902.7,9.81
Cuartel_Syrah_4,2026-06-02T08:00:00,11.61,88.85,903.1,9.82
Cuartel_Syrah_4,2026-06-02T09:00:00,12.27,86.68,903.1,10.1
Cuartel_Syrah_4,2026-06-02T10:00:00,13.35,82.31,902.7,10.41
Cuartel_Syrah_4,2026-06-02T11:00:00,14.59,76.41,902.1,10.53
Cuartel_Syrah_4,2026-06-02T12:00:00,15.73,71.69,901.5,10.7
Cuartel_Syrah_4,2026-06-02T13:00:00,16.51,68.17,901.1,10.7
Cuartel_Syrah_4,2026-06-02T14:00:00,16.72,67.83,900.6,10.83
Cuartel_Syrah_4,2026-06-02T15:00:00,16.23,70.6,900.6,10.95
Cuartel_Syrah_4,2026-06-02T16:00:00,14.96,77.11,900.8,11.03
Cuartel_Syrah_4,2026-06-02T17:00:00,13.54,84.94,901.1,11.06
Cuartel_Syrah_4,2026-06-02T18:00:00,12.77,89.57,901.7,11.08
Cuartel_Syrah_4,2026-06-02T19:00:00,12.28,91.94,902.0,10.99
Cuartel_Syrah_4,2026-06-02T20:00:00,11.71,93.59,902.1,10.69
Cuartel_Syrah_4,2026-06-02T21:00:00,11.22,94.59,901.6,10.36
Cuartel_Syrah_4,2026-06-02T22:00:00,10.96,94.23,901.3,10.05
Cuartel_Syrah_4,2026-06-02T23:00:00,10.98,92.13,901.3,9.73
Cuartel_Syrah_4,2026-06-03T00:00:00,10.94,90.95,901.3,9.5
Cuartel_Syrah_4,2026-06-03T01:00:00,10.98,89.59,901.0,9.32
Cuartel_Syrah_4,2026-06-03T02:00:00,11.0,87.99,900.4,9.07
Cuartel_Syrah_4,2026-06-03T03:00:00,10.95,87.12,899.7,8.88
Cuartel_Syrah_4,2026-06-03T04:00:00,10.85,86.82,899.7,8.73
Cuartel_Syrah_4,2026-06-03T05:00:00,10.79,86.55,900.2,8.63
Cuartel_Syrah_4,2026-06-03T06:00:00,10.73,86.66,901.2,8.59
Cuartel_Syrah_4,2026-06-03T07:00:00,10.76,86.45,902.0,8.58
Cuartel_Syrah_4,2026-06-03T08:00:00,11.12,85.1,902.4,8.71
Cuartel_Syrah_4,2026-06-03T09:00:00,11.59,84.07,902.4,8.99
Cuartel_Syrah_4,2026-06-03T10:00:00,12.39,78.82,902.1,8.84
Cuartel_Syrah_4,2026-06-03T11:00:00,13.46,73.55,901.8,8.88
Cuartel_Syrah_4,2026-06-03T12:00:00,14.33,69.06,901.6,8.8
Cuartel_Syrah_4,2026-06-03T13:00:00,14.79,66.54,901.8,8.7
Cuartel_Syrah_4,2026-06-03T14:00:00,14.84,66.76,902.0,8.79
Cuartel_Syrah_4,2026-06-03T15:00:00,14.38,70.11,902.2,9.07
Cuartel_Syrah_4,2026-06-03T16:00:00,13.13,76.93,902.5,9.21
Cuartel_Syrah_4,2026-06-03T17:00:00,11.75,84.09,903.2,9.15
Cuartel_Syrah_4,2026-06-03T18:00:00,11.01,88.26,903.8,9.13
Cuartel_Syrah_4,2026-06-03T19:00:00,10.66,90.29,904.4,9.11
Cuartel_Syrah_4,2026-06-03T20:00:00,10.36,92.04,904.8,9.1
Cuartel_Syrah_4,2026-06-03T21:00:00,9.9,94.7,904.9,9.07
Cuartel_Syrah_4,2026-06-03T22:00:00,9.46,97.29,904.8,9.04
Cuartel_Syrah_4,2026-06-03T23:00:00,9.22,98.48,904.6,8.98
Cuartel_Syrah_4,2026-06-04T00:00:00,9.18,98.49,904.6,8.94
Cuartel_Syrah_4,2026-06-04T01:00:00,9.08,99.89,904.4,9.06
Cuartel_Syrah_4,2026-06-04T02:00:00,8.94,100.0,903.9,8.94
Cuartel_Syrah_4,2026-06-04T03:00:00,8.85,100.0,903.2,8.85
Cuartel_Syrah_4,2026-06-04T04:00:00,8.81,100.0,902.8,8.81
Cuartel_Syrah_4,2026-06-04T05:00:00,8.95,100.0,902.9,8.95
Cuartel_Syrah_4,2026-06-04T06:00:00,9.2,100.0,903.3,9.2
Cuartel_Syrah_4,2026-06-04T07:00:00,9.65,98.68,903.6,9.44
Cuartel_Syrah_4,2026-06-04T08:00:00,10.68,93.13,903.7,9.59
Cuartel_Syrah_4,2026-06-04T09:00:00,12.09,83.99,903.6,9.47
Cuartel_Syrah_4,2026-06-04T10:00:00,13.71,74.12,903.1,9.24
Cuartel_Syrah_4,2026-06-04T11:00:00,14.62,68.7,902.4,9.0
Cuartel_Syrah_4,2026-06-04T12:00:00,15.25,65.51,901.8,8.91
Cuartel_Syrah_4,2026-06-04T13:00:00,16.02,62.26,901.6,8.88
Cuartel_Syrah_4,2026-06-04T14:00:00,16.31,61.1,901.3,8.87
Cuartel_Syrah_4,2026-06-04T15:00:00,15.92,62.87,901.3,8.93
Cuartel_Syrah_4,2026-06-04T16:00:00,14.42,69.08,901.5,8.89
Cuartel_Syrah_4,2026-06-04T17:00:00,12.6,76.67,902.2,8.65
Cuartel_Syrah_4,2026-06-04T18:00:00,11.69,81.69,903.1,8.68
Cuartel_Syrah_4,2026-06-04T19:00:00,11.29,84.48,903.7,8.77
Cuartel_Syrah_4,2026-06-04T20:00:00,11.08,86.11,903.8,8.84
Cuartel_Syrah_4,2026-06-04T21:00:00,10.83,87.65,903.6,8.85
Cuartel_Syrah_4,2026-06-04T22:00:00,10.5,89.68,903.3,8.86
Cuartel_Syrah_4,2026-06-04T23:00:00,10.2,91.59,903.2,8.87
Cuartel_Syrah_4,2026-06-05T00:00:00,9.71,94.67,903.3,8.87
Cuartel_Syrah_4,2026-06-05T01:00:00,9.44,96.14,903.1,8.84
Cuartel_Syrah_4,2026-06-05T02:00:00,9.51,94.32,902.8,8.62
Cuartel_Syrah_4,2026-06-05T03:00:00,9.71,90.88,902.4,8.27
Cuartel_Syrah_4,2026-06-05T04:00:00,9.93,88.13,902.4,8.04
Cuartel_Syrah_4,2026-06-05T05:00:00,10.1,86.37,903.0,7.92
Cuartel_Syrah_4,2026-06-05T06:00:00,10.13,85.84,904.1,7.86
Cuartel_Syrah_4,2026-06-05T07:00:00,10.17,85.69,904.9,7.87
Cuartel_Syrah_4,2026-06-05T08:00:00,10.85,84.25,905.2,8.3
Cuartel_Syrah_4,2026-06-05T09:00:00,11.95,79.98,905.3,8.63
Cuartel_Syrah_4,2026-06-05T10:00:00,13.07,75.52,904.9,8.89
Cuartel_Syrah_4,2026-06-05T11:00:00,14.03,71.07,904.2,8.93
Cuartel_Syrah_4,2026-06-05T12:00:00,14.83,67.51,903.5,8.95
Cuartel_Syrah_4,2026-06-05T13:00:00,15.35,65.42,903.0,8.98
Cuartel_Syrah_4,2026-06-05T14:00:00,15.59,64.96,902.6,9.11
Cuartel_Syrah_4,2026-06-05T15:00:00,15.26,67.01,902.5,9.25
Cuartel_Syrah_4,2026-06-05T16:00:00,13.93,73.29,902.5,9.29
Cuartel_Syrah_4,2026-06-05T17:00:00,12.72,79.16,903.0,9.23
Cuartel_Syrah_4,2026-06-05T18:00:00,12.29,82.08,903.5,9.33
Cuartel_Syrah_4,2026-06-05T19:00:00,11.91,84.5,903.8,9.38
Cuartel_Syrah_4,2026-06-05T20:00:00,11.58,86.45,903.7,9.39
Cuartel_Syrah_4,2026-06-05T21:00:00,11.27,88.13,903.5,9.36
Cuartel_Syrah_4,2026-06-05T22:00:00,11.03,89.41,903.3,9.34
Cuartel_Syrah_4,2026-06-05T23:00:00,10.76,91.0,903.1,9.33
Cuartel_Syrah_4,2026-06-06T00:00:00,10.4,92.85,902.8,9.27
Cuartel_Syrah_4,2026-06-06T01:00:00,10.11,93.7,902.5,9.12
Cuartel_Syrah_4,2026-06-06T02:00:00,9.99,93.45,901.8,8.96
Cuartel_Syrah_4,2026-06-06T03:00:00,9.84,93.85,901.1,8.87
Cuartel_Syrah_4,2026-06-06T04:00:00,9.76,93.85,900.8,8.79
Cuartel_Syrah_4,2026-06-06T05:00:00,9.75,93.36,901.2,8.71
Cuartel_Syrah_4,2026-06-06T06:00:00,9.78,92.52,901.8,8.6
Cuartel_Syrah_4,2026-06-06T07:00:00,9.92,92.29,902.2,8.7
Cuartel_Syrah_4,2026-06-06T08:00:00,10.4,90.64,902.4,8.91
Cuartel_Syrah_4,2026-06-06T09:00:00,11.45,86.24,902.5,9.22
Cuartel_Syrah_4,2026-06-06T10:00:00,12.49,82.49,902.3,9.6
Cuartel_Syrah_4,2026-06-06T11:00:00,13.37,78.21,901.9,9.69
Cuartel_Syrah_4,2026-06-06T12:00:00,14.42,73.0,901.2,9.7
Cuartel_Syrah_4,2026-06-06T13:00:00,15.0,69.69,900.8,9.58
Cuartel_Syrah_4,2026-06-06T14:00:00,14.78,70.58,900.5,9.55
Cuartel_Syrah_4,2026-06-06T15:00:00,13.78,75.12,900.6,9.5
Cuartel_Syrah_4,2026-06-06T16:00:00,12.52,81.91,901.1,9.53
Cuartel_Syrah_4,2026-06-06T17:00:00,11.63,87.57,901.9,9.62
Cuartel_Syrah_4,2026-06-06T18:00:00,11.02,91.5,902.8,9.67
Cuartel_Syrah_4,2026-06-06T19:00:00,10.65,93.74,903.5,9.66
Cuartel_Syrah_4,2026-06-06T20:00:00,10.41,94.6,903.8,9.56
Cuartel_Syrah_4,2026-06-06T21:00:00,10.15,94.98,903.8,9.36
Cuartel_Syrah_4,2026-06-06T22:00:00,10.0,94.65,903.8,9.16
Cuartel_Syrah_4,2026-06-06T23:00:00,9.83,94.3,903.7,8.93
Cuartel_Syrah_4,2026-06-07T00:00:00,9.35,95.69,903.7,8.68
Cuartel_Syrah_4,2026-06-07T01:00:00,8.67,97.74,903.7,8.32
Cuartel_Syrah_4,2026-06-07T02:00:00,8.29,98.82,903.4,8.11
Cuartel_Syrah_4,2026-06-07T03:00:00,8.21,98.53,903.1,7.98
Cuartel_Syrah_4,2026-06-07T04:00:00,7.99,99.34,903.1,7.89
Cuartel_Syrah_4,2026-06-07T05:00:00,7.87,99.54,903.6,7.8
Cuartel_Syrah_4,2026-06-07T06:00:00,8.08,97.81,904.4,7.74
Cuartel_Syrah_4,2026-06-07T07:00:00,8.73,93.65,905.0,7.74
Cuartel_Syrah_4,2026-06-07T08:00:00,10.02,85.64,905.2,7.72
Cuartel_Syrah_4,2026-06-07T09:00:00,11.43,76.14,905.1,7.41
Cuartel_Syrah_4,2026-06-07T10:00:00,12.55,68.92,904.9,7.06
Cuartel_Syrah_4,2026-06-07T11:00:00,12.82,66.7,904.4,6.85
Cuartel_Syrah_4,2026-06-07T12:00:00,12.62,67.56,904.2,6.84
Cuartel_Syrah_4,2026-06-07T13:00:00,12.19,69.39,904.1,6.82
Cuartel_Syrah_4,2026-06-07T14:00:00,11.58,71.94,904.3,6.75
Cuartel_Syrah_4,2026-06-07T15:00:00,10.94,74.42,904.5,6.61
Cuartel_Syrah_4,2026-06-07T16:00:00,10.16,77.17,905.1,6.37
Cuartel_Syrah_4,2026-06-07T17:00:00,9.38,80.29,906.0,6.17
Cuartel_Syrah_4,2026-06-07T18:00:00,8.67,83.8,906.9,6.08
Cuartel_Syrah_4,2026-06-07T19:00:00,7.86,88.2,907.5,6.01
Cuartel_Syrah_4,2026-06-07T20:00:00,7.07,92.84,907.9,5.96
Cuartel_Syrah_4,2026-06-07T21:00:00,6.47,96.14,907.7,5.88
Cuartel_Syrah_4,2026-06-07T22:00:00,6.11,97.92,907.5,5.79
Cuartel_Syrah_4,2026-06-07T23:00:00,5.84,98.96,907.3,5.68
Cuartel_Syrah_4,2026-06-08T00:00:00,5.73,98.9,907.0,5.56
Cuartel_Syrah_4,2026-06-08T01:00:00,5.69,98.2,906.8,5.42
Cuartel_Syrah_4,2026-06-08T02:00:00,5.64,97.38,906.3,5.24
Cuartel_Syrah_4,2026-06-08T03:00:00,5.65,96.48,905.9,5.11
Cuartel_Syrah_4,2026-06-08T04:00:00,5.74,95.23,905.7,5.01
Cuartel_Syrah_4,2026-06-08T05:00:00,5.76,94.97,906.1,4.99
Cuartel_Syrah_4,2026-06-08T06:00:00,5.56,96.23,906.9,4.99
Cuartel_Syrah_4,2026-06-08T07:00:00,5.85,94.53,907.5,5.02
Cuartel_Syrah_4,2026-06-08T08:00:00,7.17,85.76,907.7,4.93
Cuartel_Syrah_4,2026-06-08T09:00:00,8.85,76.08,907.4,4.9
Cuartel_Syrah_4,2026-06-08T10:00:00,10.19,69.57,906.5,4.93
Cuartel_Syrah_4,2026-06-08T11:00:00,11.12,65.31,905.3,4.92
Cuartel_Syrah_4,2026-06-08T12:00:00,12.11,61.3,904.3,4.94
Cuartel_Syrah_4,2026-06-08T13:00:00,12.74,58.86,903.5,4.95
Cuartel_Syrah_4,2026-06-08T14:00:00,12.94,58.36,903.1,5.01
Cuartel_Syrah_4,2026-06-08T15:00:00,12.42,60.56,902.7,5.06
Cuartel_Syrah_4,2026-06-08T16:00:00,10.99,66.55,902.5,5.06
Cuartel_Syrah_4,2026-06-08T17:00:00,9.41,73.49,902.7,4.95
Cuartel_Syrah_4,2026-06-08T18:00:00,8.43,78.18,903.2,4.87
Cuartel_Syrah_4,2026-06-08T19:00:00,7.78,81.06,903.5,4.74
Cuartel_Syrah_4,2026-06-08T20:00:00,7.26,83.28,903.5,4.61
Cuartel_Syrah_4,2026-06-08T21:00:00,6.85,84.46,903.1,4.4
Cuartel_Syrah_4,2026-06-08T22:00:00,6.49,85.17,902.4,4.17
Cuartel_Syrah_4,2026-06-08T23:00:00,6.16,85.85,901.7,3.95
Cuartel_Syrah_4,2026-06-09T00:00:00,5.9,86.11,901.2,3.74
Cuartel_Syrah_4,2026-06-09T01:00:00,5.76,85.95,900.5,3.58
Cuartel_Syrah_4,2026-06-09T02:00:00,5.6,86.37,899.7,3.49
Cuartel_Syrah_4,2026-06-09T03:00:00,5.57,86.02,899.2,3.4
Cuartel_Syrah_4,2026-06-09T04:00:00,5.96,83.55,899.0,3.38
Cuartel_Syrah_4,2026-06-09T05:00:00,6.42,81.13,899.5,3.43
Cuartel_Syrah_4,2026-06-09T06:00:00,6.31,82.28,900.4,3.51
Cuartel_Syrah_4,2026-06-09T07:00:00,6.28,83.1,900.8,3.62
Cuartel_Syrah_4,2026-06-09T08:00:00,6.95,80.92,900.7,3.91
Cuartel_Syrah_4,2026-06-09T09:00:00,7.97,77.2,900.5,4.25
Cuartel_Syrah_4,2026-06-09T10:00:00,9.02,72.72,899.9,4.43
Cuartel_Syrah_4,2026-06-09T11:00:00,10.0,69.9,899.2,4.81
Cuartel_Syrah_4,2026-06-09T12:00:00,11.02,66.76,898.3,5.14
Cuartel_Syrah_4,2026-06-09T13:00:00,12.0,63.53,897.5,5.36
Cuartel_Syrah_4,2026-06-09T14:00:00,12.54,62.07,897.1,5.53
Cuartel_Syrah_4,2026-06-09T15:00:00,12.26,64.43,897.1,5.81
Cuartel_Syrah_4,2026-06-09T16:00:00,11.05,71.66,897.4,6.18
Cuartel_Syrah_4,2026-06-09T17:00:00,9.93,75.74,897.8,5.88
Cuartel_Syrah_4,2026-06-09T18:00:00,9.14,79.39,898.0,5.78
Cuartel_Syrah_4,2026-06-09T19:00:00,8.4,82.71,898.2,5.63
Cuartel_Syrah_4,2026-06-09T20:00:00,8.14,83.52,898.1,5.51
Cuartel_Syrah_4,2026-06-09T21:00:00,8.26,82.68,897.8,5.49
Cuartel_Syrah_4,2026-06-09T22:00:00,8.2,82.85,897.4,5.46
Cuartel_Syrah_4,2026-06-09T23:00:00,7.89,85.38,897.0,5.58
Cuartel_Syrah_4,2026-06-10T00:00:00,7.7,87.27,896.6,5.7
Cuartel_Syrah_4,2026-06-10T01:00:00,7.67,87.3,896.4,5.68
Cuartel_Syrah_4,2026-06-10T02:00:00,8.19,81.75,896.3,5.26
Cuartel_Syrah_4,2026-06-10T03:00:00,8.45,76.54,895.9,4.59
Cuartel_Syrah_4,2026-06-10T04:00:00,7.99,74.56,895.8,3.78
Cuartel_Syrah_4,2026-06-10T05:00:00,7.51,71.13,896.1,2.66
Cuartel_Syrah_4,2026-06-10T06:00:00,6.99,66.32,896.7,1.19
Cuartel_Syrah_4,2026-06-10T07:00:00,7.03,62.2,897.5,0.33
Cuartel_Syrah_4,2026-06-10T08:00:00,8.58,56.4,898.5,0.42
Cuartel_Syrah_4,2026-06-10T09:00:00,9.46,55.26,899.2,0.95
Cuartel_Syrah_4,2026-06-10T10:00:00,10.19,54.58,899.1,1.46
Cuartel_Syrah_4,2026-06-10T11:00:00,11.69,50.94,898.7,1.86
Cuartel_Syrah_4,2026-06-10T12:00:00,12.99,47.41,898.3,2.03
Cuartel_Syrah_4,2026-06-10T13:00:00,13.37,47.65,898.3,2.45
Cuartel_Syrah_4,2026-06-10T14:00:00,12.89,51.21,898.5,3.06
Cuartel_Syrah_4,2026-06-10T15:00:00,12.0,56.26,898.8,3.59
Cuartel_Syrah_4,2026-06-10T16:00:00,10.65,63.91,899.3,4.16
Cuartel_Syrah_4,2026-06-10T17:00:00,9.09,71.76,900.0,4.31
Cuartel_Syrah_4,2026-06-10T18:00:00,8.29,75.67,900.5,4.28
Cuartel_Syrah_4,2026-06-10T19:00:00,7.97,76.57,901.0,4.13
Cuartel_Syrah_4,2026-06-10T20:00:00,7.71,76.6,901.4,3.89
Cuartel_Syrah_4,2026-06-10T21:00:00,7.47,75.39,901.7,3.43
Cuartel_Syrah_4,2026-06-10T22:00:00,6.86,75.15,902.0,2.8
Cuartel_Syrah_4,2026-06-10T23:00:00,6.74,71.12,902.3,1.92
Cuartel_Syrah_4,2026-06-11T00:00:00,6.72,66.39,902.5,0.94
Cuartel_Syrah_4,2026-06-11T01:00:00,6.73,61.79,902.5,-0.04
Cuartel_Syrah_4,2026-06-11T02:00:00,6.95,56.94,902.2,-0.98
Cuartel_Syrah_4,2026-06-11T03:00:00,7.38,52.18,901.9,-1.8
Cuartel_Syrah_4,2026-06-11T04:00:00,6.93,53.51,901.6,-1.87
Cuartel_Syrah_4,2026-06-11T05:00:00,5.54,61.29,901.5,-1.29
Cuartel_Syrah_4,2026-06-11T06:00:00,4.97,64.78,901.8,-1.06
Cuartel_Syrah_4,2026-06-11T07:00:00,5.13,66.38,902.1,-0.58
Cuartel_Syrah_4,2026-06-11T08:00:00,7.33,63.78,902.1,0.97
Cuartel_Syrah_4,2026-06-11T09:00:00,10.6,59.0,901.7,2.96
Cuartel_Syrah_4,2026-06-11T10:00:00,12.96,53.9,900.7,3.87
Cuartel_Syrah_4,2026-06-11T11:00:00,14.53,47.91,899.6,3.6
Cuartel_Syrah_4,2026-06-11T12:00:00,15.52,44.08,898.6,3.29
Cuartel_Syrah_4,2026-06-11T13:00:00,15.99,42.66,897.7,3.23
Cuartel_Syrah_4,2026-06-11T14:00:00,15.8,43.48,897.3,3.34
Cuartel_Syrah_4,2026-06-11T15:00:00,14.8,47.46,897.2,3.71
Cuartel_Syrah_4,2026-06-11T16:00:00,13.1,54.15,897.2,4.06
Cuartel_Syrah_4,2026-06-11T17:00:00,11.61,58.16,897.5,3.71
Cuartel_Syrah_4,2026-06-11T18:00:00,10.54,61.68,897.8,3.55
Cuartel_Syrah_4,2026-06-11T19:00:00,9.65,64.75,897.8,3.39
Cuartel_Syrah_4,2026-06-11T20:00:00,8.98,66.86,897.6,3.21
Cuartel_Syrah_4,2026-06-11T21:00:00,8.45,68.51,897.5,3.04
Cuartel_Syrah_4,2026-06-11T22:00:00,8.15,69.23,897.1,2.9
Cuartel_Syrah_4,2026-06-11T23:00:00,7.95,70.11,896.3,2.89
Cuartel_Syrah_4,2026-06-12T00:00:00,7.76,71.79,895.6,3.03
Cuartel_Syrah_4,2026-06-12T01:00:00,7.6,74.06,895.3,3.31
Cuartel_Syrah_4,2026-06-12T02:00:00,7.48,75.88,894.9,3.53
Cuartel_Syrah_4,2026-06-12T03:00:00,7.19,78.63,894.5,3.74
Cuartel_Syrah_4,2026-06-12T04:00:00,6.86,81.27,894.3,3.88
Cuartel_Syrah_4,2026-06-12T05:00:00,6.61,83.28,894.4,3.97
Cuartel_Syrah_4,2026-06-12T06:00:00,6.44,84.72,894.5,4.05
Cuartel_Syrah_4,2026-06-12T07:00:00,6.91,82.35,894.9,4.11
Cuartel_Syrah_4,2026-06-12T08:00:00,8.37,75.21,895.3,4.27
Cuartel_Syrah_4,2026-06-12T09:00:00,9.96,70.63,895.7,4.92
Cuartel_Syrah_4,2026-06-12T10:00:00,11.42,65.24,895.6,5.19
Cuartel_Syrah_4,2026-06-12T11:00:00,13.05,57.6,894.9,4.92
Cuartel_Syrah_4,2026-06-12T12:00:00,14.86,51.77,894.2,5.04
Cuartel_Syrah_4,2026-06-12T13:00:00,16.44,47.14,893.8,5.12
Cuartel_Syrah_4,2026-06-12T14:00:00,17.19,46.26,893.8,5.52
Cuartel_Syrah_4,2026-06-12T15:00:00,16.79,49.92,894.0,6.29
Cuartel_Syrah_4,2026-06-12T16:00:00,14.39,57.37,894.3,6.12
Cuartel_Syrah_4,2026-06-12T17:00:00,11.93,64.33,894.6,5.47
Cuartel_Syrah_4,2026-06-12T18:00:00,10.59,69.12,895.0,5.22
Cuartel_Syrah_4,2026-06-12T19:00:00,9.82,71.04,895.5,4.87
Cuartel_Syrah_4,2026-06-12T20:00:00,9.71,69.34,895.8,4.42
Cuartel_Syrah_4,2026-06-12T21:00:00,9.76,67.14,896.3,4.01
Cuartel_Syrah_4,2026-06-12T22:00:00,8.05,76.63,897.1,4.22
Cuartel_Syrah_4,2026-06-12T23:00:00,7.53,82.5,898.0,4.74
Cuartel_Syrah_4,2026-06-13T00:00:00,7.3,85.13,898.6,4.96
Cuartel_Syrah_4,2026-06-13T01:00:00,7.01,86.01,898.9,4.82
Cuartel_Syrah_4,2026-06-13T02:00:00,6.51,87.83,898.9,4.62
Cuartel_Syrah_4,2026-06-13T03:00:00,5.98,89.25,898.7,4.32
Cuartel_Syrah_4,2026-06-13T04:00:00,5.56,89.37,898.9,3.93
Cuartel_Syrah_4,2026-06-13T05:00:00,5.21,88.56,899.5,3.45
Cuartel_Syrah_4,2026-06-13T06:00:00,4.83,87.05,900.7,2.84
Cuartel_Syrah_4,2026-06-13T07:00:00,5.22,82.25,902.2,2.44
Cuartel_Syrah_4,2026-06-13T08:00:00,6.6,77.23,903.5,2.92
Cuartel_Syrah_4,2026-06-13T09:00:00,8.12,71.66,904.3,3.35
Cuartel_Syrah_4,2026-06-13T10:00:00,9.18,68.05,904.1,3.65
Cuartel_Syrah_4,2026-06-13T11:00:00,9.74,66.09,903.6,3.77
Cuartel_Syrah_4,2026-06-13T12:00:00,9.65,66.71,903.2,3.81
Cuartel_Syrah_4,2026-06-13T13:00:00,9.11,68.45,903.5,3.66
Cuartel_Syrah_4,2026-06-13T14:00:00,8.51,70.16,904.0,3.43
Cuartel_Syrah_4,2026-06-13T15:00:00,7.82,71.96,904.9,3.12
Cuartel_Syrah_4,2026-06-13T16:00:00,6.77,75.35,905.7,2.74
Cuartel_Syrah_4,2026-06-13T17:00:00,5.71,79.1,906.7,2.38
Cuartel_Syrah_4,2026-06-13T18:00:00,4.81,82.09,907.3,2.01
Cuartel_Syrah_4,2026-06-13T19:00:00,4.04,84.89,907.6,1.72
Cuartel_Syrah_4,2026-06-13T20:00:00,3.57,86.46,907.6,1.5
Cuartel_Syrah_4,2026-06-13T21:00:00,3.18,87.35,907.5,1.26
Cuartel_Syrah_4,2026-06-13T22:00:00,2.75,88.9,907.6,1.08
Cuartel_Syrah_4,2026-06-13T23:00:00,2.45,89.82,907.5,0.92
Cuartel_Syrah_4,2026-06-14T00:00:00,2.38,89.24,907.3,0.77
Cuartel_Syrah_4,2026-06-14T01:00:00,2.23,89.15,906.9,0.6
Cuartel_Syrah_4,2026-06-14T02:00:00,1.96,89.6,906.4,0.41
Cuartel_Syrah_4,2026-06-14T03:00:00,1.81,89.48,905.9,0.24
Cuartel_Syrah_4,2026-06-14T04:00:00,1.77,88.89,905.8,0.11
Cuartel_Syrah_4,2026-06-14T05:00:00,1.76,88.35,906.0,0.02
Cuartel_Syrah_4,2026-06-14T06:00:00,1.64,88.73,906.4,-0.04
Cuartel_Syrah_4,2026-06-14T07:00:00,1.97,86.67,906.5,-0.04
Cuartel_Syrah_4,2026-06-14T08:00:00,3.26,81.32,906.5,0.37
Cuartel_Syrah_4,2026-06-14T09:00:00,5.35,73.94,906.2,1.11
Cuartel_Syrah_4,2026-06-14T10:00:00,7.22,65.22,905.6,1.18
Cuartel_Syrah_4,2026-06-14T11:00:00,8.91,60.36,904.7,1.69
Cuartel_Syrah_4,2026-06-14T12:00:00,10.45,56.54,903.8,2.21
Cuartel_Syrah_4,2026-06-14T13:00:00,11.67,53.99,903.2,2.69
Cuartel_Syrah_4,2026-06-14T14:00:00,12.18,54.43,903.0,3.28
Cuartel_Syrah_4,2026-06-14T15:00:00,11.8,58.31,903.0,3.93
Cuartel_Syrah_4,2026-06-14T16:00:00,10.12,67.78,903.1,4.49
Cuartel_Syrah_4,2026-06-14T17:00:00,8.34,75.67,903.6,4.33
Cuartel_Syrah_4,2026-06-14T18:00:00,7.21,81.63,904.0,4.28
Cuartel_Syrah_4,2026-06-14T19:00:00,6.49,85.2,904.3,4.17
Cuartel_Syrah_4,2026-06-14T20:00:00,6.03,87.5,904.4,4.09
Cuartel_Syrah_4,2026-06-14T21:00:00,5.67,89.7,904.3,4.09
Cuartel_Syrah_4,2026-06-14T22:00:00,5.36,91.82,904.3,4.11
Cuartel_Syrah_4,2026-06-14T23:00:00,5.04,94.21,904.3,4.16
Cuartel_Syrah_4,2026-06-15T00:00:00,4.81,95.57,904.3,4.14
Cuartel_Syrah_4,2026-06-15T01:00:00,4.84,94.84,904.1,4.06
Cuartel_Syrah_4,2026-06-15T02:00:00,5.05,91.77,903.7,3.8
Cuartel_Syrah_4,2026-06-15T03:00:00,5.16,87.78,903.4,3.28
Cuartel_Syrah_4,2026-06-15T04:00:00,5.19,84.67,903.6,2.81
Cuartel_Syrah_4,2026-06-15T05:00:00,5.3,81.64,904.0,2.42
Cuartel_Syrah_4,2026-06-15T06:00:00,5.47,78.96,904.6,2.13
Cuartel_Syrah_4,2026-06-15T07:00:00,5.74,77.36,904.8,2.11
Cuartel_Syrah_4,2026-06-15T08:00:00,7.05,71.54,904.8,2.3
Cuartel_Syrah_4,2026-06-15T09:00:00,9.91,62.94,904.7,3.24
Cuartel_Syrah_4,2026-06-15T10:00:00,12.89,49.5,904.3,2.56
Cuartel_Syrah_4,2026-06-15T11:00:00,14.96,43.59,903.9,2.61
Cuartel_Syrah_4,2026-06-15T12:00:00,15.89,42.8,903.4,3.19
Cuartel_Syrah_4,2026-06-15T13:00:00,15.97,44.63,903.1,3.88
Cuartel_Syrah_4,2026-06-15T14:00:00,15.45,47.95,903.1,4.46
Cuartel_Syrah_4,2026-06-15T15:00:00,14.27,53.7,903.2,5.03
Cuartel_Syrah_4,2026-06-15T16:00:00,12.25,62.8,903.4,5.43
Cuartel_Syrah_4,2026-06-15T17:00:00,10.42,69.57,903.8,5.15
Cuartel_Syrah_4,2026-06-15T18:00:00,9.3,74.17,904.3,4.98
Cuartel_Syrah_4,2026-06-15T19:00:00,8.76,74.77,904.5,4.57
Cuartel_Syrah_4,2026-06-15T20:00:00,8.71,71.93,904.3,3.98
Cuartel_Syrah_4,2026-06-15T21:00:00,8.53,70.18,903.8,3.46
Cuartel_Syrah_4,2026-06-15T22:00:00,8.13,70.61,903.4,3.16
Cuartel_Syrah_4,2026-06-15T23:00:00,7.88,70.46,903.2,2.89
Cuartel_Syrah_4,2026-06-16T00:00:00,7.85,69.65,903.3,2.7
Cuartel_Syrah_4,2026-06-16T01:00:00,7.92,68.35,903.0,2.5
Cuartel_Syrah_4,2026-06-16T02:00:00,7.88,67.14,902.5,2.21
Cuartel_Syrah_4,2026-06-16T03:00:00,7.94,65.21,901.9,1.86
Cuartel_Syrah_4,2026-06-16T04:00:00,7.89,64.36,902.1,1.63
Cuartel_Syrah_4,2026-06-16T05:00:00,7.7,64.81,902.4,1.55
Cuartel_Syrah_4,2026-06-16T06:00:00,8.04,61.21,902.8,1.07
Cuartel_Syrah_4,2026-06-16T07:00:00,8.28,57.06,903.0,0.3
Cuartel_Syrah_4,2026-06-16T08:00:00,9.65,50.22,903.1,-0.23
Cuartel_Syrah_4,2026-06-16T09:00:00,11.97,45.82,903.2,0.6
Cuartel_Syrah_4,2026-06-16T10:00:00,14.45,38.87,903.0,0.51
Cuartel_Syrah_4,2026-06-16T11:00:00,16.25,37.11,902.6,1.47
Cuartel_Syrah_4,2026-06-16T12:00:00,16.64,39.9,902.0,2.85
Cuartel_Syrah_4,2026-06-16T13:00:00,16.08,44.47,901.3,3.92
Cuartel_Syrah_4,2026-06-16T14:00:00,15.57,48.23,901.4,4.65
Cuartel_Syrah_4,2026-06-16T15:00:00,14.86,52.05,902.0,5.12
Cuartel_Syrah_4,2026-06-16T16:00:00,13.03,59.23,902.6,5.31
Cuartel_Syrah_4,2026-06-16T17:00:00,11.54,63.57,903.2,4.93
Cuartel_Syrah_4,2026-06-16T18:00:00,10.97,65.27,903.5,4.77
Cuartel_Syrah_4,2026-06-16T19:00:00,10.66,66.31,903.6,4.7
Cuartel_Syrah_4,2026-06-16T20:00:00,10.82,65.06,903.8,4.58
Cuartel_Syrah_4,2026-06-16T21:00:00,10.69,65.41,903.8,4.53
Cuartel_Syrah_4,2026-06-16T22:00:00,10.13,68.84,903.9,4.72
Cuartel_Syrah_4,2026-06-16T23:00:00,10.03,69.65,903.8,4.79
Cuartel_Syrah_4,2026-06-17T00:00:00,10.09,69.26,903.9,4.77
Cuartel_Syrah_4,2026-06-17T01:00:00,9.24,73.13,904.6,4.72
Cuartel_Syrah_4,2026-06-17T02:00:00,8.21,78.77,904.0,4.76
Cuartel_Syrah_4,2026-06-17T03:00:00,8.25,78.41,903.9,4.74
Cuartel_Syrah_4,2026-06-17T04:00:00,8.45,76.92,903.5,4.66
Cuartel_Syrah_4,2026-06-17T05:00:00,9.04,73.14,903.2,4.53
Cuartel_Syrah_4,2026-06-17T06:00:00,9.08,71.7,903.3,4.29
Cuartel_Syrah_4,2026-06-17T07:00:00,8.65,73.29,903.2,4.18
Cuartel_Syrah_4,2026-06-17T08:00:00,9.78,70.03,902.9,4.63
Cuartel_Syrah_4,2026-06-17T09:00:00,11.96,61.27,902.5,4.79
Cuartel_Syrah_4,2026-06-17T10:00:00,13.31,58.86,901.8,5.49
Cuartel_Syrah_4,2026-06-17T11:00:00,14.35,56.61,900.6,5.89
Cuartel_Syrah_4,2026-06-17T12:00:00,15.36,53.46,899.3,5.98
Cuartel_Syrah_4,2026-06-17T13:00:00,15.71,52.27,898.1,5.98
Cuartel_Syrah_4,2026-06-17T14:00:00,15.56,53.0,897.7,6.04
Cuartel_Syrah_4,2026-06-17T15:00:00,14.64,56.38,897.2,6.1
Cuartel_Syrah_4,2026-06-17T16:00:00,13.43,61.07,897.2,6.14
Cuartel_Syrah_4,2026-06-17T17:00:00,12.47,65.52,897.1,6.25
Cuartel_Syrah_4,2026-06-17T18:00:00,11.7,69.63,896.8,6.39
Cuartel_Syrah_4,2026-06-17T19:00:00,10.81,74.18,896.5,6.44
Cuartel_Syrah_4,2026-06-17T20:00:00,10.33,76.82,896.5,6.47
Cuartel_Syrah_4,2026-06-17T21:00:00,10.09,78.08,895.3,6.47
Cuartel_Syrah_4,2026-06-17T22:00:00,9.92,79.84,895.9,6.62
Cuartel_Syrah_4,2026-06-17T23:00:00,9.62,82.81,894.9,6.84
Cuartel_Syrah_4,2026-06-18T00:00:00,9.18,84.96,895.3,6.78
Cuartel_Syrah_4,2026-06-18T01:00:00,8.78,86.03,895.3,6.56
Cuartel_Syrah_4,2026-06-18T02:00:00,8.12,89.18,895.3,6.42
Cuartel_Syrah_4,2026-06-18T03:00:00,7.74,89.79,895.6,6.15
Cuartel_Syrah_4,2026-06-18T04:00:00,7.83,86.06,896.2,5.63
Cuartel_Syrah_4,2026-06-18T05:00:00,8.24,78.23,896.7,4.7
Cuartel_Syrah_4,2026-06-18T06:00:00,8.58,68.12,896.9,3.09
Cuartel_Syrah_4,2026-06-18T07:00:00,9.28,58.77,897.5,1.66
Cuartel_Syrah_4,2026-06-18T08:00:00,11.68,51.39,898.7,1.98
Cuartel_Syrah_4,2026-06-18T09:00:00,14.26,46.38,900.0,2.88
Cuartel_Syrah_4,2026-06-18T10:00:00,15.84,44.25,900.6,3.63
Cuartel_Syrah_4,2026-06-18T11:00:00,16.4,43.39,900.7,3.86
Cuartel_Syrah_4,2026-06-18T12:00:00,16.62,42.85,900.4,3.87
Cuartel_Syrah_4,2026-06-18T13:00:00,16.74,42.43,900.1,3.84
Cuartel_Syrah_4,2026-06-18T14:00:00,16.55,42.64,900.0,3.74
Cuartel_Syrah_4,2026-06-18T15:00:00,15.72,45.12,899.9,3.81
Cuartel_Syrah_4,2026-06-18T16:00:00,13.87,51.22,900.3,3.97
Cuartel_Syrah_4,2026-06-18T17:00:00,11.95,55.76,901.1,3.42
Cuartel_Syrah_4,2026-06-18T18:00:00,10.42,60.88,902.0,3.24
Cuartel_Syrah_4,2026-06-18T19:00:00,9.19,65.45,903.1,3.1
Cuartel_Syrah_4,2026-06-18T20:00:00,8.3,68.79,904.0,2.95
Cuartel_Syrah_4,2026-06-18T21:00:00,7.52,71.63,904.7,2.77
Cuartel_Syrah_4,2026-06-18T22:00:00,6.74,74.59,905.3,2.58
Cuartel_Syrah_4,2026-06-18T23:00:00,6.03,77.3,905.9,2.38
Cuartel_Bonarda_5,2026-04-20T00:00:00,2.11,79.09,758.2,-1.32
Cuartel_Bonarda_5,2026-04-20T01:00:00,2.06,77.61,757.7,-1.61
Cuartel_Bonarda_5,2026-04-20T02:00:00,2.16,75.14,757.2,-1.95
Cuartel_Bonarda_5,2026-04-20T03:00:00,2.37,71.33,756.9,-2.43
Cuartel_Bonarda_5,2026-04-20T04:00:00,2.07,70.49,757.0,-2.86
Cuartel_Bonarda_5,2026-04-20T05:00:00,1.25,73.52,757.3,-3.1
Cuartel_Bonarda_5,2026-04-20T06:00:00,1.6,72.28,757.9,-3.04
Cuartel_Bonarda_5,2026-04-20T07:00:00,4.51,59.15,758.6,-2.97
Cuartel_Bonarda_5,2026-04-20T08:00:00,7.05,46.97,759.0,-3.74
Cuartel_Bonarda_5,2026-04-20T09:00:00,8.85,39.84,758.9,-4.31
Cuartel_Bonarda_5,2026-04-20T10:00:00,9.96,36.57,758.8,-4.48
Cuartel_Bonarda_5,2026-04-20T11:00:00,10.54,35.64,758.5,-4.37
Cuartel_Bonarda_5,2026-04-20T12:00:00,10.66,35.9,758.1,-4.21
Cuartel_Bonarda_5,2026-04-20T13:00:00,10.42,36.76,757.8,-4.17
Cuartel_Bonarda_5,2026-04-20T14:00:00,9.63,38.86,757.8,-4.14
Cuartel_Bonarda_5,2026-04-20T15:00:00,8.17,43.01,758.1,-4.11
Cuartel_Bonarda_5,2026-04-20T16:00:00,5.92,51.0,758.5,-3.94
Cuartel_Bonarda_5,2026-04-20T17:00:00,2.64,67.37,759.0,-3.42
Cuartel_Bonarda_5,2026-04-20T18:00:00,1.42,73.91,759.4,-3.42
Cuartel_Bonarda_5,2026-04-20T19:00:00,0.73,75.44,759.7,-3.86
Cuartel_Bonarda_5,2026-04-20T20:00:00,0.16,75.88,759.9,-4.38
Cuartel_Bonarda_5,2026-04-20T21:00:00,-0.27,75.47,760.0,-4.97
Cuartel_Bonarda_5,2026-04-20T22:00:00,-0.66,74.58,760.0,-5.68
Cuartel_Bonarda_5,2026-04-20T23:00:00,-1.03,74.52,760.1,-6.04
Cuartel_Bonarda_5,2026-04-21T00:00:00,-1.2,75.13,760.0,-6.0
Cuartel_Bonarda_5,2026-04-21T01:00:00,-1.18,75.21,759.8,-5.82
Cuartel_Bonarda_5,2026-04-21T02:00:00,-1.13,75.08,759.4,-5.71
Cuartel_Bonarda_5,2026-04-21T03:00:00,-1.08,73.89,759.3,-5.87
Cuartel_Bonarda_5,2026-04-21T04:00:00,-1.08,71.95,759.5,-6.26
Cuartel_Bonarda_5,2026-04-21T05:00:00,-0.98,69.64,759.7,-6.63
Cuartel_Bonarda_5,2026-04-21T06:00:00,-0.14,66.4,760.0,-6.43
Cuartel_Bonarda_5,2026-04-21T07:00:00,3.29,53.76,760.4,-6.04
Cuartel_Bonarda_5,2026-04-21T08:00:00,6.72,39.48,760.7,-7.05
Cuartel_Bonarda_5,2026-04-21T09:00:00,9.27,31.63,760.7,-7.56
Cuartel_Bonarda_5,2026-04-21T10:00:00,10.65,30.26,760.6,-6.91
Cuartel_Bonarda_5,2026-04-21T11:00:00,11.6,30.36,760.3,-5.85
Cuartel_Bonarda_5,2026-04-21T12:00:00,12.1,31.16,760.0,-4.9
Cuartel_Bonarda_5,2026-04-21T13:00:00,12.03,32.51,759.7,-4.32
Cuartel_Bonarda_5,2026-04-21T14:00:00,11.5,34.38,759.6,-3.95
Cuartel_Bonarda_5,2026-04-21T15:00:00,10.31,38.38,759.7,-3.5
Cuartel_Bonarda_5,2026-04-21T16:00:00,7.77,49.03,760.0,-2.57
Cuartel_Bonarda_5,2026-04-21T17:00:00,3.21,70.82,760.3,-1.87
Cuartel_Bonarda_5,2026-04-21T18:00:00,2.05,78.31,760.5,-1.58
Cuartel_Bonarda_5,2026-04-21T19:00:00,1.87,78.09,760.4,-1.73
Cuartel_Bonarda_5,2026-04-21T20:00:00,1.78,77.52,760.2,-1.9
Cuartel_Bonarda_5,2026-04-21T21:00:00,1.61,77.21,760.0,-2.08
Cuartel_Bonarda_5,2026-04-21T22:00:00,1.58,75.39,759.6,-2.4
Cuartel_Bonarda_5,2026-04-21T23:00:00,1.64,73.27,759.3,-2.7
Cuartel_Bonarda_5,2026-04-22T00:00:00,1.5,72.56,759.1,-2.96
Cuartel_Bonarda_5,2026-04-22T01:00:00,1.21,71.51,758.8,-3.41
Cuartel_Bonarda_5,2026-04-22T02:00:00,0.93,69.61,758.6,-4.03
Cuartel_Bonarda_5,2026-04-22T03:00:00,0.65,67.06,758.7,-4.76
Cuartel_Bonarda_5,2026-04-22T04:00:00,0.24,64.62,759.1,-5.62
Cuartel_Bonarda_5,2026-04-22T05:00:00,-0.12,60.23,759.6,-6.82
Cuartel_Bonarda_5,2026-04-22T06:00:00,0.64,51.27,760.2,-8.14
Cuartel_Bonarda_5,2026-04-22T07:00:00,5.37,34.79,760.9,-9.35
Cuartel_Bonarda_5,2026-04-22T08:00:00,9.42,18.53,761.6,-13.66
Cuartel_Bonarda_5,2026-04-22T09:00:00,11.83,15.18,762.1,-14.25
Cuartel_Bonarda_5,2026-04-22T10:00:00,12.79,16.49,762.5,-13.15
Cuartel_Bonarda_5,2026-04-22T11:00:00,13.1,18.84,762.6,-11.77
Cuartel_Bonarda_5,2026-04-22T12:00:00,13.01,21.72,762.6,-10.19
Cuartel_Bonarda_5,2026-04-22T13:00:00,12.65,24.24,762.7,-8.98
Cuartel_Bonarda_5,2026-04-22T14:00:00,12.14,25.59,762.9,-8.66
Cuartel_Bonarda_5,2026-04-22T15:00:00,11.13,27.18,763.0,-8.82
Cuartel_Bonarda_5,2026-04-22T16:00:00,8.54,36.97,763.3,-6.51
Cuartel_Bonarda_5,2026-04-22T17:00:00,4.54,52.93,763.8,-5.35
Cuartel_Bonarda_5,2026-04-22T18:00:00,3.11,61.77,764.3,-4.55
Cuartel_Bonarda_5,2026-04-22T19:00:00,3.02,60.41,764.5,-5.1
Cuartel_Bonarda_5,2026-04-22T20:00:00,3.06,55.58,764.4,-6.45
Cuartel_Bonarda_5,2026-04-22T21:00:00,3.2,50.4,764.3,-7.93
Cuartel_Bonarda_5,2026-04-22T22:00:00,3.28,45.67,764.0,-9.57
Cuartel_Bonarda_5,2026-04-22T23:00:00,3.27,41.4,763.6,-11.25
Cuartel_Bonarda_5,2026-04-23T00:00:00,3.28,37.39,763.1,-12.54
Cuartel_Bonarda_5,2026-04-23T01:00:00,3.37,33.04,762.6,-13.7
Cuartel_Bonarda_5,2026-04-23T02:00:00,3.5,29.13,762.0,-14.54
Cuartel_Bonarda_5,2026-04-23T03:00:00,3.57,26.65,761.6,-14.92
Cuartel_Bonarda_5,2026-04-23T04:00:00,3.5,25.54,761.5,-14.96
Cuartel_Bonarda_5,2026-04-23T05:00:00,3.22,26.05,761.6,-14.64
Cuartel_Bonarda_5,2026-04-23T06:00:00,3.3,29.07,761.7,-13.03
Cuartel_Bonarda_5,2026-04-23T07:00:00,6.94,25.38,761.9,-13.71
Cuartel_Bonarda_5,2026-04-23T08:00:00,10.24,16.86,762.0,-15.8
Cuartel_Bonarda_5,2026-04-23T09:00:00,12.65,16.13,761.9,-14.2
Cuartel_Bonarda_5,2026-04-23T10:00:00,14.1,16.34,761.9,-13.18
Cuartel_Bonarda_5,2026-04-23T11:00:00,14.85,17.15,761.7,-12.43
Cuartel_Bonarda_5,2026-04-23T12:00:00,15.15,18.09,761.4,-11.85
Cuartel_Bonarda_5,2026-04-23T13:00:00,15.01,19.11,761.1,-11.49
Cuartel_Bonarda_5,2026-04-23T14:00:00,14.33,20.57,761.2,-11.32
Cuartel_Bonarda_5,2026-04-23T15:00:00,12.82,24.27,761.5,-10.55
Cuartel_Bonarda_5,2026-04-23T16:00:00,9.21,38.41,761.9,-6.75
Cuartel_Bonarda_5,2026-04-23T17:00:00,5.56,53.1,762.4,-6.41
Cuartel_Bonarda_5,2026-04-23T18:00:00,4.63,58.26,762.7,-6.09
Cuartel_Bonarda_5,2026-04-23T19:00:00,4.06,55.86,762.8,-7.4
Cuartel_Bonarda_5,2026-04-23T20:00:00,3.44,49.6,762.6,-9.4
Cuartel_Bonarda_5,2026-04-23T21:00:00,3.37,41.36,762.4,-11.23
Cuartel_Bonarda_5,2026-04-23T22:00:00,3.31,35.37,762.0,-12.54
Cuartel_Bonarda_5,2026-04-23T23:00:00,3.09,30.62,761.6,-13.62
Cuartel_Bonarda_5,2026-04-24T00:00:00,2.93,27.23,761.2,-14.3
Cuartel_Bonarda_5,2026-04-24T01:00:00,2.69,25.7,760.7,-14.65
Cuartel_Bonarda_5,2026-04-24T02:00:00,2.15,25.67,760.3,-14.82
Cuartel_Bonarda_5,2026-04-24T03:00:00,1.63,25.39,760.0,-15.17
Cuartel_Bonarda_5,2026-04-24T04:00:00,1.36,24.63,760.1,-15.53
Cuartel_Bonarda_5,2026-04-24T05:00:00,1.16,24.26,760.4,-15.79
Cuartel_Bonarda_5,2026-04-24T06:00:00,1.93,24.01,760.7,-15.48
Cuartel_Bonarda_5,2026-04-24T07:00:00,6.62,23.29,761.1,-13.7
Cuartel_Bonarda_5,2026-04-24T08:00:00,10.72,12.15,761.2,-17.45
Cuartel_Bonarda_5,2026-04-24T09:00:00,12.94,11.8,761.1,-17.27
Cuartel_Bonarda_5,2026-04-24T10:00:00,13.9,14.08,761.0,-15.48
Cuartel_Bonarda_5,2026-04-24T11:00:00,14.23,17.01,760.8,-13.52
Cuartel_Bonarda_5,2026-04-24T12:00:00,14.14,19.52,760.4,-12.07
Cuartel_Bonarda_5,2026-04-24T13:00:00,13.63,21.73,760.3,-11.03
Cuartel_Bonarda_5,2026-04-24T14:00:00,12.82,23.98,760.4,-10.34
Cuartel_Bonarda_5,2026-04-24T15:00:00,11.47,27.4,760.8,-9.55
Cuartel_Bonarda_5,2026-04-24T16:00:00,8.42,39.17,761.5,-6.69
Cuartel_Bonarda_5,2026-04-24T17:00:00,5.27,51.83,762.1,-5.85
Cuartel_Bonarda_5,2026-04-24T18:00:00,4.16,57.09,762.6,-5.23
Cuartel_Bonarda_5,2026-04-24T19:00:00,3.82,55.13,762.7,-5.76
Cuartel_Bonarda_5,2026-04-24T20:00:00,3.52,50.71,762.5,-6.91
Cuartel_Bonarda_5,2026-04-24T21:00:00,3.21,48.0,762.1,-8.01
Cuartel_Bonarda_5,2026-04-24T22:00:00,2.56,47.59,761.8,-8.83
Cuartel_Bonarda_5,2026-04-24T23:00:00,2.11,46.72,761.6,-9.45
Cuartel_Bonarda_5,2026-04-25T00:00:00,1.62,46.06,761.2,-9.99
Cuartel_Bonarda_5,2026-04-25T01:00:00,1.09,45.42,760.7,-10.43
Cuartel_Bonarda_5,2026-04-25T02:00:00,0.66,43.79,760.3,-10.93
Cuartel_Bonarda_5,2026-04-25T03:00:00,0.49,41.05,760.2,-11.48
Cuartel_Bonarda_5,2026-04-25T04:00:00,0.4,39.0,760.3,-11.93
Cuartel_Bonarda_5,2026-04-25T05:00:00,0.18,38.07,760.6,-12.24
Cuartel_Bonarda_5,2026-04-25T06:00:00,0.44,38.14,760.8,-12.01
Cuartel_Bonarda_5,2026-04-25T07:00:00,3.87,36.67,761.0,-9.96
Cuartel_Bonarda_5,2026-04-25T08:00:00,6.64,29.12,761.0,-10.17
Cuartel_Bonarda_5,2026-04-25T09:00:00,9.23,22.31,760.8,-11.27
Cuartel_Bonarda_5,2026-04-25T10:00:00,10.95,18.95,760.8,-11.87
Cuartel_Bonarda_5,2026-04-25T11:00:00,12.08,17.06,760.4,-12.32
Cuartel_Bonarda_5,2026-04-25T12:00:00,12.72,16.17,759.8,-12.64
Cuartel_Bonarda_5,2026-04-25T13:00:00,12.69,16.28,759.3,-12.8
Cuartel_Bonarda_5,2026-04-25T14:00:00,11.96,17.43,759.3,-12.65
Cuartel_Bonarda_5,2026-04-25T15:00:00,10.51,19.67,759.4,-12.18
Cuartel_Bonarda_5,2026-04-25T16:00:00,7.35,30.76,759.5,-9.86
Cuartel_Bonarda_5,2026-04-25T17:00:00,4.02,38.62,759.7,-9.43
Cuartel_Bonarda_5,2026-04-25T18:00:00,3.12,40.52,759.8,-9.5
Cuartel_Bonarda_5,2026-04-25T19:00:00,1.91,39.29,759.6,-10.98
Cuartel_Bonarda_5,2026-04-25T20:00:00,1.59,32.56,759.6,-13.93
Cuartel_Bonarda_5,2026-04-25T21:00:00,1.53,25.91,759.4,-17.24
Cuartel_Bonarda_5,2026-04-25T22:00:00,1.42,21.97,759.3,-19.06
Cuartel_Bonarda_5,2026-04-25T23:00:00,1.42,19.63,759.3,-19.48
Cuartel_Bonarda_5,2026-04-26T00:00:00,1.46,19.22,759.3,-18.79
Cuartel_Bonarda_5,2026-04-26T01:00:00,1.43,20.52,759.3,-17.71
Cuartel_Bonarda_5,2026-04-26T02:00:00,1.25,22.05,759.0,-17.0
Cuartel_Bonarda_5,2026-04-26T03:00:00,0.78,23.57,759.1,-16.61
Cuartel_Bonarda_5,2026-04-26T04:00:00,0.48,24.1,759.6,-16.59
Cuartel_Bonarda_5,2026-04-26T05:00:00,0.39,24.08,760.2,-16.7
Cuartel_Bonarda_5,2026-04-26T06:00:00,0.78,25.14,760.9,-16.07
Cuartel_Bonarda_5,2026-04-26T07:00:00,5.11,26.15,761.6,-13.11
Cuartel_Bonarda_5,2026-04-26T08:00:00,8.76,12.13,761.9,-18.71
Cuartel_Bonarda_5,2026-04-26T09:00:00,10.7,11.31,761.7,-18.18
Cuartel_Bonarda_5,2026-04-26T10:00:00,11.6,12.71,761.4,-16.4
Cuartel_Bonarda_5,2026-04-26T11:00:00,12.03,14.18,761.2,-15.16
Cuartel_Bonarda_5,2026-04-26T12:00:00,12.2,14.96,760.8,-14.56
Cuartel_Bonarda_5,2026-04-26T13:00:00,11.96,15.71,760.6,-14.22
Cuartel_Bonarda_5,2026-04-26T14:00:00,11.03,16.99,760.8,-13.93
Cuartel_Bonarda_5,2026-04-26T15:00:00,9.15,19.92,761.3,-13.42
Cuartel_Bonarda_5,2026-04-26T16:00:00,5.43,29.52,761.8,-11.07
Cuartel_Bonarda_5,2026-04-26T17:00:00,1.38,39.5,762.1,-11.3
Cuartel_Bonarda_5,2026-04-26T18:00:00,0.44,41.91,762.5,-11.51
Cuartel_Bonarda_5,2026-04-26T19:00:00,0.02,41.22,762.7,-12.09
Cuartel_Bonarda_5,2026-04-26T20:00:00,-0.38,40.53,762.8,-12.65
Cuartel_Bonarda_5,2026-04-26T21:00:00,-0.61,40.26,762.9,-12.93
Cuartel_Bonarda_5,2026-04-26T22:00:00,-0.57,38.44,762.7,-13.36
Cuartel_Bonarda_5,2026-04-26T23:00:00,-0.29,34.88,762.4,-14.14
Cuartel_Bonarda_5,2026-04-27T00:00:00,0.03,30.97,761.9,-15.11
Cuartel_Bonarda_5,2026-04-27T01:00:00,0.38,27.84,761.4,-16.08
Cuartel_Bonarda_5,2026-04-27T02:00:00,0.65,25.57,760.9,-16.74
Cuartel_Bonarda_5,2026-04-27T03:00:00,0.52,24.64,760.7,-17.03
Cuartel_Bonarda_5,2026-04-27T04:00:00,-0.03,25.46,760.7,-16.96
Cuartel_Bonarda_5,2026-04-27T05:00:00,-0.48,26.21,760.7,-16.85
Cuartel_Bonarda_5,2026-04-27T06:00:00,-0.3,27.05,760.6,-16.36
Cuartel_Bonarda_5,2026-04-27T07:00:00,4.43,22.0,760.4,-15.24
Cuartel_Bonarda_5,2026-04-27T08:00:00,8.51,16.49,760.1,-14.56
Cuartel_Bonarda_5,2026-04-27T09:00:00,11.81,15.33,759.8,-12.85
Cuartel_Bonarda_5,2026-04-27T10:00:00,13.46,15.18,759.9,-11.76
Cuartel_Bonarda_5,2026-04-27T11:00:00,14.27,15.14,759.7,-11.2
Cuartel_Bonarda_5,2026-04-27T12:00:00,14.65,15.27,759.0,-10.85
Cuartel_Bonarda_5,2026-04-27T13:00:00,14.51,15.76,758.3,-10.61
Cuartel_Bonarda_5,2026-04-27T14:00:00,12.82,17.92,758.2,-10.43
Cuartel_Bonarda_5,2026-04-27T15:00:00,10.23,22.17,758.7,-9.97
Cuartel_Bonarda_5,2026-04-27T16:00:00,6.91,34.12,758.9,-7.83
Cuartel_Bonarda_5,2026-04-27T17:00:00,4.72,41.69,758.7,-7.2
Cuartel_Bonarda_5,2026-04-27T18:00:00,4.53,40.65,758.4,-7.51
Cuartel_Bonarda_5,2026-04-27T19:00:00,4.65,40.45,758.4,-7.43
Cuartel_Bonarda_5,2026-04-27T20:00:00,4.24,44.14,758.6,-6.7
Cuartel_Bonarda_5,2026-04-27T21:00:00,3.62,49.95,758.7,-5.75
Cuartel_Bonarda_5,2026-04-27T22:00:00,3.23,53.7,758.6,-5.18
Cuartel_Bonarda_5,2026-04-27T23:00:00,3.06,55.77,758.4,-4.85
Cuartel_Bonarda_5,2026-04-28T00:00:00,2.37,58.4,758.3,-4.89
Cuartel_Bonarda_5,2026-04-28T01:00:00,2.07,60.35,758.2,-4.74
Cuartel_Bonarda_5,2026-04-28T02:00:00,1.86,61.81,758.5,-4.63
Cuartel_Bonarda_5,2026-04-28T03:00:00,1.45,63.53,759.3,-4.63
Cuartel_Bonarda_5,2026-04-28T04:00:00,1.37,63.39,759.7,-4.73
Cuartel_Bonarda_5,2026-04-28T05:00:00,1.6,62.02,759.9,-4.82
Cuartel_Bonarda_5,2026-04-28T06:00:00,2.27,59.5,760.5,-4.73
Cuartel_Bonarda_5,2026-04-28T07:00:00,6.0,47.62,760.7,-4.26
Cuartel_Bonarda_5,2026-04-28T08:00:00,9.62,32.1,760.5,-6.12
Cuartel_Bonarda_5,2026-04-28T09:00:00,12.08,23.27,760.1,-8.11
Cuartel_Bonarda_5,2026-04-28T10:00:00,13.94,18.76,759.7,-9.36
Cuartel_Bonarda_5,2026-04-28T11:00:00,15.24,16.32,759.1,-10.09
Cuartel_Bonarda_5,2026-04-28T12:00:00,16.0,14.92,758.2,-10.6
Cuartel_Bonarda_5,2026-04-28T13:00:00,16.15,14.24,757.6,-10.99
Cuartel_Bonarda_5,2026-04-28T14:00:00,15.56,14.51,757.2,-11.13
Cuartel_Bonarda_5,2026-04-28T15:00:00,13.85,16.96,757.0,-10.47
Cuartel_Bonarda_5,2026-04-28T16:00:00,9.52,30.22,756.7,-7.33
Cuartel_Bonarda_5,2026-04-28T17:00:00,5.77,40.87,756.3,-6.49
Cuartel_Bonarda_5,2026-04-28T18:00:00,5.36,42.7,755.8,-6.23
Cuartel_Bonarda_5,2026-04-28T19:00:00,5.22,39.95,755.3,-7.22
Cuartel_Bonarda_5,2026-04-28T20:00:00,5.11,38.19,755.3,-7.92
Cuartel_Bonarda_5,2026-04-28T21:00:00,5.02,40.65,755.4,-7.13
Cuartel_Bonarda_5,2026-04-28T22:00:00,5.03,46.01,755.2,-5.56
Cuartel_Bonarda_5,2026-04-28T23:00:00,4.9,51.03,755.1,-4.35
Cuartel_Bonarda_5,2026-04-29T00:00:00,4.2,56.26,755.6,-3.73
Cuartel_Bonarda_5,2026-04-29T01:00:00,3.75,60.99,756.1,-3.08
Cuartel_Bonarda_5,2026-04-29T02:00:00,3.77,63.81,756.6,-2.49
Cuartel_Bonarda_5,2026-04-29T03:00:00,3.65,66.07,757.1,-2.15
Cuartel_Bonarda_5,2026-04-29T04:00:00,3.46,68.27,757.8,-1.89
Cuartel_Bonarda_5,2026-04-29T05:00:00,3.18,69.37,758.5,-1.94
Cuartel_Bonarda_5,2026-04-29T06:00:00,3.52,65.31,759.1,-2.42
Cuartel_Bonarda_5,2026-04-29T07:00:00,7.84,46.38,759.7,-3.02
Cuartel_Bonarda_5,2026-04-29T08:00:00,11.89,27.33,760.4,-6.69
Cuartel_Bonarda_5,2026-04-29T09:00:00,13.48,24.0,760.6,-7.13
Cuartel_Bonarda_5,2026-04-29T10:00:00,14.06,25.84,760.4,-5.53
Cuartel_Bonarda_5,2026-04-29T11:00:00,14.49,26.67,760.1,-4.68
Cuartel_Bonarda_5,2026-04-29T12:00:00,14.8,26.19,759.6,-4.7
Cuartel_Bonarda_5,2026-04-29T13:00:00,14.83,25.26,759.1,-5.24
Cuartel_Bonarda_5,2026-04-29T14:00:00,14.35,25.09,758.9,-5.83
Cuartel_Bonarda_5,2026-04-29T15:00:00,13.02,27.27,759.0,-5.91
Cuartel_Bonarda_5,2026-04-29T16:00:00,9.38,37.21,759.2,-4.88
Cuartel_Bonarda_5,2026-04-29T17:00:00,5.32,49.57,759.5,-4.87
Cuartel_Bonarda_5,2026-04-29T18:00:00,4.52,51.27,759.7,-5.28
Cuartel_Bonarda_5,2026-04-29T19:00:00,4.27,47.91,759.5,-6.54
Cuartel_Bonarda_5,2026-04-29T20:00:00,4.12,44.25,759.2,-7.73
Cuartel_Bonarda_5,2026-04-29T21:00:00,4.01,42.33,758.7,-8.0
Cuartel_Bonarda_5,2026-04-29T22:00:00,3.63,43.9,758.2,-7.54
Cuartel_Bonarda_5,2026-04-29T23:00:00,3.26,46.6,757.5,-6.94
Cuartel_Bonarda_5,2026-04-30T00:00:00,3.22,48.1,756.7,-6.51
Cuartel_Bonarda_5,2026-04-30T01:00:00,3.26,49.48,755.9,-6.14
Cuartel_Bonarda_5,2026-04-30T02:00:00,3.19,51.26,755.3,-5.77
Cuartel_Bonarda_5,2026-04-30T03:00:00,3.05,53.33,754.9,-5.41
Cuartel_Bonarda_5,2026-04-30T04:00:00,3.05,55.06,754.7,-5.02
Cuartel_Bonarda_5,2026-04-30T05:00:00,3.21,56.17,754.7,-4.62
Cuartel_Bonarda_5,2026-04-30T06:00:00,3.89,55.06,755.0,-4.26
Cuartel_Bonarda_5,2026-04-30T07:00:00,7.95,44.97,755.3,-3.29
Cuartel_Bonarda_5,2026-04-30T08:00:00,11.85,33.07,755.6,-3.85
Cuartel_Bonarda_5,2026-04-30T09:00:00,14.64,26.33,755.6,-4.49
Cuartel_Bonarda_5,2026-04-30T10:00:00,16.14,23.71,755.5,-4.67
Cuartel_Bonarda_5,2026-04-30T11:00:00,17.0,22.38,755.2,-4.78
Cuartel_Bonarda_5,2026-04-30T12:00:00,17.46,21.66,754.8,-4.82
Cuartel_Bonarda_5,2026-04-30T13:00:00,17.27,22.1,754.6,-4.72
Cuartel_Bonarda_5,2026-04-30T14:00:00,16.43,23.44,754.6,-4.64
Cuartel_Bonarda_5,2026-04-30T15:00:00,14.73,26.58,754.9,-4.43
Cuartel_Bonarda_5,2026-04-30T16:00:00,10.99,38.4,755.3,-3.02
Cuartel_Bonarda_5,2026-04-30T17:00:00,7.0,51.51,755.6,-2.63
Cuartel_Bonarda_5,2026-04-30T18:00:00,6.45,53.63,755.7,-2.51
Cuartel_Bonarda_5,2026-04-30T19:00:00,5.71,54.32,755.6,-2.92
Cuartel_Bonarda_5,2026-04-30T20:00:00,5.72,50.58,755.3,-3.84
Cuartel_Bonarda_5,2026-04-30T21:00:00,5.49,48.16,755.1,-4.67
Cuartel_Bonarda_5,2026-04-30T22:00:00,4.69,47.8,754.8,-5.45
Cuartel_Bonarda_5,2026-04-30T23:00:00,3.87,48.36,754.5,-5.98
Cuartel_Bonarda_5,2026-05-01T00:00:00,3.32,50.41,754.2,-5.93
Cuartel_Bonarda_5,2026-05-01T01:00:00,3.31,50.59,754.0,-5.87
Cuartel_Bonarda_5,2026-05-01T02:00:00,3.51,47.88,754.0,-6.33
Cuartel_Bonarda_5,2026-05-01T03:00:00,4.36,42.51,754.3,-7.05
Cuartel_Bonarda_5,2026-05-01T04:00:00,4.97,39.94,755.0,-7.3
Cuartel_Bonarda_5,2026-05-01T05:00:00,4.71,40.44,755.9,-7.38
Cuartel_Bonarda_5,2026-05-01T06:00:00,5.11,38.54,756.8,-7.62
Cuartel_Bonarda_5,2026-05-01T07:00:00,8.21,33.28,757.5,-6.88
Cuartel_Bonarda_5,2026-05-01T08:00:00,11.41,24.35,758.1,-8.0
Cuartel_Bonarda_5,2026-05-01T09:00:00,13.51,20.12,758.5,-8.55
Cuartel_Bonarda_5,2026-05-01T10:00:00,14.97,18.46,758.8,-8.49
Cuartel_Bonarda_5,2026-05-01T11:00:00,15.64,18.57,759.0,-7.95
Cuartel_Bonarda_5,2026-05-01T12:00:00,15.74,19.62,759.2,-7.22
Cuartel_Bonarda_5,2026-05-01T13:00:00,15.43,21.05,759.3,-6.66
Cuartel_Bonarda_5,2026-05-01T14:00:00,14.64,22.96,759.6,-6.23
Cuartel_Bonarda_5,2026-05-01T15:00:00,12.95,26.79,760.2,-5.73
Cuartel_Bonarda_5,2026-05-01T16:00:00,9.66,35.62,761.5,-4.9
Cuartel_Bonarda_5,2026-05-01T17:00:00,5.19,51.46,762.6,-4.16
Cuartel_Bonarda_5,2026-05-01T18:00:00,4.08,55.67,763.3,-4.11
Cuartel_Bonarda_5,2026-05-01T19:00:00,3.2,58.02,764.0,-4.41
Cuartel_Bonarda_5,2026-05-01T20:00:00,2.74,58.69,764.9,-4.7
Cuartel_Bonarda_5,2026-05-01T21:00:00,2.84,57.84,765.6,-4.81
Cuartel_Bonarda_5,2026-05-01T22:00:00,2.68,57.87,765.9,-4.94
Cuartel_Bonarda_5,2026-05-01T23:00:00,2.27,59.25,766.0,-5.03
Cuartel_Bonarda_5,2026-05-02T00:00:00,1.64,61.42,765.7,-5.14
Cuartel_Bonarda_5,2026-05-02T01:00:00,1.29,61.88,765.6,-5.38
Cuartel_Bonarda_5,2026-05-02T02:00:00,1.18,61.08,765.6,-5.65
Cuartel_Bonarda_5,2026-05-02T03:00:00,0.88,60.33,765.4,-6.07
Cuartel_Bonarda_5,2026-05-02T04:00:00,1.12,57.08,765.5,-6.51
Cuartel_Bonarda_5,2026-05-02T05:00:00,1.31,55.23,765.8,-6.73
Cuartel_Bonarda_5,2026-05-02T06:00:00,1.31,54.89,766.0,-6.8
Cuartel_Bonarda_5,2026-05-02T07:00:00,4.12,42.86,766.1,-7.3
Cuartel_Bonarda_5,2026-05-02T08:00:00,7.28,29.37,766.1,-9.07
Cuartel_Bonarda_5,2026-05-02T09:00:00,9.57,22.87,765.7,-10.16
Cuartel_Bonarda_5,2026-05-02T10:00:00,11.05,19.22,765.3,-10.98
Cuartel_Bonarda_5,2026-05-02T11:00:00,12.11,17.47,764.8,-11.29
Cuartel_Bonarda_5,2026-05-02T12:00:00,12.76,16.81,764.2,-11.24
Cuartel_Bonarda_5,2026-05-02T13:00:00,12.96,17.07,763.9,-10.92
Cuartel_Bonarda_5,2026-05-02T14:00:00,12.47,18.31,763.8,-10.48
Cuartel_Bonarda_5,2026-05-02T15:00:00,10.96,21.45,763.9,-9.86
Cuartel_Bonarda_5,2026-05-02T16:00:00,7.38,31.48,764.0,-8.17
Cuartel_Bonarda_5,2026-05-02T17:00:00,3.25,42.11,763.9,-8.18
Cuartel_Bonarda_5,2026-05-02T18:00:00,2.09,46.76,763.8,-7.94
Cuartel_Bonarda_5,2026-05-02T19:00:00,1.58,48.84,763.6,-7.87
Cuartel_Bonarda_5,2026-05-02T20:00:00,1.36,48.87,763.2,-8.01
Cuartel_Bonarda_5,2026-05-02T21:00:00,1.28,48.39,762.7,-8.21
Cuartel_Bonarda_5,2026-05-02T22:00:00,1.1,48.05,761.9,-8.4
Cuartel_Bonarda_5,2026-05-02T23:00:00,1.33,46.12,761.1,-8.68
Cuartel_Bonarda_5,2026-05-03T00:00:00,1.76,43.44,760.2,-8.98
Cuartel_Bonarda_5,2026-05-03T01:00:00,2.26,40.68,759.4,-9.35
Cuartel_Bonarda_5,2026-05-03T02:00:00,2.65,39.04,758.7,-9.55
Cuartel_Bonarda_5,2026-05-03T03:00:00,2.66,38.82,758.3,-9.67
Cuartel_Bonarda_5,2026-05-03T04:00:00,2.36,38.82,758.3,-9.94
Cuartel_Bonarda_5,2026-05-03T05:00:00,2.09,37.53,758.4,-10.49
Cuartel_Bonarda_5,2026-05-03T06:00:00,2.61,34.18,758.4,-11.11
Cuartel_Bonarda_5,2026-05-03T07:00:00,7.01,28.29,758.4,-10.04
Cuartel_Bonarda_5,2026-05-03T08:00:00,11.08,20.02,758.5,-10.77
Cuartel_Bonarda_5,2026-05-03T09:00:00,13.82,14.87,758.5,-12.09
Cuartel_Bonarda_5,2026-05-03T10:00:00,15.84,12.79,758.4,-12.33
Cuartel_Bonarda_5,2026-05-03T11:00:00,17.01,12.43,758.2,-11.93
Cuartel_Bonarda_5,2026-05-03T12:00:00,17.48,12.43,758.1,-11.55
Cuartel_Bonarda_5,2026-05-03T13:00:00,17.11,12.97,757.9,-11.31
Cuartel_Bonarda_5,2026-05-03T14:00:00,16.14,13.99,757.9,-11.12
Cuartel_Bonarda_5,2026-05-03T15:00:00,14.43,16.72,757.9,-10.45
Cuartel_Bonarda_5,2026-05-03T16:00:00,10.48,26.66,757.9,-8.4
Cuartel_Bonarda_5,2026-05-03T17:00:00,7.7,30.21,758.0,-8.89
Cuartel_Bonarda_5,2026-05-03T18:00:00,6.34,31.38,758.0,-9.43
Cuartel_Bonarda_5,2026-05-03T19:00:00,5.57,31.21,757.6,-10.09
Cuartel_Bonarda_5,2026-05-03T20:00:00,5.45,30.24,757.0,-10.59
Cuartel_Bonarda_5,2026-05-03T21:00:00,5.04,29.16,756.7,-11.24
Cuartel_Bonarda_5,2026-05-03T22:00:00,4.69,28.58,756.2,-11.66
Cuartel_Bonarda_5,2026-05-03T23:00:00,4.62,28.14,755.9,-11.86
Cuartel_Bonarda_5,2026-05-04T00:00:00,4.57,28.38,755.7,-11.8
Cuartel_Bonarda_5,2026-05-04T01:00:00,4.51,28.78,755.6,-11.64
Cuartel_Bonarda_5,2026-05-04T02:00:00,4.7,29.25,755.6,-11.31
Cuartel_Bonarda_5,2026-05-04T03:00:00,5.05,29.79,755.5,-10.85
Cuartel_Bonarda_5,2026-05-04T04:00:00,5.14,30.29,755.7,-10.55
Cuartel_Bonarda_5,2026-05-04T05:00:00,4.91,30.8,756.0,-10.53
Cuartel_Bonarda_5,2026-05-04T06:00:00,4.69,31.86,756.4,-10.31
Cuartel_Bonarda_5,2026-05-04T07:00:00,7.87,29.47,756.8,-8.86
Cuartel_Bonarda_5,2026-05-04T08:00:00,12.37,21.22,757.2,-8.99
Cuartel_Bonarda_5,2026-05-04T09:00:00,15.72,16.81,757.3,-9.04
Cuartel_Bonarda_5,2026-05-04T10:00:00,17.6,15.88,757.2,-8.32
Cuartel_Bonarda_5,2026-05-04T11:00:00,18.54,15.53,756.9,-7.91
Cuartel_Bonarda_5,2026-05-04T12:00:00,19.04,15.26,756.4,-7.77
Cuartel_Bonarda_5,2026-05-04T13:00:00,18.22,15.94,756.1,-7.93
Cuartel_Bonarda_5,2026-05-04T14:00:00,16.93,16.98,756.0,-8.21
Cuartel_Bonarda_5,2026-05-04T15:00:00,15.34,19.97,755.9,-7.69
Cuartel_Bonarda_5,2026-05-04T16:00:00,11.74,28.41,755.8,-6.53
Cuartel_Bonarda_5,2026-05-04T17:00:00,9.44,30.77,756.0,-7.27
Cuartel_Bonarda_5,2026-05-04T18:00:00,8.99,30.88,756.2,-7.4
Cuartel_Bonarda_5,2026-05-04T19:00:00,8.52,31.67,756.5,-7.34
Cuartel_Bonarda_5,2026-05-04T20:00:00,8.18,32.98,756.8,-7.04
Cuartel_Bonarda_5,2026-05-04T21:00:00,7.84,34.56,756.9,-6.71
Cuartel_Bonarda_5,2026-05-04T22:00:00,7.58,35.3,756.9,-6.67
Cuartel_Bonarda_5,2026-05-04T23:00:00,7.28,35.55,756.9,-6.86
Cuartel_Bonarda_5,2026-05-05T00:00:00,6.85,35.52,756.9,-7.23
Cuartel_Bonarda_5,2026-05-05T01:00:00,6.53,34.93,756.8,-7.66
Cuartel_Bonarda_5,2026-05-05T02:00:00,6.4,33.97,756.7,-8.08
Cuartel_Bonarda_5,2026-05-05T03:00:00,6.37,32.9,756.6,-8.45
Cuartel_Bonarda_5,2026-05-05T04:00:00,6.15,32.77,756.7,-8.7
Cuartel_Bonarda_5,2026-05-05T05:00:00,5.5,33.5,757.1,-8.98
Cuartel_Bonarda_5,2026-05-05T06:00:00,5.29,33.6,757.6,-9.12
Cuartel_Bonarda_5,2026-05-05T07:00:00,8.77,29.92,758.1,-7.88
Cuartel_Bonarda_5,2026-05-05T08:00:00,12.84,22.58,758.4,-7.97
Cuartel_Bonarda_5,2026-05-05T09:00:00,15.78,19.82,758.5,-7.19
Cuartel_Bonarda_5,2026-05-05T10:00:00,17.46,19.33,758.4,-6.17
Cuartel_Bonarda_5,2026-05-05T11:00:00,18.09,19.91,758.1,-5.39
Cuartel_Bonarda_5,2026-05-05T12:00:00,18.0,20.55,757.7,-5.13
Cuartel_Bonarda_5,2026-05-05T13:00:00,17.07,21.84,757.4,-5.21
Cuartel_Bonarda_5,2026-05-05T14:00:00,15.95,23.59,757.4,-5.18
Cuartel_Bonarda_5,2026-05-05T15:00:00,14.36,26.88,757.5,-4.88
Cuartel_Bonarda_5,2026-05-05T16:00:00,11.22,36.49,757.8,-3.64
Cuartel_Bonarda_5,2026-05-05T17:00:00,8.03,47.15,758.1,-3.14
Cuartel_Bonarda_5,2026-05-05T18:00:00,7.36,47.47,758.2,-3.64
Cuartel_Bonarda_5,2026-05-05T19:00:00,6.47,46.69,758.1,-4.56
Cuartel_Bonarda_5,2026-05-05T20:00:00,5.82,45.41,757.8,-5.38
Cuartel_Bonarda_5,2026-05-05T21:00:00,5.26,43.91,757.5,-6.24
Cuartel_Bonarda_5,2026-05-05T22:00:00,4.88,42.12,757.0,-7.03
Cuartel_Bonarda_5,2026-05-05T23:00:00,4.78,40.83,756.4,-7.35
Cuartel_Bonarda_5,2026-05-06T00:00:00,4.68,40.51,755.7,-7.45
Cuartel_Bonarda_5,2026-05-06T01:00:00,4.6,40.14,755.3,-7.57
Cuartel_Bonarda_5,2026-05-06T02:00:00,4.5,41.12,754.8,-7.35
Cuartel_Bonarda_5,2026-05-06T03:00:00,4.49,42.42,754.5,-6.95
Cuartel_Bonarda_5,2026-05-06T04:00:00,4.12,45.01,754.4,-6.59
Cuartel_Bonarda_5,2026-05-06T05:00:00,4.1,45.37,754.5,-6.51
Cuartel_Bonarda_5,2026-05-06T06:00:00,4.24,43.46,754.4,-6.89
Cuartel_Bonarda_5,2026-05-06T07:00:00,6.65,38.23,754.3,-6.47
Cuartel_Bonarda_5,2026-05-06T08:00:00,9.65,26.33,754.1,-8.49
Cuartel_Bonarda_5,2026-05-06T09:00:00,11.42,19.54,753.7,-10.45
Cuartel_Bonarda_5,2026-05-06T10:00:00,11.9,17.71,753.3,-11.33
Cuartel_Bonarda_5,2026-05-06T11:00:00,11.71,18.98,753.1,-10.78
Cuartel_Bonarda_5,2026-05-06T12:00:00,11.23,20.85,752.8,-10.06
Cuartel_Bonarda_5,2026-05-06T13:00:00,10.69,22.64,752.8,-9.5
Cuartel_Bonarda_5,2026-05-06T14:00:00,10.1,24.73,752.9,-8.86
Cuartel_Bonarda_5,2026-05-06T15:00:00,9.03,28.15,753.1,-8.21
Cuartel_Bonarda_5,2026-05-06T16:00:00,6.43,39.64,753.2,-6.21
Cuartel_Bonarda_5,2026-05-06T17:00:00,4.54,50.63,753.4,-4.81
Cuartel_Bonarda_5,2026-05-06T18:00:00,5.62,47.5,753.5,-4.7
Cuartel_Bonarda_5,2026-05-06T19:00:00,5.61,46.22,753.7,-5.03
Cuartel_Bonarda_5,2026-05-06T20:00:00,4.82,45.35,754.1,-5.92
Cuartel_Bonarda_5,2026-05-06T21:00:00,3.58,46.43,754.2,-6.67
Cuartel_Bonarda_5,2026-05-06T22:00:00,2.99,47.93,754.1,-6.79
Cuartel_Bonarda_5,2026-05-06T23:00:00,1.92,49.14,754.1,-7.42
Cuartel_Bonarda_5,2026-05-07T00:00:00,0.85,46.58,754.4,-9.17
Cuartel_Bonarda_5,2026-05-07T01:00:00,0.14,41.99,754.6,-11.45
Cuartel_Bonarda_5,2026-05-07T02:00:00,-0.85,38.92,754.6,-14.36
Cuartel_Bonarda_5,2026-05-07T03:00:00,-1.78,37.0,754.5,-16.69
Cuartel_Bonarda_5,2026-05-07T04:00:00,-2.8,36.32,754.8,-17.83
Cuartel_Bonarda_5,2026-05-07T05:00:00,-3.34,34.89,755.4,-18.35
Cuartel_Bonarda_5,2026-05-07T06:00:00,-3.11,33.73,756.0,-17.27
Cuartel_Bonarda_5,2026-05-07T07:00:00,0.84,22.27,756.6,-18.48
Cuartel_Bonarda_5,2026-05-07T08:00:00,4.73,12.5,756.9,-21.52
Cuartel_Bonarda_5,2026-05-07T09:00:00,6.89,10.15,756.8,-22.16
Cuartel_Bonarda_5,2026-05-07T10:00:00,7.97,10.56,756.7,-21.15
Cuartel_Bonarda_5,2026-05-07T11:00:00,8.75,10.34,756.6,-20.06
Cuartel_Bonarda_5,2026-05-07T12:00:00,9.46,9.75,756.3,-19.51
Cuartel_Bonarda_5,2026-05-07T13:00:00,9.75,9.86,756.5,-18.86
Cuartel_Bonarda_5,2026-05-07T14:00:00,9.23,10.84,756.7,-18.13
Cuartel_Bonarda_5,2026-05-07T15:00:00,7.83,13.19,756.9,-17.12
Cuartel_Bonarda_5,2026-05-07T16:00:00,4.76,24.94,757.2,-13.15
Cuartel_Bonarda_5,2026-05-07T17:00:00,2.81,31.38,757.4,-11.91
Cuartel_Bonarda_5,2026-05-07T18:00:00,2.42,31.94,757.6,-11.94
Cuartel_Bonarda_5,2026-05-07T19:00:00,2.61,29.2,757.4,-13.01
Cuartel_Bonarda_5,2026-05-07T20:00:00,2.02,27.0,757.1,-14.88
Cuartel_Bonarda_5,2026-05-07T21:00:00,1.17,24.68,757.2,-16.94
Cuartel_Bonarda_5,2026-05-07T22:00:00,0.47,24.62,757.2,-17.37
Cuartel_Bonarda_5,2026-05-07T23:00:00,-0.4,28.78,756.7,-15.75
Cuartel_Bonarda_5,2026-05-08T00:00:00,-1.22,37.36,756.0,-13.31
Cuartel_Bonarda_5,2026-05-08T01:00:00,-1.53,43.04,755.5,-11.96
Cuartel_Bonarda_5,2026-05-08T02:00:00,-1.86,46.31,755.3,-11.45
Cuartel_Bonarda_5,2026-05-08T03:00:00,-2.44,49.08,755.1,-11.33
Cuartel_Bonarda_5,2026-05-08T04:00:00,-2.91,52.07,755.0,-11.11
Cuartel_Bonarda_5,2026-05-08T05:00:00,-3.23,55.06,755.2,-10.76
Cuartel_Bonarda_5,2026-05-08T06:00:00,-3.2,56.48,755.4,-10.44
Cuartel_Bonarda_5,2026-05-08T07:00:00,0.09,45.74,755.5,-9.76
Cuartel_Bonarda_5,2026-05-08T08:00:00,3.82,34.72,755.3,-9.87
Cuartel_Bonarda_5,2026-05-08T09:00:00,7.01,26.34,754.8,-10.48
Cuartel_Bonarda_5,2026-05-08T10:00:00,9.07,21.72,754.1,-11.04
Cuartel_Bonarda_5,2026-05-08T11:00:00,10.13,20.02,753.5,-11.15
Cuartel_Bonarda_5,2026-05-08T12:00:00,10.4,20.32,753.1,-10.8
Cuartel_Bonarda_5,2026-05-08T13:00:00,9.74,22.44,753.0,-10.16
Cuartel_Bonarda_5,2026-05-08T14:00:00,8.6,25.2,752.9,-9.75
Cuartel_Bonarda_5,2026-05-08T15:00:00,7.16,29.0,753.1,-9.28
Cuartel_Bonarda_5,2026-05-08T16:00:00,4.28,38.67,754.3,-8.22
Cuartel_Bonarda_5,2026-05-08T17:00:00,1.71,50.73,756.3,-7.23
Cuartel_Bonarda_5,2026-05-08T18:00:00,0.11,65.52,757.8,-5.69
Cuartel_Bonarda_5,2026-05-08T19:00:00,-1.36,74.44,758.6,-5.75
Cuartel_Bonarda_5,2026-05-08T20:00:00,-2.37,78.42,759.4,-6.12
Cuartel_Bonarda_5,2026-05-08T21:00:00,-2.68,77.33,760.2,-6.52
Cuartel_Bonarda_5,2026-05-08T22:00:00,-3.67,81.72,761.1,-6.79
Cuartel_Bonarda_5,2026-05-08T23:00:00,-4.57,84.18,761.6,-7.36
Cuartel_Bonarda_5,2026-05-09T00:00:00,-5.25,85.52,761.9,-7.94
Cuartel_Bonarda_5,2026-05-09T01:00:00,-5.71,86.71,762.0,-8.29
Cuartel_Bonarda_5,2026-05-09T02:00:00,-5.98,87.09,761.9,-8.53
Cuartel_Bonarda_5,2026-05-09T03:00:00,-6.17,87.2,762.1,-8.71
Cuartel_Bonarda_5,2026-05-09T04:00:00,-6.36,86.29,762.5,-8.94
Cuartel_Bonarda_5,2026-05-09T05:00:00,-6.7,86.09,762.9,-9.32
Cuartel_Bonarda_5,2026-05-09T06:00:00,-6.61,81.63,763.3,-9.88
Cuartel_Bonarda_5,2026-05-09T07:00:00,-3.61,62.66,763.9,-9.92
Cuartel_Bonarda_5,2026-05-09T08:00:00,-1.24,52.95,764.3,-9.49
Cuartel_Bonarda_5,2026-05-09T09:00:00,1.11,44.84,764.4,-9.24
Cuartel_Bonarda_5,2026-05-09T10:00:00,3.17,39.02,764.3,-9.12
Cuartel_Bonarda_5,2026-05-09T11:00:00,4.81,34.75,764.0,-9.09
Cuartel_Bonarda_5,2026-05-09T12:00:00,5.9,31.8,763.6,-9.25
Cuartel_Bonarda_5,2026-05-09T13:00:00,6.43,29.89,763.4,-9.54
Cuartel_Bonarda_5,2026-05-09T14:00:00,6.19,29.75,763.6,-9.78
Cuartel_Bonarda_5,2026-05-09T15:00:00,5.13,32.03,763.9,-9.81
Cuartel_Bonarda_5,2026-05-09T16:00:00,2.38,40.74,763.9,-9.23
Cuartel_Bonarda_5,2026-05-09T17:00:00,-0.33,51.76,764.0,-8.74
Cuartel_Bonarda_5,2026-05-09T18:00:00,-0.12,50.27,764.1,-8.92
Cuartel_Bonarda_5,2026-05-09T19:00:00,0.67,45.7,764.2,-9.42
Cuartel_Bonarda_5,2026-05-09T20:00:00,1.05,43.35,764.2,-9.74
Cuartel_Bonarda_5,2026-05-09T21:00:00,1.05,40.93,764.1,-10.48
Cuartel_Bonarda_5,2026-05-09T22:00:00,1.34,36.43,763.9,-11.75
Cuartel_Bonarda_5,2026-05-09T23:00:00,1.96,32.23,763.8,-12.76
Cuartel_Bonarda_5,2026-05-10T00:00:00,2.32,29.54,763.6,-13.54
Cuartel_Bonarda_5,2026-05-10T01:00:00,2.71,26.91,763.3,-14.37
Cuartel_Bonarda_5,2026-05-10T02:00:00,2.84,24.86,763.1,-15.21
Cuartel_Bonarda_5,2026-05-10T03:00:00,2.76,23.19,762.9,-16.19
Cuartel_Bonarda_5,2026-05-10T04:00:00,3.28,20.12,762.7,-17.37
Cuartel_Bonarda_5,2026-05-10T05:00:00,4.25,16.72,762.7,-18.66
Cuartel_Bonarda_5,2026-05-10T06:00:00,4.3,16.23,763.0,-18.9
Cuartel_Bonarda_5,2026-05-10T07:00:00,6.07,19.31,763.4,-15.65
Cuartel_Bonarda_5,2026-05-10T08:00:00,9.7,18.44,763.7,-12.68
Cuartel_Bonarda_5,2026-05-10T09:00:00,12.72,11.51,763.8,-16.15
Cuartel_Bonarda_5,2026-05-10T10:00:00,14.19,11.67,763.8,-14.9
Cuartel_Bonarda_5,2026-05-10T11:00:00,14.5,12.63,763.9,-13.77
Cuartel_Bonarda_5,2026-05-10T12:00:00,14.32,13.68,763.8,-13.02
Cuartel_Bonarda_5,2026-05-10T13:00:00,13.81,14.83,763.8,-12.43
Cuartel_Bonarda_5,2026-05-10T14:00:00,12.81,16.66,763.8,-11.76
Cuartel_Bonarda_5,2026-05-10T15:00:00,10.5,22.22,764.1,-9.98
Cuartel_Bonarda_5,2026-05-10T16:00:00,6.1,32.97,764.5,-8.72
Cuartel_Bonarda_5,2026-05-10T17:00:00,3.59,38.36,764.7,-9.05
Cuartel_Bonarda_5,2026-05-10T18:00:00,3.79,36.15,764.8,-9.62
Cuartel_Bonarda_5,2026-05-10T19:00:00,4.34,32.12,764.7,-10.66
Cuartel_Bonarda_5,2026-05-10T20:00:00,4.87,28.96,764.5,-11.55
Cuartel_Bonarda_5,2026-05-10T21:00:00,4.75,26.9,764.2,-12.62
Cuartel_Bonarda_5,2026-05-10T22:00:00,4.9,24.35,763.8,-13.75
Cuartel_Bonarda_5,2026-05-10T23:00:00,5.28,21.64,763.5,-14.57
Cuartel_Bonarda_5,2026-05-11T00:00:00,5.43,20.18,763.1,-15.02
Cuartel_Bonarda_5,2026-05-11T01:00:00,5.12,19.91,762.7,-15.23
Cuartel_Bonarda_5,2026-05-11T02:00:00,4.74,20.15,762.4,-15.24
Cuartel_Bonarda_5,2026-05-11T03:00:00,4.39,20.35,762.1,-15.29
Cuartel_Bonarda_5,2026-05-11T04:00:00,4.22,20.44,762.0,-15.36
Cuartel_Bonarda_5,2026-05-11T05:00:00,4.21,19.87,762.1,-15.66
Cuartel_Bonarda_5,2026-05-11T06:00:00,4.29,19.32,762.4,-15.89
Cuartel_Bonarda_5,2026-05-11T07:00:00,7.07,22.63,762.8,-12.22
Cuartel_Bonarda_5,2026-05-11T08:00:00,12.28,16.55,763.0,-12.12
Cuartel_Bonarda_5,2026-05-11T09:00:00,15.14,10.4,763.1,-14.76
Cuartel_Bonarda_5,2026-05-11T10:00:00,17.12,9.79,763.1,-14.01
Cuartel_Bonarda_5,2026-05-11T11:00:00,18.03,9.83,762.9,-13.44
Cuartel_Bonarda_5,2026-05-11T12:00:00,18.46,9.8,762.7,-13.22
Cuartel_Bonarda_5,2026-05-11T13:00:00,18.24,10.05,762.6,-13.09
Cuartel_Bonarda_5,2026-05-11T14:00:00,17.2,10.98,762.6,-12.93
Cuartel_Bonarda_5,2026-05-11T15:00:00,14.54,16.13,763.0,-10.51
Cuartel_Bonarda_5,2026-05-11T16:00:00,8.96,25.68,763.3,-9.7
Cuartel_Bonarda_5,2026-05-11T17:00:00,6.9,25.13,763.6,-11.57
Cuartel_Bonarda_5,2026-05-11T18:00:00,5.36,26.59,763.7,-12.05
Cuartel_Bonarda_5,2026-05-11T19:00:00,4.76,25.73,763.7,-12.73
Cuartel_Bonarda_5,2026-05-11T20:00:00,4.42,24.74,763.8,-13.27
Cuartel_Bonarda_5,2026-05-11T21:00:00,4.46,23.21,763.8,-13.83
Cuartel_Bonarda_5,2026-05-11T22:00:00,4.8,21.53,763.7,-14.3
Cuartel_Bonarda_5,2026-05-11T23:00:00,5.24,20.04,763.6,-14.72
Cuartel_Bonarda_5,2026-05-12T00:00:00,5.47,19.18,763.5,-15.02
Cuartel_Bonarda_5,2026-05-12T01:00:00,5.33,19.09,763.4,-15.15
Cuartel_Bonarda_5,2026-05-12T02:00:00,5.23,19.08,763.3,-15.23
Cuartel_Bonarda_5,2026-05-12T03:00:00,5.31,18.7,763.3,-15.39
Cuartel_Bonarda_5,2026-05-12T04:00:00,6.32,16.67,763.4,-15.82
Cuartel_Bonarda_5,2026-05-12T05:00:00,7.62,14.55,763.7,-16.32
Cuartel_Bonarda_5,2026-05-12T06:00:00,8.23,14.08,764.1,-16.28
Cuartel_Bonarda_5,2026-05-12T07:00:00,9.46,17.21,764.4,-13.47
Cuartel_Bonarda_5,2026-05-12T08:00:00,12.21,14.5,764.5,-13.69
Cuartel_Bonarda_5,2026-05-12T09:00:00,14.62,11.06,764.2,-15.06
Cuartel_Bonarda_5,2026-05-12T10:00:00,16.12,10.51,763.7,-15.16
Cuartel_Bonarda_5,2026-05-12T11:00:00,16.97,10.58,763.1,-14.8
Cuartel_Bonarda_5,2026-05-12T12:00:00,17.2,11.41,762.4,-14.05
Cuartel_Bonarda_5,2026-05-12T13:00:00,16.77,12.81,762.0,-13.18
Cuartel_Bonarda_5,2026-05-12T14:00:00,15.6,14.77,762.0,-12.24
Cuartel_Bonarda_5,2026-05-12T15:00:00,13.11,20.6,762.2,-9.65
Cuartel_Bonarda_5,2026-05-12T16:00:00,7.89,32.29,762.5,-8.54
Cuartel_Bonarda_5,2026-05-12T17:00:00,6.35,33.22,762.8,-9.68
Cuartel_Bonarda_5,2026-05-12T18:00:00,5.21,34.03,763.0,-10.13
Cuartel_Bonarda_5,2026-05-12T19:00:00,4.26,33.27,763.1,-10.81
Cuartel_Bonarda_5,2026-05-12T20:00:00,3.93,31.34,763.3,-11.46
Cuartel_Bonarda_5,2026-05-12T21:00:00,3.77,29.55,763.3,-12.03
Cuartel_Bonarda_5,2026-05-12T22:00:00,4.1,28.72,763.1,-12.1
Cuartel_Bonarda_5,2026-05-12T23:00:00,4.28,29.07,762.6,-11.83
Cuartel_Bonarda_5,2026-05-13T00:00:00,3.69,30.43,761.9,-11.77
Cuartel_Bonarda_5,2026-05-13T01:00:00,3.16,30.61,761.2,-12.02
Cuartel_Bonarda_5,2026-05-13T02:00:00,3.15,29.18,760.7,-12.46
Cuartel_Bonarda_5,2026-05-13T03:00:00,3.25,28.33,760.5,-12.67
Cuartel_Bonarda_5,2026-05-13T04:00:00,3.54,27.45,760.6,-12.72
Cuartel_Bonarda_5,2026-05-13T05:00:00,3.9,26.61,760.6,-12.75
Cuartel_Bonarda_5,2026-05-13T06:00:00,4.11,26.52,760.6,-12.59
Cuartel_Bonarda_5,2026-05-13T07:00:00,7.16,24.59,760.6,-11.27
Cuartel_Bonarda_5,2026-05-13T08:00:00,10.47,21.68,760.6,-10.47
Cuartel_Bonarda_5,2026-05-13T09:00:00,12.2,19.84,760.7,-10.21
Cuartel_Bonarda_5,2026-05-13T10:00:00,12.94,20.62,760.8,-9.4
Cuartel_Bonarda_5,2026-05-13T11:00:00,13.49,20.75,760.5,-9.02
Cuartel_Bonarda_5,2026-05-13T12:00:00,14.6,19.3,760.0,-9.05
Cuartel_Bonarda_5,2026-05-13T13:00:00,15.15,18.33,759.6,-9.23
Cuartel_Bonarda_5,2026-05-13T14:00:00,14.44,19.27,759.5,-9.22
Cuartel_Bonarda_5,2026-05-13T15:00:00,12.5,22.8,760.0,-8.81
Cuartel_Bonarda_5,2026-05-13T16:00:00,7.51,35.28,760.5,-7.6
Cuartel_Bonarda_5,2026-05-13T17:00:00,5.4,41.23,760.9,-7.48
Cuartel_Bonarda_5,2026-05-13T18:00:00,5.07,40.67,761.1,-7.88
Cuartel_Bonarda_5,2026-05-13T19:00:00,5.02,39.42,761.1,-8.1
Cuartel_Bonarda_5,2026-05-13T20:00:00,4.56,39.55,761.0,-8.3
Cuartel_Bonarda_5,2026-05-13T21:00:00,4.52,39.64,760.7,-8.19
Cuartel_Bonarda_5,2026-05-13T22:00:00,3.68,43.27,760.5,-7.81
Cuartel_Bonarda_5,2026-05-13T23:00:00,2.9,46.7,760.6,-7.57
Cuartel_Bonarda_5,2026-05-14T00:00:00,2.42,47.32,760.7,-7.77
Cuartel_Bonarda_5,2026-05-14T01:00:00,2.45,45.04,760.5,-8.25
Cuartel_Bonarda_5,2026-05-14T02:00:00,2.68,42.66,760.5,-8.69
Cuartel_Bonarda_5,2026-05-14T03:00:00,2.76,42.59,760.6,-8.62
Cuartel_Bonarda_5,2026-05-14T04:00:00,2.7,43.94,760.9,-8.32
Cuartel_Bonarda_5,2026-05-14T05:00:00,2.61,45.9,761.3,-7.96
Cuartel_Bonarda_5,2026-05-14T06:00:00,2.51,49.43,761.8,-7.29
Cuartel_Bonarda_5,2026-05-14T07:00:00,4.37,46.88,762.3,-6.58
Cuartel_Bonarda_5,2026-05-14T08:00:00,6.75,41.24,762.6,-6.04
Cuartel_Bonarda_5,2026-05-14T09:00:00,8.78,37.85,762.7,-5.3
Cuartel_Bonarda_5,2026-05-14T10:00:00,10.02,36.7,762.6,-4.66
Cuartel_Bonarda_5,2026-05-14T11:00:00,10.57,37.18,762.2,-4.12
Cuartel_Bonarda_5,2026-05-14T12:00:00,10.69,38.09,761.9,-3.76
Cuartel_Bonarda_5,2026-05-14T13:00:00,10.49,39.07,761.6,-3.65
Cuartel_Bonarda_5,2026-05-14T14:00:00,9.84,40.5,761.5,-3.78
Cuartel_Bonarda_5,2026-05-14T15:00:00,8.66,43.31,761.4,-3.9
Cuartel_Bonarda_5,2026-05-14T16:00:00,5.59,54.0,761.5,-3.74
Cuartel_Bonarda_5,2026-05-14T17:00:00,2.99,63.22,761.7,-4.19
Cuartel_Bonarda_5,2026-05-14T18:00:00,3.15,58.85,761.8,-4.95
Cuartel_Bonarda_5,2026-05-14T19:00:00,3.34,53.35,761.7,-5.88
Cuartel_Bonarda_5,2026-05-14T20:00:00,3.28,49.14,761.4,-6.73
Cuartel_Bonarda_5,2026-05-14T21:00:00,3.19,45.78,761.1,-7.46
Cuartel_Bonarda_5,2026-05-14T22:00:00,2.84,44.31,760.7,-7.99
Cuartel_Bonarda_5,2026-05-14T23:00:00,2.59,43.76,760.4,-8.27
Cuartel_Bonarda_5,2026-05-15T00:00:00,2.64,42.92,760.0,-8.41
Cuartel_Bonarda_5,2026-05-15T01:00:00,2.9,41.95,759.6,-8.43
Cuartel_Bonarda_5,2026-05-15T02:00:00,3.39,41.27,759.0,-8.21
Cuartel_Bonarda_5,2026-05-15T03:00:00,3.63,42.7,758.6,-7.61
Cuartel_Bonarda_5,2026-05-15T04:00:00,3.48,46.39,758.3,-6.76
Cuartel_Bonarda_5,2026-05-15T05:00:00,2.94,51.25,758.2,-5.98
Cuartel_Bonarda_5,2026-05-15T06:00:00,2.91,54.27,758.3,-5.33
Cuartel_Bonarda_5,2026-05-15T07:00:00,4.83,50.94,758.5,-4.42
Cuartel_Bonarda_5,2026-05-15T08:00:00,6.78,47.95,758.6,-3.49
Cuartel_Bonarda_5,2026-05-15T09:00:00,8.53,42.65,758.5,-3.46
Cuartel_Bonarda_5,2026-05-15T10:00:00,11.03,34.94,758.2,-3.87
Cuartel_Bonarda_5,2026-05-15T11:00:00,12.51,30.5,757.7,-4.35
Cuartel_Bonarda_5,2026-05-15T12:00:00,13.06,28.68,757.4,-4.68
Cuartel_Bonarda_5,2026-05-15T13:00:00,12.76,28.83,757.2,-4.88
Cuartel_Bonarda_5,2026-05-15T14:00:00,11.75,30.64,757.4,-4.98
Cuartel_Bonarda_5,2026-05-15T15:00:00,9.8,35.21,757.8,-4.88
Cuartel_Bonarda_5,2026-05-15T16:00:00,6.33,46.78,758.3,-4.3
Cuartel_Bonarda_5,2026-05-15T17:00:00,3.37,60.05,758.7,-3.83
Cuartel_Bonarda_5,2026-05-15T18:00:00,2.77,62.99,758.8,-3.8
Cuartel_Bonarda_5,2026-05-15T19:00:00,2.79,61.11,758.7,-4.15
Cuartel_Bonarda_5,2026-05-15T20:00:00,2.6,60.45,758.6,-4.42
Cuartel_Bonarda_5,2026-05-15T21:00:00,2.3,60.56,758.5,-4.64
Cuartel_Bonarda_5,2026-05-15T22:00:00,2.08,60.15,758.4,-4.86
Cuartel_Bonarda_5,2026-05-15T23:00:00,1.59,62.29,758.4,-4.87
Cuartel_Bonarda_5,2026-05-16T00:00:00,0.87,66.92,758.5,-4.63
Cuartel_Bonarda_5,2026-05-16T01:00:00,0.32,71.38,758.5,-4.32
Cuartel_Bonarda_5,2026-05-16T02:00:00,-0.37,77.36,758.3,-4.01
Cuartel_Bonarda_5,2026-05-16T03:00:00,-1.29,85.68,758.2,-3.68
Cuartel_Bonarda_5,2026-05-16T04:00:00,-2.19,94.28,758.3,-3.41
Cuartel_Bonarda_5,2026-05-16T05:00:00,-2.93,100.0,758.8,-3.4
Cuartel_Bonarda_5,2026-05-16T06:00:00,-2.96,98.16,759.3,-3.72
Cuartel_Bonarda_5,2026-05-16T07:00:00,-1.38,82.71,759.7,-4.27
Cuartel_Bonarda_5,2026-05-16T08:00:00,0.36,65.9,760.1,-5.6
Cuartel_Bonarda_5,2026-05-16T09:00:00,1.51,54.96,760.4,-7.13
Cuartel_Bonarda_5,2026-05-16T10:00:00,2.19,50.14,760.5,-7.85
Cuartel_Bonarda_5,2026-05-16T11:00:00,2.61,48.15,760.2,-7.98
Cuartel_Bonarda_5,2026-05-16T12:00:00,2.81,47.44,759.8,-7.92
Cuartel_Bonarda_5,2026-05-16T13:00:00,2.71,47.77,759.6,-7.88
Cuartel_Bonarda_5,2026-05-16T14:00:00,2.14,49.93,759.9,-7.8
Cuartel_Bonarda_5,2026-05-16T15:00:00,0.86,55.34,760.4,-7.58
Cuartel_Bonarda_5,2026-05-16T16:00:00,-1.14,68.08,761.2,-6.75
Cuartel_Bonarda_5,2026-05-16T17:00:00,-2.86,85.01,761.8,-5.49
Cuartel_Bonarda_5,2026-05-16T18:00:00,-3.27,88.31,762.2,-5.43
Cuartel_Bonarda_5,2026-05-16T19:00:00,-3.58,89.05,762.4,-5.69
Cuartel_Bonarda_5,2026-05-16T20:00:00,-3.76,87.96,762.4,-6.09
Cuartel_Bonarda_5,2026-05-16T21:00:00,-4.13,89.92,762.5,-6.23
Cuartel_Bonarda_5,2026-05-16T22:00:00,-4.66,94.66,762.5,-6.15
Cuartel_Bonarda_5,2026-05-16T23:00:00,-4.99,94.32,762.4,-6.6
Cuartel_Bonarda_5,2026-05-17T00:00:00,-5.03,87.63,762.3,-7.77
Cuartel_Bonarda_5,2026-05-17T01:00:00,-4.64,77.08,762.2,-9.23
Cuartel_Bonarda_5,2026-05-17T02:00:00,-4.46,70.08,762.0,-10.52
Cuartel_Bonarda_5,2026-05-17T03:00:00,-4.4,63.05,761.7,-12.06
Cuartel_Bonarda_5,2026-05-17T04:00:00,-4.27,56.34,761.5,-13.71
Cuartel_Bonarda_5,2026-05-17T05:00:00,-4.53,53.82,761.7,-14.8
Cuartel_Bonarda_5,2026-05-17T06:00:00,-4.45,50.88,762.3,-15.55
Cuartel_Bonarda_5,2026-05-17T07:00:00,-1.77,44.56,762.8,-13.51
Cuartel_Bonarda_5,2026-05-17T08:00:00,1.71,35.62,763.2,-13.03
Cuartel_Bonarda_5,2026-05-17T09:00:00,4.46,31.07,763.5,-11.87
Cuartel_Bonarda_5,2026-05-17T10:00:00,5.83,29.84,763.6,-11.09
Cuartel_Bonarda_5,2026-05-17T11:00:00,6.46,30.09,763.6,-10.2
Cuartel_Bonarda_5,2026-05-17T12:00:00,6.88,29.71,763.4,-9.74
Cuartel_Bonarda_5,2026-05-17T13:00:00,6.98,29.39,763.3,-9.66
Cuartel_Bonarda_5,2026-05-17T14:00:00,6.51,29.98,763.4,-9.7
Cuartel_Bonarda_5,2026-05-17T15:00:00,5.12,33.58,763.7,-9.39
Cuartel_Bonarda_5,2026-05-17T16:00:00,1.46,47.5,764.2,-8.27
Cuartel_Bonarda_5,2026-05-17T17:00:00,-0.94,58.81,764.6,-7.87
Cuartel_Bonarda_5,2026-05-17T18:00:00,-1.14,60.26,764.8,-7.74
Cuartel_Bonarda_5,2026-05-17T19:00:00,-0.86,58.45,764.9,-7.83
Cuartel_Bonarda_5,2026-05-17T20:00:00,-0.48,56.01,764.8,-8.01
Cuartel_Bonarda_5,2026-05-17T21:00:00,-0.18,53.61,764.7,-8.27
Cuartel_Bonarda_5,2026-05-17T22:00:00,-0.04,51.57,764.5,-8.63
Cuartel_Bonarda_5,2026-05-17T23:00:00,-0.2,50.61,764.3,-9.1
Cuartel_Bonarda_5,2026-05-18T00:00:00,-0.18,48.48,764.0,-9.72
Cuartel_Bonarda_5,2026-05-18T01:00:00,0.0,45.34,763.8,-10.48
Cuartel_Bonarda_5,2026-05-18T02:00:00,0.07,42.51,763.5,-11.32
Cuartel_Bonarda_5,2026-05-18T03:00:00,0.2,39.53,763.3,-12.32
Cuartel_Bonarda_5,2026-05-18T04:00:00,0.34,36.0,763.2,-13.6
Cuartel_Bonarda_5,2026-05-18T05:00:00,0.61,31.08,763.2,-15.37
Cuartel_Bonarda_5,2026-05-18T06:00:00,0.98,26.91,763.4,-16.88
Cuartel_Bonarda_5,2026-05-18T07:00:00,2.9,25.42,763.6,-16.15
Cuartel_Bonarda_5,2026-05-18T08:00:00,6.3,21.45,763.7,-14.37
Cuartel_Bonarda_5,2026-05-18T09:00:00,8.89,15.61,763.7,-16.9
Cuartel_Bonarda_5,2026-05-18T10:00:00,10.49,14.98,763.5,-16.14
Cuartel_Bonarda_5,2026-05-18T11:00:00,11.39,14.92,763.2,-15.55
Cuartel_Bonarda_5,2026-05-18T12:00:00,11.93,14.83,762.7,-15.22
Cuartel_Bonarda_5,2026-05-18T13:00:00,11.94,15.25,762.4,-14.95
Cuartel_Bonarda_5,2026-05-18T14:00:00,11.23,16.53,762.5,-14.51
Cuartel_Bonarda_5,2026-05-18T15:00:00,9.43,22.06,762.6,-11.67
Cuartel_Bonarda_5,2026-05-18T16:00:00,5.21,30.98,762.7,-11.09
Cuartel_Bonarda_5,2026-05-18T17:00:00,2.7,34.83,762.8,-11.86
Cuartel_Bonarda_5,2026-05-18T18:00:00,2.29,32.46,762.9,-13.07
Cuartel_Bonarda_5,2026-05-18T19:00:00,2.29,29.24,762.9,-14.01
Cuartel_Bonarda_5,2026-05-18T20:00:00,1.97,27.48,763.0,-14.58
Cuartel_Bonarda_5,2026-05-18T21:00:00,1.15,27.3,762.9,-15.05
Cuartel_Bonarda_5,2026-05-18T22:00:00,0.98,25.4,762.8,-15.67
Cuartel_Bonarda_5,2026-05-18T23:00:00,1.43,22.6,762.8,-16.43
Cuartel_Bonarda_5,2026-05-19T00:00:00,2.39,18.74,762.7,-17.63
Cuartel_Bonarda_5,2026-05-19T01:00:00,3.31,15.5,762.6,-19.05
Cuartel_Bonarda_5,2026-05-19T02:00:00,3.47,14.54,762.5,-19.7
Cuartel_Bonarda_5,2026-05-19T03:00:00,2.33,15.76,762.2,-19.9
Cuartel_Bonarda_5,2026-05-19T04:00:00,1.74,15.55,762.2,-20.49
Cuartel_Bonarda_5,2026-05-19T05:00:00,1.88,14.35,762.4,-21.17
Cuartel_Bonarda_5,2026-05-19T06:00:00,2.16,13.56,762.8,-21.46
Cuartel_Bonarda_5,2026-05-19T07:00:00,3.91,17.75,763.3,-17.61
Cuartel_Bonarda_5,2026-05-19T08:00:00,7.89,18.31,763.7,-14.92
Cuartel_Bonarda_5,2026-05-19T09:00:00,10.29,10.39,764.2,-18.91
Cuartel_Bonarda_5,2026-05-19T10:00:00,11.41,11.65,764.3,-17.22
Cuartel_Bonarda_5,2026-05-19T11:00:00,11.91,12.94,764.2,-15.87
Cuartel_Bonarda_5,2026-05-19T12:00:00,12.0,14.25,763.8,-14.76
Cuartel_Bonarda_5,2026-05-19T13:00:00,11.68,15.71,763.5,-13.95
Cuartel_Bonarda_5,2026-05-19T14:00:00,10.87,17.61,763.5,-13.23
Cuartel_Bonarda_5,2026-05-19T15:00:00,8.97,22.68,763.6,-11.45
Cuartel_Bonarda_5,2026-05-19T16:00:00,3.98,39.25,764.0,-8.61
Cuartel_Bonarda_5,2026-05-19T17:00:00,2.17,46.02,764.5,-8.11
Cuartel_Bonarda_5,2026-05-19T18:00:00,1.76,49.0,764.9,-7.64
Cuartel_Bonarda_5,2026-05-19T19:00:00,1.2,52.13,765.1,-7.33
Cuartel_Bonarda_5,2026-05-19T20:00:00,0.93,54.1,765.2,-7.13
Cuartel_Bonarda_5,2026-05-19T21:00:00,0.75,55.17,765.0,-7.02
Cuartel_Bonarda_5,2026-05-19T22:00:00,0.53,56.05,764.9,-7.04
Cuartel_Bonarda_5,2026-05-19T23:00:00,0.25,56.41,765.0,-7.2
Cuartel_Bonarda_5,2026-05-20T00:00:00,-0.06,55.92,765.0,-7.61
Cuartel_Bonarda_5,2026-05-20T01:00:00,-0.68,55.67,764.9,-8.29
Cuartel_Bonarda_5,2026-05-20T02:00:00,-1.27,55.12,764.8,-9.03
Cuartel_Bonarda_5,2026-05-20T03:00:00,-1.67,54.22,764.8,-9.66
Cuartel_Bonarda_5,2026-05-20T04:00:00,-2.19,53.99,765.0,-10.24
Cuartel_Bonarda_5,2026-05-20T05:00:00,-2.64,53.34,765.3,-10.87
Cuartel_Bonarda_5,2026-05-20T06:00:00,-2.97,52.55,765.6,-11.37
Cuartel_Bonarda_5,2026-05-20T07:00:00,-0.47,44.76,765.9,-10.77
Cuartel_Bonarda_5,2026-05-20T08:00:00,2.97,36.58,766.0,-10.2
Cuartel_Bonarda_5,2026-05-20T09:00:00,5.09,33.61,766.1,-9.43
Cuartel_Bonarda_5,2026-05-20T10:00:00,6.42,32.3,765.9,-8.76
Cuartel_Bonarda_5,2026-05-20T11:00:00,7.08,31.95,765.6,-8.35
Cuartel_Bonarda_5,2026-05-20T12:00:00,7.29,31.84,765.3,-8.18
Cuartel_Bonarda_5,2026-05-20T13:00:00,6.92,33.27,765.1,-7.95
Cuartel_Bonarda_5,2026-05-20T14:00:00,5.88,36.54,765.2,-7.63
Cuartel_Bonarda_5,2026-05-20T15:00:00,4.13,42.78,765.3,-7.17
Cuartel_Bonarda_5,2026-05-20T16:00:00,1.3,55.25,765.4,-6.53
Cuartel_Bonarda_5,2026-05-20T17:00:00,-0.21,62.18,765.6,-6.4
Cuartel_Bonarda_5,2026-05-20T18:00:00,-0.69,64.08,765.8,-6.55
Cuartel_Bonarda_5,2026-05-20T19:00:00,-1.13,64.92,765.9,-6.83
Cuartel_Bonarda_5,2026-05-20T20:00:00,-1.3,63.59,765.7,-7.29
Cuartel_Bonarda_5,2026-05-20T21:00:00,-1.42,62.63,765.4,-7.56
Cuartel_Bonarda_5,2026-05-20T22:00:00,-1.39,62.0,765.1,-7.69
Cuartel_Bonarda_5,2026-05-20T23:00:00,-1.64,62.11,764.6,-7.88
Cuartel_Bonarda_5,2026-05-21T00:00:00,-1.85,61.76,764.0,-8.22
Cuartel_Bonarda_5,2026-05-21T01:00:00,-1.69,59.28,763.4,-8.55
Cuartel_Bonarda_5,2026-05-21T02:00:00,-1.55,57.18,762.8,-8.83
Cuartel_Bonarda_5,2026-05-21T03:00:00,-1.54,56.2,762.5,-9.03
Cuartel_Bonarda_5,2026-05-21T04:00:00,-1.5,55.56,762.5,-9.1
Cuartel_Bonarda_5,2026-05-21T05:00:00,-1.44,55.98,762.8,-8.95
Cuartel_Bonarda_5,2026-05-21T06:00:00,-1.32,56.8,763.2,-8.66
Cuartel_Bonarda_5,2026-05-21T07:00:00,0.19,52.61,763.6,-8.09
Cuartel_Bonarda_5,2026-05-21T08:00:00,2.52,46.69,764.0,-7.48
Cuartel_Bonarda_5,2026-05-21T09:00:00,4.84,43.06,764.1,-6.51
Cuartel_Bonarda_5,2026-05-21T10:00:00,6.55,39.75,764.0,-6.03
Cuartel_Bonarda_5,2026-05-21T11:00:00,7.37,38.15,763.7,-5.85
Cuartel_Bonarda_5,2026-05-21T12:00:00,7.53,39.13,763.3,-5.4
Cuartel_Bonarda_5,2026-05-21T13:00:00,7.4,41.01,763.1,-4.93
Cuartel_Bonarda_5,2026-05-21T14:00:00,6.92,43.61,763.1,-4.6
Cuartel_Bonarda_5,2026-05-21T15:00:00,5.77,48.42,763.3,-4.28
Cuartel_Bonarda_5,2026-05-21T16:00:00,2.75,62.99,763.6,-3.59
Cuartel_Bonarda_5,2026-05-21T17:00:00,0.37,77.87,764.0,-3.05
Cuartel_Bonarda_5,2026-05-21T18:00:00,0.02,80.1,764.3,-3.0
Cuartel_Bonarda_5,2026-05-21T19:00:00,-0.07,79.69,764.3,-3.18
Cuartel_Bonarda_5,2026-05-21T20:00:00,0.0,77.41,764.3,-3.49
Cuartel_Bonarda_5,2026-05-21T21:00:00,0.03,75.22,764.0,-3.83
Cuartel_Bonarda_5,2026-05-21T22:00:00,0.31,70.94,763.7,-4.35
Cuartel_Bonarda_5,2026-05-21T23:00:00,0.95,64.53,763.4,-4.97
Cuartel_Bonarda_5,2026-05-22T00:00:00,1.02,61.78,763.1,-5.51
Cuartel_Bonarda_5,2026-05-22T01:00:00,0.84,60.12,762.9,-6.07
Cuartel_Bonarda_5,2026-05-22T02:00:00,0.87,57.35,762.8,-6.64
Cuartel_Bonarda_5,2026-05-22T03:00:00,0.76,55.73,762.8,-7.13
Cuartel_Bonarda_5,2026-05-22T04:00:00,0.54,54.52,762.9,-7.66
Cuartel_Bonarda_5,2026-05-22T05:00:00,0.43,52.06,763.1,-8.33
Cuartel_Bonarda_5,2026-05-22T06:00:00,0.59,48.4,763.3,-9.13
Cuartel_Bonarda_5,2026-05-22T07:00:00,2.76,40.46,763.5,-9.39
Cuartel_Bonarda_5,2026-05-22T08:00:00,6.34,31.62,763.7,-9.27
Cuartel_Bonarda_5,2026-05-22T09:00:00,8.91,24.71,763.6,-10.52
Cuartel_Bonarda_5,2026-05-22T10:00:00,10.25,23.45,763.4,-10.23
Cuartel_Bonarda_5,2026-05-22T11:00:00,11.0,23.41,763.0,-9.76
Cuartel_Bonarda_5,2026-05-22T12:00:00,11.33,23.9,762.6,-9.31
Cuartel_Bonarda_5,2026-05-22T13:00:00,11.06,25.99,762.3,-8.54
Cuartel_Bonarda_5,2026-05-22T14:00:00,10.13,29.91,762.2,-7.45
Cuartel_Bonarda_5,2026-05-22T15:00:00,8.16,38.0,762.3,-5.8
Cuartel_Bonarda_5,2026-05-22T16:00:00,4.05,56.34,762.6,-4.09
Cuartel_Bonarda_5,2026-05-22T17:00:00,2.22,66.54,762.8,-3.58
Cuartel_Bonarda_5,2026-05-22T18:00:00,2.29,65.03,763.0,-3.83
Cuartel_Bonarda_5,2026-05-22T19:00:00,2.49,61.6,762.9,-4.4
Cuartel_Bonarda_5,2026-05-22T20:00:00,2.65,59.07,762.7,-4.88
Cuartel_Bonarda_5,2026-05-22T21:00:00,2.43,57.64,762.5,-5.49
Cuartel_Bonarda_5,2026-05-22T22:00:00,2.22,55.43,762.3,-6.31
Cuartel_Bonarda_5,2026-05-22T23:00:00,2.25,52.24,762.1,-7.15
Cuartel_Bonarda_5,2026-05-23T00:00:00,2.38,47.86,761.6,-8.26
Cuartel_Bonarda_5,2026-05-23T01:00:00,2.36,44.19,761.2,-9.44
Cuartel_Bonarda_5,2026-05-23T02:00:00,2.37,40.43,760.7,-10.57
Cuartel_Bonarda_5,2026-05-23T03:00:00,2.45,37.0,760.2,-11.52
Cuartel_Bonarda_5,2026-05-23T04:00:00,2.42,34.05,760.0,-12.41
Cuartel_Bonarda_5,2026-05-23T05:00:00,2.43,30.85,759.9,-13.58
Cuartel_Bonarda_5,2026-05-23T06:00:00,2.43,29.35,760.2,-14.17
Cuartel_Bonarda_5,2026-05-23T07:00:00,4.05,28.12,760.3,-13.13
Cuartel_Bonarda_5,2026-05-23T08:00:00,6.71,26.6,760.4,-11.27
Cuartel_Bonarda_5,2026-05-23T09:00:00,9.18,19.85,760.3,-13.74
Cuartel_Bonarda_5,2026-05-23T10:00:00,10.95,17.91,760.0,-14.42
Cuartel_Bonarda_5,2026-05-23T11:00:00,11.44,18.76,759.5,-13.88
Cuartel_Bonarda_5,2026-05-23T12:00:00,11.57,19.93,759.1,-13.26
Cuartel_Bonarda_5,2026-05-23T13:00:00,11.26,21.8,759.0,-12.48
Cuartel_Bonarda_5,2026-05-23T14:00:00,10.4,24.53,759.1,-11.41
Cuartel_Bonarda_5,2026-05-23T15:00:00,8.2,35.06,759.2,-7.25
Cuartel_Bonarda_5,2026-05-23T16:00:00,4.85,44.45,759.4,-7.46
Cuartel_Bonarda_5,2026-05-23T17:00:00,2.79,49.28,759.5,-8.37
Cuartel_Bonarda_5,2026-05-23T18:00:00,2.46,46.11,759.4,-9.65
Cuartel_Bonarda_5,2026-05-23T19:00:00,2.2,43.22,759.2,-10.41
Cuartel_Bonarda_5,2026-05-23T20:00:00,1.28,43.43,759.0,-10.82
Cuartel_Bonarda_5,2026-05-23T21:00:00,0.54,42.17,758.8,-11.34
Cuartel_Bonarda_5,2026-05-23T22:00:00,0.02,39.79,758.4,-12.08
Cuartel_Bonarda_5,2026-05-23T23:00:00,-0.48,38.13,758.0,-12.7
Cuartel_Bonarda_5,2026-05-24T00:00:00,-1.0,37.63,757.6,-13.09
Cuartel_Bonarda_5,2026-05-24T01:00:00,-1.45,36.57,757.2,-13.73
Cuartel_Bonarda_5,2026-05-24T02:00:00,-1.89,34.67,756.8,-14.63
Cuartel_Bonarda_5,2026-05-24T03:00:00,-2.28,32.2,756.5,-15.82
Cuartel_Bonarda_5,2026-05-24T04:00:00,-1.7,28.15,756.3,-16.79
Cuartel_Bonarda_5,2026-05-24T05:00:00,-0.9,26.35,756.6,-16.85
Cuartel_Bonarda_5,2026-05-24T06:00:00,-0.26,26.23,757.2,-16.43
Cuartel_Bonarda_5,2026-05-24T07:00:00,1.01,25.73,757.8,-15.75
Cuartel_Bonarda_5,2026-05-24T08:00:00,4.01,23.04,758.4,-14.91
Cuartel_Bonarda_5,2026-05-24T09:00:00,5.31,23.92,758.8,-14.01
Cuartel_Bonarda_5,2026-05-24T10:00:00,6.53,18.85,759.0,-15.21
Cuartel_Bonarda_5,2026-05-24T11:00:00,7.72,16.9,758.7,-15.16
Cuartel_Bonarda_5,2026-05-24T12:00:00,8.78,16.8,758.4,-14.41
Cuartel_Bonarda_5,2026-05-24T13:00:00,9.07,18.37,758.3,-13.17
Cuartel_Bonarda_5,2026-05-24T14:00:00,8.78,20.89,758.5,-11.89
Cuartel_Bonarda_5,2026-05-24T15:00:00,7.33,25.91,758.8,-10.63
Cuartel_Bonarda_5,2026-05-24T16:00:00,3.44,39.89,759.2,-8.81
Cuartel_Bonarda_5,2026-05-24T17:00:00,1.8,46.6,759.6,-8.5
Cuartel_Bonarda_5,2026-05-24T18:00:00,1.5,48.33,759.6,-8.35
Cuartel_Bonarda_5,2026-05-24T19:00:00,0.77,50.74,759.5,-8.39
Cuartel_Bonarda_5,2026-05-24T20:00:00,-0.03,51.78,759.3,-8.78
Cuartel_Bonarda_5,2026-05-24T21:00:00,-0.68,51.69,759.3,-9.37
Cuartel_Bonarda_5,2026-05-24T22:00:00,-0.88,48.91,759.3,-10.1
Cuartel_Bonarda_5,2026-05-24T23:00:00,-0.9,46.0,759.5,-10.78
Cuartel_Bonarda_5,2026-05-25T00:00:00,-1.28,45.03,759.5,-11.35
Cuartel_Bonarda_5,2026-05-25T01:00:00,-1.76,43.86,759.3,-12.05
Cuartel_Bonarda_5,2026-05-25T02:00:00,-2.05,41.62,759.1,-12.88
Cuartel_Bonarda_5,2026-05-25T03:00:00,-1.92,38.36,759.0,-13.59
Cuartel_Bonarda_5,2026-05-25T04:00:00,-1.45,35.54,759.1,-13.98
Cuartel_Bonarda_5,2026-05-25T05:00:00,-1.02,33.66,759.4,-14.15
Cuartel_Bonarda_5,2026-05-25T06:00:00,-0.84,32.54,759.9,-14.41
Cuartel_Bonarda_5,2026-05-25T07:00:00,1.4,31.78,760.5,-12.96
Cuartel_Bonarda_5,2026-05-25T08:00:00,5.57,27.59,760.9,-11.34
Cuartel_Bonarda_5,2026-05-25T09:00:00,8.44,25.31,761.1,-10.91
Cuartel_Bonarda_5,2026-05-25T10:00:00,10.41,23.81,761.0,-10.49
Cuartel_Bonarda_5,2026-05-25T11:00:00,11.26,24.31,760.8,-9.74
Cuartel_Bonarda_5,2026-05-25T12:00:00,11.52,25.51,760.6,-8.92
Cuartel_Bonarda_5,2026-05-25T13:00:00,11.45,26.52,760.5,-8.38
Cuartel_Bonarda_5,2026-05-25T14:00:00,10.68,29.06,760.7,-7.76
Cuartel_Bonarda_5,2026-05-25T15:00:00,8.77,37.15,761.1,-5.84
Cuartel_Bonarda_5,2026-05-25T16:00:00,4.86,53.16,761.6,-4.42
Cuartel_Bonarda_5,2026-05-25T17:00:00,2.52,64.89,762.0,-3.93
Cuartel_Bonarda_5,2026-05-25T18:00:00,2.54,63.66,762.3,-4.27
Cuartel_Bonarda_5,2026-05-25T19:00:00,2.9,58.17,762.4,-5.35
Cuartel_Bonarda_5,2026-05-25T20:00:00,3.29,52.79,762.3,-6.51
Cuartel_Bonarda_5,2026-05-25T21:00:00,3.4,49.24,762.2,-7.47
Cuartel_Bonarda_5,2026-05-25T22:00:00,3.47,45.72,762.0,-8.36
Cuartel_Bonarda_5,2026-05-25T23:00:00,3.61,41.87,761.8,-9.15
Cuartel_Bonarda_5,2026-05-26T00:00:00,3.91,37.21,761.7,-10.16
Cuartel_Bonarda_5,2026-05-26T01:00:00,4.26,32.9,761.4,-11.17
Cuartel_Bonarda_5,2026-05-26T02:00:00,4.3,30.74,761.2,-11.86
Cuartel_Bonarda_5,2026-05-26T03:00:00,4.56,28.16,761.0,-12.56
Cuartel_Bonarda_5,2026-05-26T04:00:00,4.82,26.52,761.1,-13.03
Cuartel_Bonarda_5,2026-05-26T05:00:00,4.85,26.05,761.3,-13.2
Cuartel_Bonarda_5,2026-05-26T06:00:00,5.03,25.46,761.6,-13.29
Cuartel_Bonarda_5,2026-05-26T07:00:00,6.17,25.08,761.9,-12.54
Cuartel_Bonarda_5,2026-05-26T08:00:00,8.38,26.67,762.1,-9.93
Cuartel_Bonarda_5,2026-05-26T09:00:00,10.97,21.85,762.2,-10.78
Cuartel_Bonarda_5,2026-05-26T10:00:00,13.04,20.85,762.1,-10.27
Cuartel_Bonarda_5,2026-05-26T11:00:00,14.15,21.28,761.7,-9.19
Cuartel_Bonarda_5,2026-05-26T12:00:00,14.46,22.54,761.2,-8.13
Cuartel_Bonarda_5,2026-05-26T13:00:00,14.03,24.69,760.9,-7.09
Cuartel_Bonarda_5,2026-05-26T14:00:00,13.05,28.1,760.9,-6.01
Cuartel_Bonarda_5,2026-05-26T15:00:00,10.42,39.23,761.1,-3.33
Cuartel_Bonarda_5,2026-05-26T16:00:00,6.39,53.61,761.2,-2.78
Cuartel_Bonarda_5,2026-05-26T17:00:00,4.89,58.79,761.3,-3.02
Cuartel_Bonarda_5,2026-05-26T18:00:00,5.26,53.46,761.3,-4.16
Cuartel_Bonarda_5,2026-05-26T19:00:00,5.82,46.93,761.3,-5.63
Cuartel_Bonarda_5,2026-05-26T20:00:00,5.77,44.18,761.2,-6.72
Cuartel_Bonarda_5,2026-05-26T21:00:00,5.4,42.32,760.9,-7.69
Cuartel_Bonarda_5,2026-05-26T22:00:00,5.43,39.64,760.6,-8.38
Cuartel_Bonarda_5,2026-05-26T23:00:00,5.65,38.35,760.2,-8.38
Cuartel_Bonarda_5,2026-05-27T00:00:00,5.96,37.26,759.8,-8.32
Cuartel_Bonarda_5,2026-05-27T01:00:00,6.26,35.2,759.4,-8.85
Cuartel_Bonarda_5,2026-05-27T02:00:00,6.28,33.47,759.0,-9.47
Cuartel_Bonarda_5,2026-05-27T03:00:00,5.53,33.1,758.8,-10.07
Cuartel_Bonarda_5,2026-05-27T04:00:00,4.52,32.48,758.7,-10.84
Cuartel_Bonarda_5,2026-05-27T05:00:00,3.76,31.23,759.0,-11.66
Cuartel_Bonarda_5,2026-05-27T06:00:00,3.35,30.75,759.3,-12.03
Cuartel_Bonarda_5,2026-05-27T07:00:00,5.13,31.43,759.4,-10.3
Cuartel_Bonarda_5,2026-05-27T08:00:00,9.32,27.43,759.5,-8.72
Cuartel_Bonarda_5,2026-05-27T09:00:00,12.22,20.22,759.5,-10.39
Cuartel_Bonarda_5,2026-05-27T10:00:00,14.65,16.3,759.3,-10.92
Cuartel_Bonarda_5,2026-05-27T11:00:00,15.63,16.19,759.0,-10.37
Cuartel_Bonarda_5,2026-05-27T12:00:00,15.79,17.17,758.7,-9.69
Cuartel_Bonarda_5,2026-05-27T13:00:00,15.5,18.52,758.5,-9.12
Cuartel_Bonarda_5,2026-05-27T14:00:00,14.41,21.65,758.5,-8.09
Cuartel_Bonarda_5,2026-05-27T15:00:00,11.5,31.84,758.8,-5.21
Cuartel_Bonarda_5,2026-05-27T16:00:00,7.28,43.39,759.1,-5.58
Cuartel_Bonarda_5,2026-05-27T17:00:00,6.06,47.32,759.2,-5.63
Cuartel_Bonarda_5,2026-05-27T18:00:00,5.73,46.03,759.2,-6.04
Cuartel_Bonarda_5,2026-05-27T19:00:00,5.21,45.94,759.1,-6.33
Cuartel_Bonarda_5,2026-05-27T20:00:00,4.35,46.73,758.9,-6.73
Cuartel_Bonarda_5,2026-05-27T21:00:00,3.76,46.26,758.6,-7.22
Cuartel_Bonarda_5,2026-05-27T22:00:00,3.78,44.51,758.2,-7.56
Cuartel_Bonarda_5,2026-05-27T23:00:00,4.01,42.59,758.0,-7.87
Cuartel_Bonarda_5,2026-05-28T00:00:00,4.08,40.59,757.9,-8.39
Cuartel_Bonarda_5,2026-05-28T01:00:00,4.14,38.19,757.7,-9.01
Cuartel_Bonarda_5,2026-05-28T02:00:00,4.33,36.07,757.4,-9.5
Cuartel_Bonarda_5,2026-05-28T03:00:00,4.41,35.72,757.3,-9.58
Cuartel_Bonarda_5,2026-05-28T04:00:00,4.24,36.89,757.5,-9.4
Cuartel_Bonarda_5,2026-05-28T05:00:00,4.11,38.43,757.8,-9.11
Cuartel_Bonarda_5,2026-05-28T06:00:00,3.98,39.55,758.2,-8.89
Cuartel_Bonarda_5,2026-05-28T07:00:00,5.26,37.55,758.6,-8.4
Cuartel_Bonarda_5,2026-05-28T08:00:00,6.84,35.15,759.1,-8.01
Cuartel_Bonarda_5,2026-05-28T09:00:00,8.39,32.96,759.4,-7.73
Cuartel_Bonarda_5,2026-05-28T10:00:00,9.73,28.51,759.7,-8.37
Cuartel_Bonarda_5,2026-05-28T11:00:00,10.65,25.39,759.9,-9.05
Cuartel_Bonarda_5,2026-05-28T12:00:00,11.06,24.98,759.9,-9.05
Cuartel_Bonarda_5,2026-05-28T13:00:00,11.05,25.93,760.1,-8.76
Cuartel_Bonarda_5,2026-05-28T14:00:00,10.8,27.59,760.4,-8.24
Cuartel_Bonarda_5,2026-05-28T15:00:00,9.04,35.41,760.8,-6.31
Cuartel_Bonarda_5,2026-05-28T16:00:00,4.78,51.59,761.4,-5.63
Cuartel_Bonarda_5,2026-05-28T17:00:00,3.69,57.42,761.9,-5.63
Cuartel_Bonarda_5,2026-05-28T18:00:00,3.6,56.28,762.4,-6.06
Cuartel_Bonarda_5,2026-05-28T19:00:00,3.54,53.44,762.7,-6.8
Cuartel_Bonarda_5,2026-05-28T20:00:00,3.46,49.55,762.9,-7.6
Cuartel_Bonarda_5,2026-05-28T21:00:00,3.66,44.39,762.9,-8.23
Cuartel_Bonarda_5,2026-05-28T22:00:00,3.9,41.08,762.9,-8.65
Cuartel_Bonarda_5,2026-05-28T23:00:00,3.98,40.54,762.8,-8.58
Cuartel_Bonarda_5,2026-05-29T00:00:00,3.59,42.75,762.8,-8.25
Cuartel_Bonarda_5,2026-05-29T01:00:00,3.19,43.65,762.7,-8.31
Cuartel_Bonarda_5,2026-05-29T02:00:00,2.87,43.18,762.6,-8.72
Cuartel_Bonarda_5,2026-05-29T03:00:00,2.69,42.25,762.5,-9.11
Cuartel_Bonarda_5,2026-05-29T04:00:00,3.1,39.93,762.6,-9.45
Cuartel_Bonarda_5,2026-05-29T05:00:00,3.7,38.9,762.9,-9.38
Cuartel_Bonarda_5,2026-05-29T06:00:00,3.77,39.8,763.4,-9.19
Cuartel_Bonarda_5,2026-05-29T07:00:00,4.56,39.4,763.7,-8.66
Cuartel_Bonarda_5,2026-05-29T08:00:00,6.97,37.27,764.0,-7.1
Cuartel_Bonarda_5,2026-05-29T09:00:00,10.19,27.2,764.0,-8.9
Cuartel_Bonarda_5,2026-05-29T10:00:00,12.32,23.53,763.7,-9.47
Cuartel_Bonarda_5,2026-05-29T11:00:00,13.1,24.29,763.3,-8.82
Cuartel_Bonarda_5,2026-05-29T12:00:00,13.24,27.02,762.9,-7.65
Cuartel_Bonarda_5,2026-05-29T13:00:00,13.02,30.18,762.7,-6.54
Cuartel_Bonarda_5,2026-05-29T14:00:00,12.15,35.23,762.8,-5.04
Cuartel_Bonarda_5,2026-05-29T15:00:00,9.79,48.99,763.2,-1.75
Cuartel_Bonarda_5,2026-05-29T16:00:00,6.31,68.24,763.5,-0.06
Cuartel_Bonarda_5,2026-05-29T17:00:00,4.57,79.34,763.7,0.42
Cuartel_Bonarda_5,2026-05-29T18:00:00,4.63,74.29,763.9,-0.64
Cuartel_Bonarda_5,2026-05-29T19:00:00,5.13,65.65,764.0,-2.08
Cuartel_Bonarda_5,2026-05-29T20:00:00,5.47,59.79,764.1,-3.12
Cuartel_Bonarda_5,2026-05-29T21:00:00,5.58,56.5,764.0,-3.81
Cuartel_Bonarda_5,2026-05-29T22:00:00,5.58,53.94,763.9,-4.36
Cuartel_Bonarda_5,2026-05-29T23:00:00,5.4,51.75,763.8,-5.01
Cuartel_Bonarda_5,2026-05-30T00:00:00,5.27,49.46,763.7,-5.56
Cuartel_Bonarda_5,2026-05-30T01:00:00,5.32,46.13,763.5,-6.21
Cuartel_Bonarda_5,2026-05-30T02:00:00,5.49,42.46,763.3,-6.92
Cuartel_Bonarda_5,2026-05-30T03:00:00,5.61,39.28,763.1,-7.65
Cuartel_Bonarda_5,2026-05-30T04:00:00,5.9,36.12,763.0,-8.33
Cuartel_Bonarda_5,2026-05-30T05:00:00,6.11,34.31,763.2,-8.79
Cuartel_Bonarda_5,2026-05-30T06:00:00,5.97,33.87,763.5,-9.14
Cuartel_Bonarda_5,2026-05-30T07:00:00,6.96,34.34,763.8,-7.96
Cuartel_Bonarda_5,2026-05-30T08:00:00,10.18,27.42,763.8,-8.42
Cuartel_Bonarda_5,2026-05-30T09:00:00,12.67,22.91,763.7,-9.13
Cuartel_Bonarda_5,2026-05-30T10:00:00,14.35,21.65,763.5,-8.85
Cuartel_Bonarda_5,2026-05-30T11:00:00,15.37,21.66,763.2,-8.26
Cuartel_Bonarda_5,2026-05-30T12:00:00,15.79,22.71,762.8,-7.57
Cuartel_Bonarda_5,2026-05-30T13:00:00,15.68,24.24,762.7,-7.01
Cuartel_Bonarda_5,2026-05-30T14:00:00,14.85,27.09,762.8,-6.3
Cuartel_Bonarda_5,2026-05-30T15:00:00,12.51,36.27,763.1,-3.64
Cuartel_Bonarda_5,2026-05-30T16:00:00,8.33,49.3,763.5,-3.7
Cuartel_Bonarda_5,2026-05-30T17:00:00,6.23,56.83,763.9,-3.95
Cuartel_Bonarda_5,2026-05-30T18:00:00,5.99,53.36,764.1,-5.28
Cuartel_Bonarda_5,2026-05-30T19:00:00,5.74,49.24,764.3,-6.48
Cuartel_Bonarda_5,2026-05-30T20:00:00,5.17,47.63,764.3,-7.07
Cuartel_Bonarda_5,2026-05-30T21:00:00,4.25,46.95,764.3,-7.64
Cuartel_Bonarda_5,2026-05-30T22:00:00,3.99,43.29,764.1,-8.37
Cuartel_Bonarda_5,2026-05-30T23:00:00,4.3,38.81,763.8,-9.04
Cuartel_Bonarda_5,2026-05-31T00:00:00,4.74,35.04,763.5,-9.61
Cuartel_Bonarda_5,2026-05-31T01:00:00,5.28,31.26,763.2,-10.25
Cuartel_Bonarda_5,2026-05-31T02:00:00,5.64,28.6,762.8,-10.85
Cuartel_Bonarda_5,2026-05-31T03:00:00,5.43,26.69,762.6,-11.7
Cuartel_Bonarda_5,2026-05-31T04:00:00,5.07,25.97,762.5,-12.19
Cuartel_Bonarda_5,2026-05-31T05:00:00,4.77,25.81,762.6,-12.41
Cuartel_Bonarda_5,2026-05-31T06:00:00,4.58,26.17,762.8,-12.42
Cuartel_Bonarda_5,2026-05-31T07:00:00,6.64,27.57,763.0,-10.28
Cuartel_Bonarda_5,2026-05-31T08:00:00,10.04,24.57,763.1,-9.39
Cuartel_Bonarda_5,2026-05-31T09:00:00,12.84,17.36,763.2,-11.16
Cuartel_Bonarda_5,2026-05-31T10:00:00,14.98,15.24,763.0,-11.36
Cuartel_Bonarda_5,2026-05-31T11:00:00,15.57,16.67,762.5,-10.3
Cuartel_Bonarda_5,2026-05-31T12:00:00,15.9,18.2,761.8,-9.26
Cuartel_Bonarda_5,2026-05-31T13:00:00,15.71,20.12,761.4,-8.36
Cuartel_Bonarda_5,2026-05-31T14:00:00,14.6,23.74,761.3,-7.29
Cuartel_Bonarda_5,2026-05-31T15:00:00,11.92,33.62,761.6,-4.54
Cuartel_Bonarda_5,2026-05-31T16:00:00,8.05,44.71,761.8,-4.88
Cuartel_Bonarda_5,2026-05-31T17:00:00,6.99,48.83,762.2,-4.86
Cuartel_Bonarda_5,2026-05-31T18:00:00,7.25,46.43,762.5,-5.25
Cuartel_Bonarda_5,2026-05-31T19:00:00,7.32,44.19,762.7,-5.82
Cuartel_Bonarda_5,2026-05-31T20:00:00,7.27,42.56,762.8,-6.4
Cuartel_Bonarda_5,2026-05-31T21:00:00,7.02,41.35,762.9,-7.03
Cuartel_Bonarda_5,2026-05-31T22:00:00,6.65,40.54,762.8,-7.47
Cuartel_Bonarda_5,2026-05-31T23:00:00,6.2,40.13,762.6,-7.69
Cuartel_Bonarda_5,2026-06-01T00:00:00,5.71,54.45,753.8,-2.76
Cuartel_Bonarda_5,2026-06-01T01:00:00,5.48,54.25,753.6,-3.03
Cuartel_Bonarda_5,2026-06-01T02:00:00,4.9,54.94,753.4,-3.4
Cuartel_Bonarda_5,2026-06-01T03:00:00,4.26,55.39,753.0,-3.88
Cuartel_Bonarda_5,2026-06-01T04:00:00,3.98,54.83,752.6,-4.29
Cuartel_Bonarda_5,2026-06-01T05:00:00,3.77,53.99,752.5,-4.69
Cuartel_Bonarda_5,2026-06-01T06:00:00,3.5,53.36,752.8,-5.11
Cuartel_Bonarda_5,2026-06-01T07:00:00,3.34,55.53,752.9,-4.71
Cuartel_Bonarda_5,2026-06-01T08:00:00,4.46,60.51,753.1,-2.49
Cuartel_Bonarda_5,2026-06-01T09:00:00,6.92,49.69,753.1,-2.91
Cuartel_Bonarda_5,2026-06-01T10:00:00,9.2,43.25,752.8,-2.74
Cuartel_Bonarda_5,2026-06-01T11:00:00,10.39,41.05,752.2,-2.39
Cuartel_Bonarda_5,2026-06-01T12:00:00,10.67,42.24,752.0,-1.73
Cuartel_Bonarda_5,2026-06-01T13:00:00,10.72,43.39,751.8,-1.31
Cuartel_Bonarda_5,2026-06-01T14:00:00,10.31,45.35,751.5,-1.07
Cuartel_Bonarda_5,2026-06-01T15:00:00,9.15,51.2,751.5,-0.42
Cuartel_Bonarda_5,2026-06-01T16:00:00,7.3,63.36,751.8,0.85
Cuartel_Bonarda_5,2026-06-01T17:00:00,5.73,69.98,752.2,0.72
Cuartel_Bonarda_5,2026-06-01T18:00:00,4.73,73.66,752.5,0.46
Cuartel_Bonarda_5,2026-06-01T19:00:00,3.98,74.71,752.8,-0.08
Cuartel_Bonarda_5,2026-06-01T20:00:00,3.42,74.0,752.6,-0.75
Cuartel_Bonarda_5,2026-06-01T21:00:00,3.03,71.15,752.5,-1.65
Cuartel_Bonarda_5,2026-06-01T22:00:00,2.96,65.11,752.2,-2.92
Cuartel_Bonarda_5,2026-06-01T23:00:00,3.14,59.86,752.0,-3.88
Cuartel_Bonarda_5,2026-06-02T00:00:00,3.32,56.31,751.9,-4.54
Cuartel_Bonarda_5,2026-06-02T01:00:00,3.34,54.36,751.9,-5.0
Cuartel_Bonarda_5,2026-06-02T02:00:00,3.18,53.69,751.4,-5.32
Cuartel_Bonarda_5,2026-06-02T03:00:00,2.63,54.18,751.1,-5.71
Cuartel_Bonarda_5,2026-06-02T04:00:00,2.67,52.39,751.0,-6.13
Cuartel_Bonarda_5,2026-06-02T05:00:00,2.94,51.26,751.2,-6.17
Cuartel_Bonarda_5,2026-06-02T06:00:00,3.01,51.82,751.5,-5.96
Cuartel_Bonarda_5,2026-06-02T07:00:00,3.22,53.44,752.1,-5.35
Cuartel_Bonarda_5,2026-06-02T08:00:00,4.23,57.66,752.5,-3.36
Cuartel_Bonarda_5,2026-06-02T09:00:00,6.52,47.56,752.6,-3.88
Cuartel_Bonarda_5,2026-06-02T10:00:00,8.83,43.05,752.3,-3.14
Cuartel_Bonarda_5,2026-06-02T11:00:00,10.53,40.38,752.2,-2.49
Cuartel_Bonarda_5,2026-06-02T12:00:00,11.47,40.41,752.0,-1.63
Cuartel_Bonarda_5,2026-06-02T13:00:00,11.82,41.39,752.1,-0.97
Cuartel_Bonarda_5,2026-06-02T14:00:00,11.4,44.42,751.9,-0.36
Cuartel_Bonarda_5,2026-06-02T15:00:00,10.21,53.69,752.0,1.24
Cuartel_Bonarda_5,2026-06-02T16:00:00,8.36,63.11,752.0,1.8
Cuartel_Bonarda_5,2026-06-02T17:00:00,6.77,66.0,752.3,0.91
Cuartel_Bonarda_5,2026-06-02T18:00:00,5.91,67.48,752.7,0.39
Cuartel_Bonarda_5,2026-06-02T19:00:00,5.27,67.45,752.9,-0.22
Cuartel_Bonarda_5,2026-06-02T20:00:00,4.61,65.94,752.7,-1.17
Cuartel_Bonarda_5,2026-06-02T21:00:00,4.17,63.0,752.3,-2.21
Cuartel_Bonarda_5,2026-06-02T22:00:00,3.75,61.26,752.1,-2.99
Cuartel_Bonarda_5,2026-06-02T23:00:00,3.5,59.13,752.0,-3.71
Cuartel_Bonarda_5,2026-06-03T00:00:00,3.32,57.55,751.9,-4.25
Cuartel_Bonarda_5,2026-06-03T01:00:00,3.25,55.63,751.7,-4.77
Cuartel_Bonarda_5,2026-06-03T02:00:00,3.13,53.56,751.2,-5.4
Cuartel_Bonarda_5,2026-06-03T03:00:00,3.07,51.38,750.7,-6.02
Cuartel_Bonarda_5,2026-06-03T04:00:00,3.02,50.29,750.6,-6.35
Cuartel_Bonarda_5,2026-06-03T05:00:00,2.99,49.95,751.0,-6.47
Cuartel_Bonarda_5,2026-06-03T06:00:00,2.98,49.71,751.7,-6.55
Cuartel_Bonarda_5,2026-06-03T07:00:00,3.24,51.8,752.1,-5.75
Cuartel_Bonarda_5,2026-06-03T08:00:00,4.71,55.31,752.3,-3.48
Cuartel_Bonarda_5,2026-06-03T09:00:00,6.77,48.93,752.3,-3.26
Cuartel_Bonarda_5,2026-06-03T10:00:00,8.56,40.79,751.9,-4.12
Cuartel_Bonarda_5,2026-06-03T11:00:00,9.88,38.99,751.7,-3.55
Cuartel_Bonarda_5,2026-06-03T12:00:00,10.53,39.32,751.8,-2.85
Cuartel_Bonarda_5,2026-06-03T13:00:00,10.5,41.11,752.0,-2.26
Cuartel_Bonarda_5,2026-06-03T14:00:00,9.96,44.7,752.3,-1.59
Cuartel_Bonarda_5,2026-06-03T15:00:00,8.72,53.63,752.5,-0.16
Cuartel_Bonarda_5,2026-06-03T16:00:00,6.75,66.99,752.8,1.1
Cuartel_Bonarda_5,2026-06-03T17:00:00,5.34,73.35,753.2,0.99
Cuartel_Bonarda_5,2026-06-03T18:00:00,4.51,79.2,753.7,1.23
Cuartel_Bonarda_5,2026-06-03T19:00:00,3.98,83.58,754.1,1.44
Cuartel_Bonarda_5,2026-06-03T20:00:00,3.62,86.67,754.4,1.59
Cuartel_Bonarda_5,2026-06-03T21:00:00,3.45,87.87,754.4,1.61
Cuartel_Bonarda_5,2026-06-03T22:00:00,3.31,88.41,754.1,1.55
Cuartel_Bonarda_5,2026-06-03T23:00:00,3.32,87.06,753.7,1.35
Cuartel_Bonarda_5,2026-06-04T00:00:00,3.26,85.21,753.4,1.0
Cuartel_Bonarda_5,2026-06-04T01:00:00,3.05,85.2,753.3,0.79
Cuartel_Bonarda_5,2026-06-04T02:00:00,2.91,85.2,752.8,0.66
Cuartel_Bonarda_5,2026-06-04T03:00:00,2.92,83.48,752.2,0.39
Cuartel_Bonarda_5,2026-06-04T04:00:00,2.99,80.49,751.8,-0.03
Cuartel_Bonarda_5,2026-06-04T05:00:00,3.22,75.91,751.8,-0.6
Cuartel_Bonarda_5,2026-06-04T06:00:00,3.42,72.58,752.3,-1.01
Cuartel_Bonarda_5,2026-06-04T07:00:00,3.84,68.86,752.8,-1.31
Cuartel_Bonarda_5,2026-06-04T08:00:00,4.98,67.03,752.9,-0.59
Cuartel_Bonarda_5,2026-06-04T09:00:00,6.74,58.6,752.8,-0.77
Cuartel_Bonarda_5,2026-06-04T10:00:00,8.71,49.5,752.5,-1.3
Cuartel_Bonarda_5,2026-06-04T11:00:00,9.84,46.34,752.1,-1.19
Cuartel_Bonarda_5,2026-06-04T12:00:00,10.36,45.6,751.9,-0.94
Cuartel_Bonarda_5,2026-06-04T13:00:00,10.52,45.79,752.2,-0.74
Cuartel_Bonarda_5,2026-06-04T14:00:00,10.31,46.92,752.1,-0.59
Cuartel_Bonarda_5,2026-06-04T15:00:00,9.45,51.44,752.3,-0.07
Cuartel_Bonarda_5,2026-06-04T16:00:00,7.63,61.78,752.5,0.81
Cuartel_Bonarda_5,2026-06-04T17:00:00,5.74,68.96,753.0,0.53
Cuartel_Bonarda_5,2026-06-04T18:00:00,4.75,72.4,753.6,0.24
Cuartel_Bonarda_5,2026-06-04T19:00:00,4.54,71.23,754.0,-0.18
Cuartel_Bonarda_5,2026-06-04T20:00:00,4.48,68.81,754.1,-0.71
Cuartel_Bonarda_5,2026-06-04T21:00:00,4.41,66.09,753.7,-1.33
Cuartel_Bonarda_5,2026-06-04T22:00:00,4.12,64.49,753.4,-1.94
Cuartel_Bonarda_5,2026-06-04T23:00:00,3.67,63.67,753.2,-2.54
Cuartel_Bonarda_5,2026-06-05T00:00:00,3.33,62.27,753.3,-3.17
Cuartel_Bonarda_5,2026-06-05T01:00:00,3.27,59.41,753.2,-3.86
Cuartel_Bonarda_5,2026-06-05T02:00:00,3.26,56.16,752.9,-4.64
Cuartel_Bonarda_5,2026-06-05T03:00:00,3.17,53.34,752.5,-5.42
Cuartel_Bonarda_5,2026-06-05T04:00:00,3.14,50.62,752.5,-6.15
Cuartel_Bonarda_5,2026-06-05T05:00:00,3.41,47.06,752.9,-6.89
Cuartel_Bonarda_5,2026-06-05T06:00:00,3.38,45.36,753.8,-7.41
Cuartel_Bonarda_5,2026-06-05T07:00:00,3.46,45.44,754.3,-7.31
Cuartel_Bonarda_5,2026-06-05T08:00:00,4.53,51.88,754.4,-4.53
Cuartel_Bonarda_5,2026-06-05T09:00:00,6.48,42.69,754.4,-5.39
Cuartel_Bonarda_5,2026-06-05T10:00:00,8.06,40.08,754.1,-4.82
Cuartel_Bonarda_5,2026-06-05T11:00:00,9.14,39.41,753.5,-4.07
Cuartel_Bonarda_5,2026-06-05T12:00:00,9.47,41.88,753.2,-2.94
Cuartel_Bonarda_5,2026-06-05T13:00:00,9.33,45.56,753.1,-1.9
Cuartel_Bonarda_5,2026-06-05T14:00:00,8.88,50.45,753.1,-0.88
Cuartel_Bonarda_5,2026-06-05T15:00:00,7.81,59.02,753.0,0.34
Cuartel_Bonarda_5,2026-06-05T16:00:00,6.01,71.69,753.2,1.32
Cuartel_Bonarda_5,2026-06-05T17:00:00,4.55,78.12,753.6,1.08
Cuartel_Bonarda_5,2026-06-05T18:00:00,3.86,80.09,754.0,0.75
Cuartel_Bonarda_5,2026-06-05T19:00:00,3.41,80.82,753.9,0.43
Cuartel_Bonarda_5,2026-06-05T20:00:00,3.12,80.73,753.7,0.13
Cuartel_Bonarda_5,2026-06-05T21:00:00,3.0,79.65,753.4,-0.17
Cuartel_Bonarda_5,2026-06-05T22:00:00,2.94,78.19,753.0,-0.47
Cuartel_Bonarda_5,2026-06-05T23:00:00,2.73,77.4,752.8,-0.81
Cuartel_Bonarda_5,2026-06-06T00:00:00,2.54,75.81,752.5,-1.28
Cuartel_Bonarda_5,2026-06-06T01:00:00,2.49,73.23,752.1,-1.79
Cuartel_Bonarda_5,2026-06-06T02:00:00,2.51,71.43,751.5,-2.1
Cuartel_Bonarda_5,2026-06-06T03:00:00,2.13,72.16,750.9,-2.33
Cuartel_Bonarda_5,2026-06-06T04:00:00,1.92,71.84,750.6,-2.59
Cuartel_Bonarda_5,2026-06-06T05:00:00,1.75,71.18,750.7,-2.88
Cuartel_Bonarda_5,2026-06-06T06:00:00,1.64,70.39,751.2,-3.13
Cuartel_Bonarda_5,2026-06-06T07:00:00,1.67,71.67,751.6,-2.87
Cuartel_Bonarda_5,2026-06-06T08:00:00,2.87,69.49,751.7,-2.12
Cuartel_Bonarda_5,2026-06-06T09:00:00,4.8,59.68,751.8,-2.35
Cuartel_Bonarda_5,2026-06-06T10:00:00,6.18,56.62,751.6,-1.78
Cuartel_Bonarda_5,2026-06-06T11:00:00,7.38,53.04,751.2,-1.57
Cuartel_Bonarda_5,2026-06-06T12:00:00,8.11,51.44,750.8,-1.32
Cuartel_Bonarda_5,2026-06-06T13:00:00,8.32,51.46,750.6,-1.12
Cuartel_Bonarda_5,2026-06-06T14:00:00,7.73,54.47,750.4,-0.87
Cuartel_Bonarda_5,2026-06-06T15:00:00,6.49,60.17,750.4,-0.64
Cuartel_Bonarda_5,2026-06-06T16:00:00,4.85,71.89,750.7,0.24
Cuartel_Bonarda_5,2026-06-06T17:00:00,3.52,79.77,751.4,0.36
Cuartel_Bonarda_5,2026-06-06T18:00:00,2.77,82.91,752.1,0.15
Cuartel_Bonarda_5,2026-06-06T19:00:00,2.33,85.59,752.4,0.15
Cuartel_Bonarda_5,2026-06-06T20:00:00,2.0,87.47,752.5,0.12
Cuartel_Bonarda_5,2026-06-06T21:00:00,1.62,89.34,752.4,0.03
Cuartel_Bonarda_5,2026-06-06T22:00:00,1.22,91.56,752.2,-0.03
Cuartel_Bonarda_5,2026-06-06T23:00:00,0.91,92.7,752.1,-0.17
Cuartel_Bonarda_5,2026-06-07T00:00:00,0.74,92.35,752.1,-0.39
Cuartel_Bonarda_5,2026-06-07T01:00:00,0.55,91.34,752.0,-0.73
Cuartel_Bonarda_5,2026-06-07T02:00:00,0.25,91.37,751.6,-1.02
Cuartel_Bonarda_5,2026-06-07T03:00:00,-0.16,91.86,751.2,-1.35
Cuartel_Bonarda_5,2026-06-07T04:00:00,-0.58,93.23,751.1,-1.57
Cuartel_Bonarda_5,2026-06-07T05:00:00,-0.83,94.17,751.5,-1.68
Cuartel_Bonarda_5,2026-06-07T06:00:00,-0.82,93.75,752.1,-1.73
Cuartel_Bonarda_5,2026-06-07T07:00:00,-0.23,89.76,752.7,-1.73
Cuartel_Bonarda_5,2026-06-07T08:00:00,1.51,77.23,753.0,-2.03
Cuartel_Bonarda_5,2026-06-07T09:00:00,3.27,64.69,752.9,-2.71
Cuartel_Bonarda_5,2026-06-07T10:00:00,4.61,57.86,752.7,-2.96
Cuartel_Bonarda_5,2026-06-07T11:00:00,5.36,55.56,752.4,-2.81
Cuartel_Bonarda_5,2026-06-07T12:00:00,5.48,56.55,752.2,-2.46
Cuartel_Bonarda_5,2026-06-07T13:00:00,5.19,59.2,752.2,-2.1
Cuartel_Bonarda_5,2026-06-07T14:00:00,4.62,62.17,752.2,-1.96
Cuartel_Bonarda_5,2026-06-07T15:00:00,3.73,66.65,752.4,-1.86
Cuartel_Bonarda_5,2026-06-07T16:00:00,2.36,76.79,752.6,-1.28
Cuartel_Bonarda_5,2026-06-07T17:00:00,0.98,86.49,753.2,-1.04
Cuartel_Bonarda_5,2026-06-07T18:00:00,0.2,93.91,753.8,-0.69
Cuartel_Bonarda_5,2026-06-07T19:00:00,-0.27,98.49,754.1,-0.49
Cuartel_Bonarda_5,2026-06-07T20:00:00,-0.34,98.47,754.2,-0.56
Cuartel_Bonarda_5,2026-06-07T21:00:00,-0.33,96.54,754.0,-0.83
Cuartel_Bonarda_5,2026-06-07T22:00:00,-0.53,95.01,753.7,-1.25
Cuartel_Bonarda_5,2026-06-07T23:00:00,-0.77,94.14,753.3,-1.62
Cuartel_Bonarda_5,2026-06-08T00:00:00,-0.93,92.17,753.0,-2.07
Cuartel_Bonarda_5,2026-06-08T01:00:00,-1.2,91.83,752.7,-2.39
Cuartel_Bonarda_5,2026-06-08T02:00:00,-1.4,90.88,752.2,-2.72
Cuartel_Bonarda_5,2026-06-08T03:00:00,-1.44,88.25,751.8,-3.16
Cuartel_Bonarda_5,2026-06-08T04:00:00,-1.47,85.54,751.5,-3.6
Cuartel_Bonarda_5,2026-06-08T05:00:00,-1.4,82.87,751.8,-3.94
Cuartel_Bonarda_5,2026-06-08T06:00:00,-1.2,80.49,752.5,-4.13
Cuartel_Bonarda_5,2026-06-08T07:00:00,-0.62,77.6,753.1,-4.04
Cuartel_Bonarda_5,2026-06-08T08:00:00,0.76,69.44,753.5,-4.16
Cuartel_Bonarda_5,2026-06-08T09:00:00,3.13,56.71,753.4,-4.62
Cuartel_Bonarda_5,2026-06-08T10:00:00,5.43,47.55,752.8,-4.89
Cuartel_Bonarda_5,2026-06-08T11:00:00,6.88,43.7,752.1,-4.71
Cuartel_Bonarda_5,2026-06-08T12:00:00,7.61,42.23,751.6,-4.51
Cuartel_Bonarda_5,2026-06-08T13:00:00,7.85,42.11,751.5,-4.34
Cuartel_Bonarda_5,2026-06-08T14:00:00,7.54,43.58,751.4,-4.15
Cuartel_Bonarda_5,2026-06-08T15:00:00,6.39,50.79,751.3,-3.09
Cuartel_Bonarda_5,2026-06-08T16:00:00,4.26,62.51,751.2,-2.23
Cuartel_Bonarda_5,2026-06-08T17:00:00,2.42,65.93,751.4,-3.26
Cuartel_Bonarda_5,2026-06-08T18:00:00,1.49,68.36,751.6,-3.67
Cuartel_Bonarda_5,2026-06-08T19:00:00,1.07,69.02,751.8,-3.94
Cuartel_Bonarda_5,2026-06-08T20:00:00,0.85,68.82,751.7,-4.19
Cuartel_Bonarda_5,2026-06-08T21:00:00,0.61,68.67,751.3,-4.45
Cuartel_Bonarda_5,2026-06-08T22:00:00,0.47,68.38,750.8,-4.64
Cuartel_Bonarda_5,2026-06-08T23:00:00,0.58,66.66,750.3,-4.88
Cuartel_Bonarda_5,2026-06-09T00:00:00,0.94,64.36,749.9,-5.0
Cuartel_Bonarda_5,2026-06-09T01:00:00,1.2,61.87,749.5,-5.28
Cuartel_Bonarda_5,2026-06-09T02:00:00,1.15,61.32,748.9,-5.44
Cuartel_Bonarda_5,2026-06-09T03:00:00,1.29,61.38,748.4,-5.3
Cuartel_Bonarda_5,2026-06-09T04:00:00,1.66,60.97,748.2,-5.03
Cuartel_Bonarda_5,2026-06-09T05:00:00,1.97,59.83,748.5,-5.0
Cuartel_Bonarda_5,2026-06-09T06:00:00,1.58,61.39,749.0,-5.02
Cuartel_Bonarda_5,2026-06-09T07:00:00,1.52,62.73,749.3,-4.79
Cuartel_Bonarda_5,2026-06-09T08:00:00,2.58,61.72,749.1,-4.0
Cuartel_Bonarda_5,2026-06-09T09:00:00,4.01,55.63,748.9,-4.06
Cuartel_Bonarda_5,2026-06-09T10:00:00,5.38,49.06,748.7,-4.51
Cuartel_Bonarda_5,2026-06-09T11:00:00,6.6,46.04,748.3,-4.25
Cuartel_Bonarda_5,2026-06-09T12:00:00,7.46,44.54,747.8,-3.92
Cuartel_Bonarda_5,2026-06-09T13:00:00,7.79,43.98,747.5,-3.79
Cuartel_Bonarda_5,2026-06-09T14:00:00,7.35,46.02,747.5,-3.57
Cuartel_Bonarda_5,2026-06-09T15:00:00,6.13,51.84,747.7,-3.05
Cuartel_Bonarda_5,2026-06-09T16:00:00,4.03,66.04,747.9,-1.7
Cuartel_Bonarda_5,2026-06-09T17:00:00,2.11,69.45,747.9,-2.86
Cuartel_Bonarda_5,2026-06-09T18:00:00,1.15,69.91,748.1,-3.7
Cuartel_Bonarda_5,2026-06-09T19:00:00,0.66,68.33,748.2,-4.47
Cuartel_Bonarda_5,2026-06-09T20:00:00,0.47,65.85,748.1,-5.14
Cuartel_Bonarda_5,2026-06-09T21:00:00,0.63,63.38,747.8,-5.5
Cuartel_Bonarda_5,2026-06-09T22:00:00,0.89,61.25,747.3,-5.7
Cuartel_Bonarda_5,2026-06-09T23:00:00,0.81,61.02,747.0,-5.83
Cuartel_Bonarda_5,2026-06-10T00:00:00,0.62,60.71,746.6,-6.08
Cuartel_Bonarda_5,2026-06-10T01:00:00,0.34,60.43,746.6,-6.4
Cuartel_Bonarda_5,2026-06-10T02:00:00,0.23,58.97,746.3,-6.83
Cuartel_Bonarda_5,2026-06-10T03:00:00,0.29,57.16,746.1,-7.19
Cuartel_Bonarda_5,2026-06-10T04:00:00,0.19,57.18,745.9,-7.28
Cuartel_Bonarda_5,2026-06-10T05:00:00,0.11,56.94,746.1,-7.41
Cuartel_Bonarda_5,2026-06-10T06:00:00,0.01,56.82,746.7,-7.53
Cuartel_Bonarda_5,2026-06-10T07:00:00,0.09,59.45,747.3,-6.86
Cuartel_Bonarda_5,2026-06-10T08:00:00,0.33,66.5,747.8,-5.15
Cuartel_Bonarda_5,2026-06-10T09:00:00,0.7,71.66,748.1,-3.8
Cuartel_Bonarda_5,2026-06-10T10:00:00,1.63,61.24,747.8,-5.0
Cuartel_Bonarda_5,2026-06-10T11:00:00,2.63,55.39,747.6,-5.41
Cuartel_Bonarda_5,2026-06-10T12:00:00,3.49,52.08,747.1,-5.44
Cuartel_Bonarda_5,2026-06-10T13:00:00,3.53,52.55,747.3,-5.28
Cuartel_Bonarda_5,2026-06-10T14:00:00,2.87,56.37,747.6,-4.95
Cuartel_Bonarda_5,2026-06-10T15:00:00,1.98,60.93,747.9,-4.74
Cuartel_Bonarda_5,2026-06-10T16:00:00,0.45,68.05,748.2,-4.73
Cuartel_Bonarda_5,2026-06-10T17:00:00,-1.14,76.25,748.8,-4.77
Cuartel_Bonarda_5,2026-06-10T18:00:00,-1.63,77.0,749.3,-5.12
Cuartel_Bonarda_5,2026-06-10T19:00:00,-2.11,77.63,749.8,-5.48
Cuartel_Bonarda_5,2026-06-10T20:00:00,-2.85,78.15,750.2,-6.12
Cuartel_Bonarda_5,2026-06-10T21:00:00,-3.49,76.47,750.5,-7.02
Cuartel_Bonarda_5,2026-06-10T22:00:00,-3.91,73.26,750.7,-7.97
Cuartel_Bonarda_5,2026-06-10T23:00:00,-4.13,69.08,750.8,-8.93
Cuartel_Bonarda_5,2026-06-11T00:00:00,-4.06,63.43,750.9,-9.95
Cuartel_Bonarda_5,2026-06-11T01:00:00,-3.86,58.01,750.9,-10.9
Cuartel_Bonarda_5,2026-06-11T02:00:00,-3.85,53.86,750.6,-11.85
Cuartel_Bonarda_5,2026-06-11T03:00:00,-4.12,51.19,750.2,-12.75
Cuartel_Bonarda_5,2026-06-11T04:00:00,-4.47,48.7,749.8,-13.7
Cuartel_Bonarda_5,2026-06-11T05:00:00,-4.83,46.96,749.6,-14.49
Cuartel_Bonarda_5,2026-06-11T06:00:00,-4.75,43.44,749.9,-15.4
Cuartel_Bonarda_5,2026-06-11T07:00:00,-3.83,41.82,750.3,-15.03
Cuartel_Bonarda_5,2026-06-11T08:00:00,-1.49,52.85,750.4,-9.89
Cuartel_Bonarda_5,2026-06-11T09:00:00,2.0,37.7,750.1,-11.07
Cuartel_Bonarda_5,2026-06-11T10:00:00,4.42,31.31,749.5,-11.26
Cuartel_Bonarda_5,2026-06-11T11:00:00,5.98,32.17,748.7,-9.55
Cuartel_Bonarda_5,2026-06-11T12:00:00,6.6,33.26,748.3,-8.58
Cuartel_Bonarda_5,2026-06-11T13:00:00,6.62,35.16,747.9,-7.84
Cuartel_Bonarda_5,2026-06-11T14:00:00,6.11,38.44,747.7,-7.13
Cuartel_Bonarda_5,2026-06-11T15:00:00,4.77,46.23,747.5,-5.88
Cuartel_Bonarda_5,2026-06-11T16:00:00,2.36,59.94,747.6,-4.6
Cuartel_Bonarda_5,2026-06-11T17:00:00,0.63,62.07,747.8,-5.77
Cuartel_Bonarda_5,2026-06-11T18:00:00,-0.08,60.88,747.9,-6.7
Cuartel_Bonarda_5,2026-06-11T19:00:00,-0.4,59.07,747.9,-7.4
Cuartel_Bonarda_5,2026-06-11T20:00:00,-0.53,56.43,747.9,-8.13
Cuartel_Bonarda_5,2026-06-11T21:00:00,-0.6,52.42,747.8,-9.17
Cuartel_Bonarda_5,2026-06-11T22:00:00,-0.65,48.48,747.4,-10.24
Cuartel_Bonarda_5,2026-06-11T23:00:00,-0.64,45.29,746.7,-11.11
Cuartel_Bonarda_5,2026-06-12T00:00:00,-0.57,42.94,746.1,-11.73
Cuartel_Bonarda_5,2026-06-12T01:00:00,-0.67,42.86,745.7,-11.84
Cuartel_Bonarda_5,2026-06-12T02:00:00,-0.72,42.19,745.4,-12.09
Cuartel_Bonarda_5,2026-06-12T03:00:00,-0.86,42.03,744.9,-12.27
Cuartel_Bonarda_5,2026-06-12T04:00:00,-1.03,42.4,744.7,-12.31
Cuartel_Bonarda_5,2026-06-12T05:00:00,-1.12,42.5,744.8,-12.36
Cuartel_Bonarda_5,2026-06-12T06:00:00,-1.21,42.63,745.2,-12.4
Cuartel_Bonarda_5,2026-06-12T07:00:00,-0.6,44.26,745.7,-11.37
Cuartel_Bonarda_5,2026-06-12T08:00:00,1.96,46.97,746.3,-8.25
Cuartel_Bonarda_5,2026-06-12T09:00:00,4.75,50.01,746.7,-4.83
Cuartel_Bonarda_5,2026-06-12T10:00:00,6.98,41.19,746.8,-5.42
Cuartel_Bonarda_5,2026-06-12T11:00:00,8.39,37.93,746.5,-5.26
Cuartel_Bonarda_5,2026-06-12T12:00:00,9.29,37.62,746.2,-4.57
Cuartel_Bonarda_5,2026-06-12T13:00:00,9.59,38.37,746.2,-4.03
Cuartel_Bonarda_5,2026-06-12T14:00:00,9.15,42.01,746.6,-3.19
Cuartel_Bonarda_5,2026-06-12T15:00:00,7.69,54.71,747.0,-0.84
Cuartel_Bonarda_5,2026-06-12T16:00:00,5.1,64.22,747.4,-1.06
Cuartel_Bonarda_5,2026-06-12T17:00:00,2.83,67.08,747.7,-2.64
Cuartel_Bonarda_5,2026-06-12T18:00:00,1.83,67.26,748.1,-3.56
Cuartel_Bonarda_5,2026-06-12T19:00:00,1.47,65.7,748.3,-4.22
Cuartel_Bonarda_5,2026-06-12T20:00:00,1.34,63.68,748.7,-4.76
Cuartel_Bonarda_5,2026-06-12T21:00:00,1.29,61.42,748.9,-5.29
Cuartel_Bonarda_5,2026-06-12T22:00:00,1.32,59.34,749.1,-5.72
Cuartel_Bonarda_5,2026-06-12T23:00:00,1.2,58.05,748.9,-6.13
Cuartel_Bonarda_5,2026-06-13T00:00:00,1.01,57.2,748.8,-6.5
Cuartel_Bonarda_5,2026-06-13T01:00:00,1.04,54.53,748.8,-7.11
Cuartel_Bonarda_5,2026-06-13T02:00:00,0.69,54.24,748.8,-7.51
Cuartel_Bonarda_5,2026-06-13T03:00:00,0.37,54.55,748.7,-7.73
Cuartel_Bonarda_5,2026-06-13T04:00:00,-0.04,55.64,748.9,-7.86
Cuartel_Bonarda_5,2026-06-13T05:00:00,-0.4,57.35,749.3,-7.79
Cuartel_Bonarda_5,2026-06-13T06:00:00,-0.9,60.24,749.9,-7.62
Cuartel_Bonarda_5,2026-06-13T07:00:00,-0.73,62.99,750.4,-6.87
Cuartel_Bonarda_5,2026-06-13T08:00:00,1.2,64.52,751.0,-4.72
Cuartel_Bonarda_5,2026-06-13T09:00:00,3.23,55.05,751.2,-4.93
Cuartel_Bonarda_5,2026-06-13T10:00:00,5.19,48.65,751.1,-4.8
Cuartel_Bonarda_5,2026-06-13T11:00:00,6.45,45.8,750.6,-4.46
Cuartel_Bonarda_5,2026-06-13T12:00:00,6.56,47.53,750.3,-3.85
Cuartel_Bonarda_5,2026-06-13T13:00:00,6.08,50.42,750.4,-3.48
Cuartel_Bonarda_5,2026-06-13T14:00:00,5.25,53.44,750.8,-3.45
Cuartel_Bonarda_5,2026-06-13T15:00:00,3.9,57.72,751.3,-3.66
Cuartel_Bonarda_5,2026-06-13T16:00:00,1.85,67.85,751.8,-3.42
Cuartel_Bonarda_5,2026-06-13T17:00:00,0.01,75.58,752.5,-3.77
Cuartel_Bonarda_5,2026-06-13T18:00:00,-0.84,78.35,752.7,-4.13
Cuartel_Bonarda_5,2026-06-13T19:00:00,-1.25,78.89,752.8,-4.44
Cuartel_Bonarda_5,2026-06-13T20:00:00,-1.32,76.94,752.9,-4.83
Cuartel_Bonarda_5,2026-06-13T21:00:00,-1.26,73.25,752.6,-5.41
Cuartel_Bonarda_5,2026-06-13T22:00:00,-1.23,70.88,752.6,-5.81
Cuartel_Bonarda_5,2026-06-13T23:00:00,-1.29,69.69,752.6,-6.09
Cuartel_Bonarda_5,2026-06-14T00:00:00,-1.37,68.15,752.3,-6.45
Cuartel_Bonarda_5,2026-06-14T01:00:00,-1.37,65.92,752.2,-6.89
Cuartel_Bonarda_5,2026-06-14T02:00:00,-1.49,64.33,751.9,-7.32
Cuartel_Bonarda_5,2026-06-14T03:00:00,-1.65,63.13,751.6,-7.72
Cuartel_Bonarda_5,2026-06-14T04:00:00,-1.73,61.72,751.4,-8.09
Cuartel_Bonarda_5,2026-06-14T05:00:00,-1.66,59.58,751.7,-8.48
Cuartel_Bonarda_5,2026-06-14T06:00:00,-1.58,57.43,752.3,-8.89
Cuartel_Bonarda_5,2026-06-14T07:00:00,-0.99,55.77,752.5,-8.72
Cuartel_Bonarda_5,2026-06-14T08:00:00,0.95,59.77,752.8,-5.97
Cuartel_Bonarda_5,2026-06-14T09:00:00,4.0,50.35,753.1,-5.43
Cuartel_Bonarda_5,2026-06-14T10:00:00,6.11,37.96,753.2,-7.3
Cuartel_Bonarda_5,2026-06-14T11:00:00,7.68,33.14,752.8,-7.67
Cuartel_Bonarda_5,2026-06-14T12:00:00,8.84,29.55,752.3,-8.13
Cuartel_Bonarda_5,2026-06-14T13:00:00,9.12,29.61,752.0,-7.86
Cuartel_Bonarda_5,2026-06-14T14:00:00,8.57,32.03,752.1,-7.33
Cuartel_Bonarda_5,2026-06-14T15:00:00,7.19,39.7,752.1,-5.73
Cuartel_Bonarda_5,2026-06-14T16:00:00,4.42,59.18,752.3,-2.83
Cuartel_Bonarda_5,2026-06-14T17:00:00,2.39,59.71,752.6,-4.63
Cuartel_Bonarda_5,2026-06-14T18:00:00,1.4,60.01,752.9,-5.49
Cuartel_Bonarda_5,2026-06-14T19:00:00,0.94,58.36,753.0,-6.3
Cuartel_Bonarda_5,2026-06-14T20:00:00,0.73,56.64,753.1,-6.9
Cuartel_Bonarda_5,2026-06-14T21:00:00,0.69,54.54,753.0,-7.44
Cuartel_Bonarda_5,2026-06-14T22:00:00,0.83,52.5,753.0,-7.81
Cuartel_Bonarda_5,2026-06-14T23:00:00,0.94,51.16,752.8,-8.05
Cuartel_Bonarda_5,2026-06-15T00:00:00,1.01,49.43,752.8,-8.44
Cuartel_Bonarda_5,2026-06-15T01:00:00,1.16,46.72,752.8,-9.05
Cuartel_Bonarda_5,2026-06-15T02:00:00,1.28,44.32,752.5,-9.63
Cuartel_Bonarda_5,2026-06-15T03:00:00,1.22,42.51,752.2,-10.23
Cuartel_Bonarda_5,2026-06-15T04:00:00,1.08,40.93,752.2,-10.85
Cuartel_Bonarda_5,2026-06-15T05:00:00,0.98,39.23,752.7,-11.48
Cuartel_Bonarda_5,2026-06-15T06:00:00,1.2,36.65,753.2,-12.14
Cuartel_Bonarda_5,2026-06-15T07:00:00,1.67,36.5,753.6,-11.77
Cuartel_Bonarda_5,2026-06-15T08:00:00,3.46,42.8,753.9,-8.11
Cuartel_Bonarda_5,2026-06-15T09:00:00,6.61,43.02,754.0,-5.17
Cuartel_Bonarda_5,2026-06-15T10:00:00,9.15,28.48,754.0,-8.32
Cuartel_Bonarda_5,2026-06-15T11:00:00,10.86,27.62,753.9,-7.23
Cuartel_Bonarda_5,2026-06-15T12:00:00,11.31,29.42,753.7,-6.03
Cuartel_Bonarda_5,2026-06-15T13:00:00,11.18,31.22,753.8,-5.37
Cuartel_Bonarda_5,2026-06-15T14:00:00,10.5,34.57,753.9,-4.62
Cuartel_Bonarda_5,2026-06-15T15:00:00,8.81,48.29,753.8,-1.56
Cuartel_Bonarda_5,2026-06-15T16:00:00,6.52,55.6,753.8,-1.72
Cuartel_Bonarda_5,2026-06-15T17:00:00,5.05,52.76,753.9,-3.82
Cuartel_Bonarda_5,2026-06-15T18:00:00,4.01,54.1,754.2,-4.44
Cuartel_Bonarda_5,2026-06-15T19:00:00,3.47,52.2,754.5,-5.43
Cuartel_Bonarda_5,2026-06-15T20:00:00,3.42,47.89,754.2,-6.64
Cuartel_Bonarda_5,2026-06-15T21:00:00,3.49,43.79,753.9,-7.78
Cuartel_Bonarda_5,2026-06-15T22:00:00,3.45,41.57,753.5,-8.5
Cuartel_Bonarda_5,2026-06-15T23:00:00,3.4,40.17,753.5,-8.99
Cuartel_Bonarda_5,2026-06-16T00:00:00,3.4,39.23,753.4,-9.3
Cuartel_Bonarda_5,2026-06-16T01:00:00,3.53,37.95,753.3,-9.61
Cuartel_Bonarda_5,2026-06-16T02:00:00,3.95,36.07,752.8,-9.89
Cuartel_Bonarda_5,2026-06-16T03:00:00,4.09,35.4,752.3,-10.0
Cuartel_Bonarda_5,2026-06-16T04:00:00,3.99,33.87,752.3,-10.65
Cuartel_Bonarda_5,2026-06-16T05:00:00,3.5,34.92,752.6,-10.7
Cuartel_Bonarda_5,2026-06-16T06:00:00,3.8,33.61,753.0,-10.92
Cuartel_Bonarda_5,2026-06-16T07:00:00,4.34,33.4,753.6,-10.52
Cuartel_Bonarda_5,2026-06-16T08:00:00,5.64,36.61,754.1,-8.19
Cuartel_Bonarda_5,2026-06-16T09:00:00,7.59,44.63,754.2,-3.77
Cuartel_Bonarda_5,2026-06-16T10:00:00,10.31,28.75,753.9,-7.2
Cuartel_Bonarda_5,2026-06-16T11:00:00,11.44,27.45,753.4,-6.81
Cuartel_Bonarda_5,2026-06-16T12:00:00,11.19,31.25,752.9,-5.35
Cuartel_Bonarda_5,2026-06-16T13:00:00,10.29,35.76,752.6,-4.35
Cuartel_Bonarda_5,2026-06-16T14:00:00,10.02,37.59,752.6,-3.92
Cuartel_Bonarda_5,2026-06-16T15:00:00,9.23,46.17,753.0,-1.8
Cuartel_Bonarda_5,2026-06-16T16:00:00,7.26,51.87,753.4,-1.99
Cuartel_Bonarda_5,2026-06-16T17:00:00,5.99,50.07,754.0,-3.66
Cuartel_Bonarda_5,2026-06-16T18:00:00,5.29,50.4,754.0,-4.22
Cuartel_Bonarda_5,2026-06-16T19:00:00,5.17,49.46,754.2,-4.59
Cuartel_Bonarda_5,2026-06-16T20:00:00,6.02,44.83,754.2,-5.15
Cuartel_Bonarda_5,2026-06-16T21:00:00,6.52,42.05,754.0,-5.56
Cuartel_Bonarda_5,2026-06-16T22:00:00,6.0,44.48,753.9,-5.27
Cuartel_Bonarda_5,2026-06-16T23:00:00,5.06,49.26,753.7,-4.75
Cuartel_Bonarda_5,2026-06-17T00:00:00,4.33,52.85,753.6,-4.46
Cuartel_Bonarda_5,2026-06-17T01:00:00,4.04,54.4,753.9,-4.34
Cuartel_Bonarda_5,2026-06-17T02:00:00,3.34,58.54,753.7,-4.0
Cuartel_Bonarda_5,2026-06-17T03:00:00,3.03,61.71,753.4,-3.57
Cuartel_Bonarda_5,2026-06-17T04:00:00,2.92,64.85,752.6,-3.01
Cuartel_Bonarda_5,2026-06-17T05:00:00,3.37,61.71,752.3,-3.25
Cuartel_Bonarda_5,2026-06-17T06:00:00,3.38,59.67,752.5,-3.7
Cuartel_Bonarda_5,2026-06-17T07:00:00,3.25,60.53,752.5,-3.63
Cuartel_Bonarda_5,2026-06-17T08:00:00,4.41,62.08,752.1,-2.18
Cuartel_Bonarda_5,2026-06-17T09:00:00,6.61,52.15,751.8,-2.52
Cuartel_Bonarda_5,2026-06-17T10:00:00,8.85,45.65,750.9,-2.31
Cuartel_Bonarda_5,2026-06-17T11:00:00,10.2,41.74,750.1,-2.33
Cuartel_Bonarda_5,2026-06-17T12:00:00,10.5,42.57,749.4,-1.78
Cuartel_Bonarda_5,2026-06-17T13:00:00,9.79,46.38,748.6,-1.23
Cuartel_Bonarda_5,2026-06-17T14:00:00,8.96,50.82,748.6,-0.7
Cuartel_Bonarda_5,2026-06-17T15:00:00,7.68,61.56,748.2,0.8
Cuartel_Bonarda_5,2026-06-17T16:00:00,5.74,67.74,748.2,0.29
Cuartel_Bonarda_5,2026-06-17T17:00:00,4.11,70.66,748.3,-0.7
Cuartel_Bonarda_5,2026-06-17T18:00:00,3.1,73.36,748.1,-1.17
Cuartel_Bonarda_5,2026-06-17T19:00:00,2.69,75.04,748.1,-1.27
Cuartel_Bonarda_5,2026-06-17T20:00:00,2.83,73.96,747.9,-1.33
Cuartel_Bonarda_5,2026-06-17T21:00:00,2.83,72.62,747.3,-1.57
Cuartel_Bonarda_5,2026-06-17T22:00:00,2.91,71.1,747.2,-1.78
Cuartel_Bonarda_5,2026-06-17T23:00:00,2.26,73.07,746.6,-2.04
Cuartel_Bonarda_5,2026-06-18T00:00:00,1.67,72.93,746.6,-2.63
Cuartel_Bonarda_5,2026-06-18T01:00:00,1.23,72.57,746.4,-3.13
Cuartel_Bonarda_5,2026-06-18T02:00:00,0.56,75.4,746.3,-3.27
Cuartel_Bonarda_5,2026-06-18T03:00:00,-0.15,77.95,746.5,-3.52
Cuartel_Bonarda_5,2026-06-18T04:00:00,-0.5,77.62,746.9,-3.92
Cuartel_Bonarda_5,2026-06-18T05:00:00,-0.61,75.3,747.4,-4.42
Cuartel_Bonarda_5,2026-06-18T06:00:00,-0.69,71.74,748.3,-5.13
Cuartel_Bonarda_5,2026-06-18T07:00:00,0.02,66.34,748.8,-5.47
Cuartel_Bonarda_5,2026-06-18T08:00:00,2.16,62.78,749.2,-4.17
Cuartel_Bonarda_5,2026-06-18T09:00:00,4.32,51.63,750.1,-4.79
Cuartel_Bonarda_5,2026-06-18T10:00:00,5.33,48.16,750.9,-4.8
Cuartel_Bonarda_5,2026-06-18T11:00:00,5.42,48.54,751.0,-4.62
Cuartel_Bonarda_5,2026-06-18T12:00:00,5.14,49.61,750.6,-4.58
Cuartel_Bonarda_5,2026-06-18T13:00:00,5.2,49.53,750.6,-4.54
Cuartel_Bonarda_5,2026-06-18T14:00:00,5.28,48.18,750.6,-4.85
Cuartel_Bonarda_5,2026-06-18T15:00:00,4.71,49.85,750.6,-4.91
Cuartel_Bonarda_5,2026-06-18T16:00:00,3.17,61.22,751.0,-3.55
Cuartel_Bonarda_5,2026-06-18T17:00:00,1.74,63.85,751.6,-4.34
Cuartel_Bonarda_5,2026-06-18T18:00:00,0.48,67.69,752.2,-4.77
Cuartel_Bonarda_5,2026-06-18T19:00:00,-0.47,70.65,752.6,-5.12
Cuartel_Bonarda_5,2026-06-18T20:00:00,-0.91,69.91,753.1,-5.68
Cuartel_Bonarda_5,2026-06-18T21:00:00,-1.08,68.13,753.4,-6.18
Cuartel_Bonarda_5,2026-06-18T22:00:00,-1.36,68.44,753.7,-6.39
Cuartel_Bonarda_5,2026-06-18T23:00:00,-1.68,68.94,753.9,-6.6
